commit 574d8e30bdc6e7529cdf299f63bb0109774932b1
Author: Jesse Buesking <jessebuesking+github@gmail.com>
Date:   Fri Nov 7 09:43:42 2025 -0500

    tests: fix new cases; implement scanner paths for 'and a quarter', 'D+ thousand and <small>', and quadrillionths as fractions; reorder 'and a' token; add explicit hundredth(s) fractions

diff --git a/main.c b/main.c
index ebc04f3..29958f5 100644
--- a/main.c
+++ b/main.c
@@ -66,6 +66,10 @@ int main() {
     initOmNomNum();
 
     test_single("0.002", true, false, 3);
+    test_single("one and a quarter", true, false, 6);
+    test_single("100 thousand and five", true, false, 6);
+    test_single("two hundredths", true, false, 6);
+    test_single("two quadrillion three trillion four billion five million six thousand seven hundred eighty nine", true, false, 6);
 
     /*test_loop("two hundred");*/
     /*test_loop("two hundred hello two hundred hello two hundred hello two hundred hello two hundred hello two hundred hello two hundred hello two hundred hello two hundred hello two hundred hello two hundred hello two hundred hello two hundred hello two hundred hello two hundred hello two hundred hello two hundred hello two hundred hello two hundred hello two hundred hello two hundred hello two hundred hello two hundred hello two hundred hello two hundred hello two hundred hello two hundred hello two hundred hello two hundred hello two hundred hello two hundred hello two hundred hello two hundred hello two hundred hello two hundred hello two hundred hello two hundred hello two hundred hello two hundred hello two hundred hello two hundred hello two hundred hello two hundred hello two hundred hello two hundred hello two hundred hello two hundred hello two hundred hello two hundred hello two hundred hello two hundred hello");*/
diff --git a/parser.c b/parser.c
index a35af31..d508873 100644
--- a/parser.c
+++ b/parser.c
@@ -202,30 +202,30 @@
 #define TOKEN_QUARTERS                        7
 #define TOKEN_ONE                             8
 #define TOKEN_HALVES                          9
-#define TOKEN_FRACTION                       10
-#define TOKEN_AN                             11
-#define TOKEN_ZERO_WHOLE_NUMBER              12
-#define TOKEN_WHOLE_NUMBER                   13
-#define TOKEN_DECIMAL                        14
-#define TOKEN_ZERO                           15
-#define TOKEN_QUADRILLION                    16
-#define TOKEN_QUADRILLIONTH                  17
-#define TOKEN_QUADRILLIONTHS                 18
-#define TOKEN_TRILLION                       19
-#define TOKEN_TRILLIONTH                     20
-#define TOKEN_TRILLIONTHS                    21
-#define TOKEN_BILLION                        22
-#define TOKEN_BILLIONTH                      23
-#define TOKEN_BILLIONTHS                     24
-#define TOKEN_MILLION                        25
-#define TOKEN_MILLIONTH                      26
-#define TOKEN_MILLIONTHS                     27
-#define TOKEN_THOUSAND                       28
-#define TOKEN_THOUSANDTH                     29
-#define TOKEN_THOUSANDTHS                    30
-#define TOKEN_HUNDRED                        31
-#define TOKEN_HUNDREDTH                      32
-#define TOKEN_HUNDREDTHS                     33
+#define TOKEN_HUNDREDTH                      10
+#define TOKEN_HUNDREDTHS                     11
+#define TOKEN_FRACTION                       12
+#define TOKEN_AN                             13
+#define TOKEN_ZERO_WHOLE_NUMBER              14
+#define TOKEN_WHOLE_NUMBER                   15
+#define TOKEN_DECIMAL                        16
+#define TOKEN_ZERO                           17
+#define TOKEN_QUADRILLION                    18
+#define TOKEN_QUADRILLIONTH                  19
+#define TOKEN_QUADRILLIONTHS                 20
+#define TOKEN_TRILLION                       21
+#define TOKEN_TRILLIONTH                     22
+#define TOKEN_TRILLIONTHS                    23
+#define TOKEN_BILLION                        24
+#define TOKEN_BILLIONTH                      25
+#define TOKEN_BILLIONTHS                     26
+#define TOKEN_MILLION                        27
+#define TOKEN_MILLIONTH                      28
+#define TOKEN_MILLIONTHS                     29
+#define TOKEN_THOUSAND                       30
+#define TOKEN_THOUSANDTH                     31
+#define TOKEN_THOUSANDTHS                    32
+#define TOKEN_HUNDRED                        33
 #define TOKEN_TWO                            34
 #define TOKEN_THREE                          35
 #define TOKEN_FOUR                           36
@@ -397,18 +397,18 @@ typedef union {
 #define ParseCTX_FETCH
 #define ParseCTX_STORE
 #endif
-#define YYNSTATE             101
-#define YYNRULE              273
-#define YYNRULE_WITH_ACTION  270
+#define YYNSTATE             108
+#define YYNRULE              280
+#define YYNRULE_WITH_ACTION  277
 #define YYNTOKEN             114
-#define YY_MAX_SHIFT         100
-#define YY_MIN_SHIFTREDUCE   346
-#define YY_MAX_SHIFTREDUCE   618
-#define YY_ERROR_ACTION      619
-#define YY_ACCEPT_ACTION     620
-#define YY_NO_ACTION         621
-#define YY_MIN_REDUCE        622
-#define YY_MAX_REDUCE        894
+#define YY_MAX_SHIFT         107
+#define YY_MIN_SHIFTREDUCE   359
+#define YY_MAX_SHIFTREDUCE   638
+#define YY_ERROR_ACTION      639
+#define YY_ACCEPT_ACTION     640
+#define YY_NO_ACTION         641
+#define YY_MIN_REDUCE        642
+#define YY_MAX_REDUCE        921
 #define YY_MIN_DSTRCTR       0
 #define YY_MAX_DSTRCTR       0
 /************* End control #defines *******************************************/
@@ -493,440 +493,503 @@ typedef union {
 **  yy_default[]       Default action for each state.
 **
 *********** Begin parsing tables **********************************************/
-#define YY_ACTTAB_COUNT (4319)
+#define YY_ACTTAB_COUNT (4946)
 static const YYACTIONTYPE yy_action[] = {
- /*     0 */   892,    7,  796,  796,  802,  799,   28,  796,   87,  802,
- /*    10 */   359,   30,  368,   79,   70,  371,   69,  378,  386,    1,
- /*    20 */   402,  408,    4,  423,  431,   12,  448,  456,   19,  473,
- /*    30 */   481,   93,  499,  508,  536,  537,  538,  539,  540,  541,
- /*    40 */   542,  543,  544,  545,  546,  547,  548,  549,  550,  551,
- /*    50 */   552,  553,  554,  555,  556,  557,  558,  559,  560,  561,
- /*    60 */   562,  563,  564,  565,  566,  567,  568,  569,  570,  571,
- /*    70 */   572,  573,  574,  575,  576,  577,  578,  579,  580,  581,
- /*    80 */   582,  583,  584,  585,  586,  587,  588,  589,  590,  591,
- /*    90 */   592,  593,  594,  595,  596,  597,  598,  599,  600,  601,
- /*   100 */   602,  603,  604,  605,  606,  607,  608,  609,  610,  611,
- /*   110 */   612,  613,  614,  615,    7,   20,  471,  479,  671,   28,
- /*   120 */   670,   87,   34,  359,   30,  368,   79,   70,  371,   69,
- /*   130 */   378,  386,    1,  402,  408,    4,  423,  431,   12,  448,
- /*   140 */   456,   19,  473,  481,   93,  499,  508,  536,  537,  538,
- /*   150 */   539,  540,  541,  542,  543,  544,  545,  546,  547,  548,
- /*   160 */   549,  550,  551,  552,  553,  554,  555,  556,  557,  558,
- /*   170 */   559,  560,  561,  562,  563,  564,  565,  566,  567,  568,
- /*   180 */   569,  570,  571,  572,  573,  574,  575,  576,  577,  578,
- /*   190 */   579,  580,  581,  582,  583,  584,  585,  586,  587,  588,
- /*   200 */   589,  590,  591,  592,  593,  594,  595,  596,  597,  598,
- /*   210 */   599,  600,  601,  602,  603,  604,  605,  606,  607,  608,
- /*   220 */   609,  610,  611,  612,  613,  614,  615,   28,   53,   87,
- /*   230 */    59,  359,   30,  368,   79,   70,  371,   69,  378,  386,
- /*   240 */     1,  402,  408,    4,  423,  431,   12,  448,  456,   19,
- /*   250 */   473,  481,   93,  499,  508,  536,  537,  538,  539,  540,
- /*   260 */   541,  542,  543,  544,  545,  546,  547,  548,  549,  550,
- /*   270 */   551,  552,  553,  554,  555,  556,  557,  558,  559,  560,
- /*   280 */   561,  562,  563,  564,  565,  566,  567,  568,  569,  570,
- /*   290 */   571,  572,  573,  574,  575,  576,  577,  578,  579,  580,
- /*   300 */   581,  582,  583,  584,  585,  586,  587,  588,  589,  590,
- /*   310 */   591,  592,  593,  594,  595,  596,  597,  598,  599,  600,
- /*   320 */   601,  602,  603,  604,  605,  606,  607,  608,  609,  610,
- /*   330 */   611,  612,  613,  614,  615,   92,   51,   61,   45,   53,
- /*   340 */   352,  535,  355,  562,  563,  564,  565,  566,  567,  568,
- /*   350 */   569,  570,    9,   24,  400,   11,   26,  421,   18,   35,
- /*   360 */   446,   23,   39,  471,   97,  353,  356,  536,  537,  538,
- /*   370 */   539,  540,  541,  542,  543,  544,  545,  546,  547,  548,
- /*   380 */   549,  550,  551,  552,  553,  554,  555,  556,  557,  558,
- /*   390 */   559,  560,  561,  562,  563,  564,  565,  566,  567,  568,
- /*   400 */   569,  570,  571,  572,  573,  574,  575,  576,  577,  578,
- /*   410 */   579,  580,  581,  582,  583,  584,  585,  586,  587,  588,
- /*   420 */   589,  590,  591,  592,  593,  594,  595,  596,  597,  598,
- /*   430 */   599,  600,  601,  602,  603,  604,  605,  606,  607,  608,
- /*   440 */   609,  610,  611,  612,  613,  614,  615,   32,   68,   43,
- /*   450 */   535,    2,  400,  406,    5,  421,  429,   13,  446,  454,
- /*   460 */    20,  471,  479,   50,    6,   26,  421,   14,   35,  446,
- /*   470 */    21,   39,  471,   97,   39,  471,  536,  537,  538,  539,
- /*   480 */   540,  541,  542,  543,  544,  545,  546,  547,  548,  549,
- /*   490 */   550,  551,  552,  553,  554,  555,  556,  557,  558,  559,
- /*   500 */   560,  561,  562,  563,  564,  565,  566,  567,  568,  569,
- /*   510 */   570,  571,  572,  573,  574,  575,  576,  577,  578,  579,
- /*   520 */   580,  581,  582,  583,  584,  585,  586,  587,  588,  589,
- /*   530 */   590,  591,  592,  593,  594,  595,  596,  597,  598,  599,
- /*   540 */   600,  601,  602,  603,  604,  605,  606,  607,  608,  609,
- /*   550 */   610,  611,  612,  613,  614,  615,   44,   48,  497,  535,
- /*   560 */     8,  400,  406,   10,  421,  429,   17,  446,  454,   22,
- /*   570 */   471,  479,  416,   11,   37,  441,   18,   46,  466,   23,
- /*   580 */    51,  491,   97,   53,  519,  536,  537,  538,  539,  540,
- /*   590 */   541,  542,  543,  544,  545,  546,  547,  548,  549,  550,
- /*   600 */   551,  552,  553,  554,  555,  556,  557,  558,  559,  560,
- /*   610 */   561,  562,  563,  564,  565,  566,  567,  568,  569,  570,
- /*   620 */   571,  572,  573,  574,  575,  576,  577,  578,  579,  580,
- /*   630 */   581,  582,  583,  584,  585,  586,  587,  588,  589,  590,
- /*   640 */   591,  592,  593,  594,  595,  596,  597,  598,  599,  600,
- /*   650 */   601,  602,  603,  604,  605,  606,  607,  608,  609,  610,
- /*   660 */   611,  612,  613,  614,  615,  535,    5,  421,  429,   13,
- /*   670 */   446,  454,   20,  471,  479,   57,    9,   35,  446,   11,
- /*   680 */    39,  471,   18,  796,   46,   23,  799,   51,   97,  802,
- /*   690 */    53,  536,  537,  538,  539,  540,  541,  542,  543,  544,
- /*   700 */   545,  546,  547,  548,  549,  550,  551,  552,  553,  554,
- /*   710 */   555,  556,  557,  558,  559,  560,  561,  562,  563,  564,
- /*   720 */   565,  566,  567,  568,  569,  570,  571,  572,  573,  574,
- /*   730 */   575,  576,  577,  578,  579,  580,  581,  582,  583,  584,
- /*   740 */   585,  586,  587,  588,  589,  590,  591,  592,  593,  594,
- /*   750 */   595,  596,  597,  598,  599,  600,  601,  602,  603,  604,
- /*   760 */   605,  606,  607,  608,  609,  610,  611,  612,  613,  614,
- /*   770 */   615,   32,   55,  497,  535,  772,  790,  781,   63,  806,
- /*   780 */   797,  798,  808,  800,  801,  810,  804,  805,  807,  809,
- /*   790 */   621,   14,  348,  349,   21,  621,  621,   97,  621,  621,
- /*   800 */   536,  537,  538,  539,  540,  541,  542,  543,  544,  545,
- /*   810 */   546,  547,  548,  549,  550,  551,  552,  553,  554,  555,
- /*   820 */   556,  557,  558,  559,  560,  561,  562,  563,  564,  565,
- /*   830 */   566,  567,  568,  569,  570,  571,  572,  573,  574,  575,
- /*   840 */   576,  577,  578,  579,  580,  581,  582,  583,  584,  585,
- /*   850 */   586,  587,  588,  589,  590,  591,  592,  593,  594,  595,
- /*   860 */   596,  597,  598,  599,  600,  601,  602,  603,  604,  605,
- /*   870 */   606,  607,  608,  609,  610,  611,  612,  613,  614,  615,
- /*   880 */    44,  621,  621,  535,  768,  786,  777,   63,  806,  797,
- /*   890 */   798,  808,  800,  801,  810,  804,  805,  807,  809,  621,
- /*   900 */    18,  621,  621,   23,  621,  621,   97,  621,  621,  536,
- /*   910 */   537,  538,  539,  540,  541,  542,  543,  544,  545,  546,
- /*   920 */   547,  548,  549,  550,  551,  552,  553,  554,  555,  556,
- /*   930 */   557,  558,  559,  560,  561,  562,  563,  564,  565,  566,
- /*   940 */   567,  568,  569,  570,  571,  572,  573,  574,  575,  576,
- /*   950 */   577,  578,  579,  580,  581,  582,  583,  584,  585,  586,
- /*   960 */   587,  588,  589,  590,  591,  592,  593,  594,  595,  596,
- /*   970 */   597,  598,  599,  600,  601,  602,  603,  604,  605,  606,
- /*   980 */   607,  608,  609,  610,  611,  612,  613,  614,  615,   32,
- /*   990 */   621,  621,  535,  397,  379,  387,  415,  403,  409,  440,
- /*  1000 */   424,  432,  465,  449,  457,  490,  474,  482,  518,  500,
- /*  1010 */   509,  621,   21,  621,  621,   97,  621,  621,  536,  537,
- /*  1020 */   538,  539,  540,  541,  542,  543,  544,  545,  546,  547,
- /*  1030 */   548,  549,  550,  551,  552,  553,  554,  555,  556,  557,
- /*  1040 */   558,  559,  560,  561,  562,  563,  564,  565,  566,  567,
- /*  1050 */   568,  569,  570,  571,  572,  573,  574,  575,  576,  577,
- /*  1060 */   578,  579,  580,  581,  582,  583,  584,  585,  586,  587,
- /*  1070 */   588,  589,  590,  591,  592,  593,  594,  595,  596,  597,
- /*  1080 */   598,  599,  600,  601,  602,  603,  604,  605,  606,  607,
- /*  1090 */   608,  609,  610,  611,  612,  613,  614,  615,   44,  621,
- /*  1100 */   621,  535,  771,  789,  780,   63,  806,  797,  798,  808,
- /*  1110 */   800,  801,  810,  804,  805,  807,  809,   31,  497,  506,
- /*  1120 */   621,   23,  621,  621,   97,  621,  621,  536,  537,  538,
- /*  1130 */   539,  540,  541,  542,  543,  544,  545,  546,  547,  548,
- /*  1140 */   549,  550,  551,  552,  553,  554,  555,  556,  557,  558,
- /*  1150 */   559,  560,  561,  562,  563,  564,  565,  566,  567,  568,
- /*  1160 */   569,  570,  571,  572,  573,  574,  575,  576,  577,  578,
- /*  1170 */   579,  580,  581,  582,  583,  584,  585,  586,  587,  588,
- /*  1180 */   589,  590,  591,  592,  593,  594,  595,  596,  597,  598,
- /*  1190 */   599,  600,  601,  602,  603,  604,  605,  606,  607,  608,
- /*  1200 */   609,  610,  611,  612,  613,  614,  615,   32,  621,  621,
- /*  1210 */   535,  746,  769,  754,  778,  621,  774,   86,  783,   63,
- /*  1220 */   806,  797,  798,  808,  800,  801,  810,  804,  805,  807,
- /*  1230 */   809,  621,  621,   97,  621,  621,  536,  537,  538,  539,
- /*  1240 */   540,  541,  542,  543,  544,  545,  546,  547,  548,  549,
- /*  1250 */   550,  551,  552,  553,  554,  555,  556,  557,  558,  559,
- /*  1260 */   560,  561,  562,  563,  564,  565,  566,  567,  568,  569,
- /*  1270 */   570,  571,  572,  573,  574,  575,  576,  577,  578,  579,
- /*  1280 */   580,  581,  582,  583,  584,  585,  586,  587,  588,  589,
- /*  1290 */   590,  591,  592,  593,  594,  595,  596,  597,  598,  599,
- /*  1300 */   600,  601,  602,  603,  604,  605,  606,  607,  608,  609,
- /*  1310 */   610,  611,  612,  613,  614,  615,   44,  621,  621,  535,
- /*  1320 */   745,  769,  753,  778,  621,  774,   86,  783,   63,  806,
- /*  1330 */   797,  798,  808,  800,  801,  810,  804,  805,  807,  809,
- /*  1340 */   621,  621,   98,  621,  621,  536,  537,  538,  539,  540,
- /*  1350 */   541,  542,  543,  544,  545,  546,  547,  548,  549,  550,
- /*  1360 */   551,  552,  553,  554,  555,  556,  557,  558,  559,  560,
- /*  1370 */   561,  562,  563,  564,  565,  566,  567,  568,  569,  570,
- /*  1380 */   571,  572,  573,  574,  575,  576,  577,  578,  579,  580,
- /*  1390 */   581,  582,  583,  584,  585,  586,  587,  588,  589,  590,
- /*  1400 */   591,  592,  593,  594,  595,  596,  597,  598,  599,  600,
- /*  1410 */   601,  602,  603,  604,  605,  606,  607,  608,  609,  610,
- /*  1420 */   611,  612,  613,  614,  615,   33,  621,  621,  535,  770,
- /*  1430 */   788,  779,   63,  806,  797,  798,  808,  800,  801,  810,
- /*  1440 */   804,  805,  807,  809,   10,  421,  429,   17,  446,  454,
- /*  1450 */    22,  471,  479,  621,  536,  537,  538,  539,  540,  541,
- /*  1460 */   542,  543,  544,  545,  546,  547,  548,  549,  550,  551,
- /*  1470 */   552,  553,  554,  555,  556,  557,  558,  559,  560,  561,
- /*  1480 */   562,  563,  564,  565,  566,  567,  568,  569,  570,  571,
- /*  1490 */   572,  573,  574,  575,  576,  577,  578,  579,  580,  581,
- /*  1500 */   582,  583,  584,  585,  586,  587,  588,  589,  590,  591,
- /*  1510 */   592,  593,  594,  595,  596,  597,  598,  599,  600,  601,
- /*  1520 */   602,  603,  604,  605,  606,  607,  608,  609,  610,  611,
- /*  1530 */   612,  613,  614,  615,  535,  746,  769,   22,  471,  479,
- /*  1540 */   774,   91,  621,   65,  806,  797,  798,  621,  621,  621,
- /*  1550 */   810,  804,  805,  621,  809,   41,  497,  506,  621,  621,
- /*  1560 */   536,  537,  538,  539,  540,  541,  542,  543,  544,  545,
- /*  1570 */   546,  547,  548,  549,  550,  551,  552,  553,  554,  555,
- /*  1580 */   556,  557,  558,  559,  560,  561,  562,  563,  564,  565,
- /*  1590 */   566,  567,  568,  569,  570,  571,  572,  573,  574,  575,
- /*  1600 */   576,  577,  578,  579,  580,  581,  582,  583,  584,  585,
- /*  1610 */   586,  587,  588,  589,  590,  591,  592,  593,  594,  595,
- /*  1620 */   596,  597,  598,  599,  600,  601,  602,  603,  604,  605,
- /*  1630 */   606,  607,  608,  609,  610,  611,  612,  613,  614,  615,
- /*  1640 */    42,   73,   13,  446,  454,   20,  471,  479,  674,  693,
- /*  1650 */   680,  701,  686,  709,  694,  698,  702,  706,  710,  714,
- /*  1660 */   719,  723,  727,  731,  735,  739,  744,  748,  752,  756,
- /*  1670 */   760,  774,   84,  783,   63,  806,  797,  798,  808,  800,
- /*  1680 */   801,  810,  804,  805,  807,  809,  621,  554,  555,  556,
- /*  1690 */   557,  558,  559,  560,  561,  562,  563,  564,  565,  566,
- /*  1700 */   567,  568,  569,  570,  571,  572,  573,  574,  575,  576,
- /*  1710 */   577,  578,  579,  580,  581,  582,  583,  584,  585,  586,
- /*  1720 */   587,  588,  589,  590,  591,  592,  593,  594,  595,  596,
- /*  1730 */   597,  598,  599,  600,  601,  602,  603,  604,  605,  606,
- /*  1740 */   607,  608,  609,  610,  611,  612,  613,  614,  615,  554,
- /*  1750 */   555,  556,  557,  558,  559,  560,  561,  562,  563,  564,
- /*  1760 */   565,  566,  567,  568,  569,  570,  571,  572,  573,  574,
- /*  1770 */   575,  576,  577,  578,  579,  580,  581,  582,  583,  584,
- /*  1780 */   585,  586,  587,  588,  589,  590,  591,  592,  593,  594,
- /*  1790 */   595,  596,  597,  598,  599,  600,  601,  602,  603,  604,
- /*  1800 */   605,  606,  607,  608,  609,  610,  611,  612,  613,  614,
- /*  1810 */   615,  354,  357,  621,  772,  790,  535,   65,  806,  797,
- /*  1820 */   798,  621,  621,  621,  810,  804,  805,   25,  809,  621,
- /*  1830 */    27,  621,  621,   36,  621,  621,   40,  621,  621,   99,
- /*  1840 */   621,  621,  536,  537,  538,  539,  540,  541,  542,  543,
- /*  1850 */   544,  545,  546,  547,  548,  549,  550,  551,  552,  553,
- /*  1860 */   554,  555,  556,  557,  558,  559,  560,  561,  562,  563,
- /*  1870 */   564,  565,  566,  567,  568,  569,  570,  571,  572,  573,
- /*  1880 */   574,  575,  576,  577,  578,  579,  580,  581,  582,  583,
- /*  1890 */   584,  585,  586,  587,  588,  350,  351,  621,  771,  789,
- /*  1900 */   535,   65,  806,  797,  798,  621,  621,  621,  810,  804,
- /*  1910 */   805,   25,  809,  621,   27,  621,  621,   36,  621,  621,
- /*  1920 */    40,  621,  621,   99,  621,  621,  536,  537,  538,  539,
- /*  1930 */   540,  541,  542,  543,  544,  545,  546,  547,  548,  549,
- /*  1940 */   550,  551,  552,  553,  554,  555,  556,  557,  558,  559,
- /*  1950 */   560,  561,  562,  563,  564,  565,  566,  567,  568,  569,
- /*  1960 */   570,  571,  572,  573,  574,  575,  576,  577,  578,  579,
- /*  1970 */   580,  581,  582,  583,  584,  585,  586,  587,  588,   58,
- /*  1980 */   770,  788,  535,   65,  806,  797,  798,  621,  621,  621,
- /*  1990 */   810,  804,  805,  621,  809,  621,   27,  621,  621,   36,
- /*  2000 */   621,  621,   40,  621,  621,   99,  621,  621,  536,  537,
- /*  2010 */   538,  539,  540,  541,  542,  543,  544,  545,  546,  547,
- /*  2020 */   548,  549,  550,  551,  552,  553,  554,  555,  556,  557,
- /*  2030 */   558,  559,  560,  561,  562,  563,  564,  565,  566,  567,
- /*  2040 */   568,  569,  570,  571,  572,  573,  574,  575,  576,  577,
- /*  2050 */   578,  579,  580,  581,  582,  583,  584,  585,  586,  587,
- /*  2060 */   588,  535,  621,  621,  772,  621,  621,   67,  806,  797,
- /*  2070 */   798,  621,   25,  621,  621,   27,  805,  621,   36,  621,
- /*  2080 */   621,   40,  621,  621,   99,  621,  621,  536,  537,  538,
- /*  2090 */   539,  540,  541,  542,  543,  544,  545,  546,  547,  548,
- /*  2100 */   549,  550,  551,  552,  553,  554,  555,  556,  557,  558,
- /*  2110 */   559,  560,  561,  562,  563,  564,  565,  566,  567,  568,
- /*  2120 */   569,  570,  571,  572,  573,  574,  575,  576,  577,  578,
- /*  2130 */   579,  580,  581,  582,  583,  584,  585,  586,  587,  588,
- /*  2140 */    58,  771,  621,  535,   67,  806,  797,  798,  621,  621,
- /*  2150 */   621,  621,  770,  805,  621,   67,  806,  797,  798,  621,
- /*  2160 */    36,  621,  621,   40,  805,  621,   99,  621,  621,  536,
- /*  2170 */   537,  538,  539,  540,  541,  542,  543,  544,  545,  546,
- /*  2180 */   547,  548,  549,  550,  551,  552,  553,  554,  555,  556,
- /*  2190 */   557,  558,  559,  560,  561,  562,  563,  564,  565,  566,
- /*  2200 */   567,  568,  569,  570,  571,  572,  573,  574,  575,  576,
- /*  2210 */   577,  578,  579,  580,  581,  582,  583,  584,  585,  586,
- /*  2220 */   587,  588,   58,  745,  769,  535,  621,  621,  774,   91,
- /*  2230 */   621,   65,  806,  797,  798,  621,  621,  621,  810,  804,
- /*  2240 */   805,  621,  809,  621,  621,   40,  621,  621,   99,  621,
- /*  2250 */   621,  536,  537,  538,  539,  540,  541,  542,  543,  544,
- /*  2260 */   545,  546,  547,  548,  549,  550,  551,  552,  553,  554,
- /*  2270 */   555,  556,  557,  558,  559,  560,  561,  562,  563,  564,
- /*  2280 */   565,  566,  567,  568,  569,  570,  571,  572,  573,  574,
- /*  2290 */   575,  576,  577,  578,  579,  580,  581,  582,  583,  584,
- /*  2300 */   585,  586,  587,  588,   58,  621,  621,  535,   17,  446,
- /*  2310 */   454,   22,  471,  479,  621,  621,  772,  621,  781,   64,
- /*  2320 */   806,  797,  798,  808,  800,  801,  621,  621,  805,  807,
- /*  2330 */   100,  621,  621,  536,  537,  538,  539,  540,  541,  542,
- /*  2340 */   543,  544,  545,  546,  547,  548,  549,  550,  551,  552,
- /*  2350 */   553,  554,  555,  556,  557,  558,  559,  560,  561,  562,
- /*  2360 */   563,  564,  565,  566,  567,  568,  569,  570,  571,  572,
- /*  2370 */   573,  574,  575,  576,  577,  578,  579,  580,  581,  582,
- /*  2380 */   583,  584,  585,  586,  587,  588,   49,  621,  771,  535,
- /*  2390 */   780,   64,  806,  797,  798,  808,  800,  801,  621,  621,
- /*  2400 */   805,  807,  621,  621,  621,  621,  621,  621,  621,  621,
- /*  2410 */   621,  621,  621,  621,  621,  536,  537,  538,  539,  540,
- /*  2420 */   541,  542,  543,  544,  545,  546,  547,  548,  549,  550,
- /*  2430 */   551,  552,  553,  554,  555,  556,  557,  558,  559,  560,
- /*  2440 */   561,  562,  563,  564,  565,  566,  567,  568,  569,  570,
- /*  2450 */   571,  572,  573,  574,  575,  576,  577,  578,  579,  580,
- /*  2460 */   581,  582,  583,  584,  585,  586,  587,  588,  535,  621,
- /*  2470 */   621,  621,  770,  621,  779,   64,  806,  797,  798,  808,
- /*  2480 */   800,  801,  621,  621,  805,  807,  621,  621,  621,  621,
- /*  2490 */   621,  621,  621,  621,  536,  537,  538,  539,  540,  541,
- /*  2500 */   542,  543,  544,  545,  546,  547,  548,  549,  550,  551,
- /*  2510 */   552,  553,  554,  555,  556,  557,  558,  559,  560,  561,
- /*  2520 */   562,  563,  564,  565,  566,  567,  568,  569,  570,  571,
- /*  2530 */   572,  573,  574,  575,  576,  577,  578,  579,  580,  581,
- /*  2540 */   582,  583,  584,  585,  586,  587,  588,   73,   56,  621,
- /*  2550 */   621,  621,  621,  621,  675,  693,  681,  701,  687,  709,
- /*  2560 */   694,  698,  702,  706,  710,  714,  719,  723,  727,  731,
- /*  2570 */   735,  739,  744,  748,  752,  756,  760,  774,   84,  783,
- /*  2580 */    63,  806,  797,  798,  808,  800,  801,  810,  804,  805,
- /*  2590 */   807,  809,  621,  621,  621,  554,  555,  556,  557,  558,
- /*  2600 */   559,  560,  561,  562,  563,  564,  565,  566,  567,  568,
- /*  2610 */   569,  570,  571,  572,  573,  574,  575,  576,  577,  578,
- /*  2620 */   579,  580,  581,  582,  583,  584,  585,  586,  587,  588,
- /*  2630 */   620,    3,    3,  622,   15,  636,  637,  639,  621,  621,
- /*  2640 */   768,   71,  621,   67,  806,  797,  798,  621,  621,  677,
- /*  2650 */   621,  683,  805,  689,  621,  698,  621,  706,  621,  714,
- /*  2660 */   621,  723,  621,  731,  621,  739,  621,  748,  621,  756,
- /*  2670 */   621,  774,   84,  783,   63,  806,  797,  798,  808,  800,
- /*  2680 */   801,  810,  804,  805,  807,  809,  554,  555,  556,  557,
- /*  2690 */   558,  559,  560,  561,  562,  563,  564,  565,  566,  567,
- /*  2700 */   568,  569,  570,  571,  572,  573,  574,  575,  576,  577,
- /*  2710 */   578,  579,  580,  581,  582,  583,  584,  585,  586,  587,
- /*  2720 */   588,   29,  790,  535,   66,  621,   30,  621,  621,  621,
- /*  2730 */   621,  810,  804,  621,   38,  809,  621,   47,  621,  621,
- /*  2740 */    52,  621,  621,   54,  621,  621,   96,  621,  621,  536,
- /*  2750 */   537,  538,  539,  540,  541,  542,  543,  544,  545,  546,
- /*  2760 */   547,  548,  549,  550,  551,  552,  553,  554,  555,  556,
- /*  2770 */   557,  558,  559,  560,  561,  621,  893,  622,   15,  636,
- /*  2780 */   637,  639,  621,  621,  621,   71,  621,  621,  621,  621,
- /*  2790 */   621,  621,  621,  677,  621,  683,  621,  689,  621,  698,
- /*  2800 */   621,  706,  621,  714,  621,  723,  535,  731,  621,  739,
- /*  2810 */   621,  748,  621,  756,  621,  774,   84,  783,   63,  806,
- /*  2820 */   797,  798,  808,  800,  801,  810,  804,  805,  807,  809,
- /*  2830 */    76,  621,  536,  537,  538,  539,  540,  541,  542,  543,
- /*  2840 */   621,  621,  621,  695,  718,  703,  726,  711,  734,  719,
- /*  2850 */   723,  727,  731,  735,  739,  744,  748,  752,  756,  760,
- /*  2860 */   774,   84,  783,   63,  806,  797,  798,  808,  800,  801,
- /*  2870 */   810,  804,  805,  807,  809,   76,  621,  621,  621,  621,
- /*  2880 */   621,  621,  621,  621,  621,  621,  621,  621,  696,  718,
- /*  2890 */   704,  726,  712,  734,  719,  723,  727,  731,  735,  739,
- /*  2900 */   744,  748,  752,  756,  760,  774,   84,  783,   63,  806,
- /*  2910 */   797,  798,  808,  800,  801,  810,  804,  805,  807,  809,
- /*  2920 */   621,  623,   15,  636,  637,  639,  621,  621,  621,   71,
- /*  2930 */   621,  621,  621,  621,  621,  621,  621,  677,  621,  683,
- /*  2940 */   621,  689,  621,  698,  621,  706,  621,  714,  621,  723,
- /*  2950 */   621,  731,  621,  739,  621,  748,  621,  756,  621,  774,
- /*  2960 */    84,  783,   63,  806,  797,  798,  808,  800,  801,  810,
- /*  2970 */   804,  805,  807,  809,   74,  621,  621,  621,  621,  621,
- /*  2980 */   621,  675,  693,  681,  701,  621,  621,  694,  698,  702,
- /*  2990 */   706,  621,  621,  719,  723,  727,  731,  621,  621,  744,
- /*  3000 */   748,  752,  756,  621,  774,   84,  783,   63,  806,  797,
- /*  3010 */   798,  808,  800,  801,  810,  804,  805,  807,  809,   74,
- /*  3020 */   621,  621,  621,  621,  621,  621,  674,  693,  680,  701,
- /*  3030 */   621,  621,  694,  698,  702,  706,  621,  621,  719,  723,
- /*  3040 */   727,  731,  621,  621,  744,  748,  752,  756,  621,  774,
- /*  3050 */    84,  783,   63,  806,  797,  798,  808,  800,  801,  810,
- /*  3060 */   804,  805,  807,  809,   62,  621,  768,  535,  777,   64,
- /*  3070 */   806,  797,  798,  808,  800,  801,  621,  621,  805,  807,
- /*  3080 */   621,   47,  621,  621,   52,  621,  621,   54,  621,  621,
- /*  3090 */    96,  621,  787,  536,  537,  538,  539,  540,  541,  542,
- /*  3100 */   543,  544,  545,  546,  547,  548,  549,  550,  551,  552,
- /*  3110 */   553,  554,  555,  556,  557,  558,  559,  560,  561,   62,
- /*  3120 */   621,  762,  535,   95,  621,   66,  621,  621,  789,  621,
- /*  3130 */    66,  621,  810,  804,  621,  621,  809,  810,  804,   52,
- /*  3140 */   621,  809,   54,  621,  621,   96,  621,  621,  536,  537,
- /*  3150 */   538,  539,  540,  541,  542,  543,  544,  545,  546,  547,
- /*  3160 */   548,  549,  550,  551,  552,  553,  554,  555,  556,  557,
- /*  3170 */   558,  559,  560,  561,   62,  621,  788,  535,   66,  621,
- /*  3180 */   621,  621,  621,  621,  621,  810,  804,  621,  621,  809,
- /*  3190 */   621,  621,  621,  621,  621,  621,  621,   54,  621,  621,
- /*  3200 */    96,  621,  621,  536,  537,  538,  539,  540,  541,  542,
- /*  3210 */   543,  544,  545,  546,  547,  548,  549,  550,  551,  552,
- /*  3220 */   553,  554,  555,  556,  557,  558,  559,  560,  561,   62,
- /*  3230 */   621,  786,  535,   66,  621,  621,  621,  621,  621,  621,
- /*  3240 */   810,  804,  621,  621,  809,  621,  621,  621,  621,  621,
- /*  3250 */   621,  621,  621,  621,  621,   96,  621,  621,  536,  537,
- /*  3260 */   538,  539,  540,  541,  542,  543,  544,  545,  546,  547,
- /*  3270 */   548,  549,  550,  551,  552,  553,  554,  555,  556,  557,
- /*  3280 */   558,  559,  560,  561,   77,  621,  621,  621,  621,  621,
- /*  3290 */   621,  621,  621,  621,  621,  621,  621,  696,  718,  704,
- /*  3300 */   726,  621,  621,  719,  723,  727,  731,  621,  621,  744,
- /*  3310 */   748,  752,  756,  621,  774,   84,  783,   63,  806,  797,
- /*  3320 */   798,  808,  800,  801,  810,  804,  805,  807,  809,   77,
- /*  3330 */   621,  621,  621,  621,  621,  621,  621,  621,  621,  621,
- /*  3340 */   621,  621,  695,  718,  703,  726,  621,  621,  719,  723,
- /*  3350 */   727,  731,  621,  787,  744,  748,  752,  756,  621,  774,
- /*  3360 */    84,  783,   63,  806,  797,  798,  808,  800,  801,  810,
- /*  3370 */   804,  805,  807,  809,   60,  621,  621,  535,  745,  769,
- /*  3380 */   753,  778,  761,  774,   84,  783,   63,  806,  797,  798,
- /*  3390 */   808,  800,  801,  810,  804,  805,  807,  809,  621,  621,
- /*  3400 */   621,  787,  621,  536,  537,  538,  539,  540,  541,  542,
- /*  3410 */   543,  544,  545,  546,  547,  548,  549,  550,  551,  552,
- /*  3420 */   553,  554,  555,  556,  557,  558,  559,  560,  561,   82,
- /*  3430 */   761,  621,   95,  621,   66,  621,  621,  621,  621,  621,
- /*  3440 */   621,  810,  804,  621,  621,  809,  621,  621,  720,  743,
- /*  3450 */   728,  751,  736,  759,  744,  748,  752,  756,  760,  774,
- /*  3460 */    84,  783,   63,  806,  797,  798,  808,  800,  801,  810,
- /*  3470 */   804,  805,  807,  809,   82,  621,  621,  621,  621,  621,
- /*  3480 */   621,  621,  621,  621,  621,  621,  621,  621,  621,  621,
- /*  3490 */   621,  621,  621,  721,  743,  729,  751,  737,  759,  744,
- /*  3500 */   748,  752,  756,  760,  774,   84,  783,   63,  806,  797,
- /*  3510 */   798,  808,  800,  801,  810,  804,  805,  807,  809,  535,
- /*  3520 */   621,  621,  621,  621,  621,  621,  621,  621,  621,  621,
- /*  3530 */   621,  621,  621,  621,  621,  621,  621,  621,  621,  621,
- /*  3540 */   621,  621,  621,  621,  621,  536,  537,  538,  539,  540,
- /*  3550 */   541,  542,  543,  544,  545,  546,  547,  548,  549,  550,
- /*  3560 */   551,  552,  553,  554,  555,  556,  557,  558,  559,  560,
- /*  3570 */   561,  535,  621,  621,  621,  621,  621,  621,  562,  563,
- /*  3580 */   564,  565,  566,  567,  568,  569,  570,  621,  535,  621,
- /*  3590 */   621,  621,  621,  621,  621,  621,  621,  536,  537,  538,
- /*  3600 */   539,  540,  541,  542,  543,  589,  590,  591,  592,  593,
- /*  3610 */   594,  595,  596,  597,  536,  537,  538,  539,  540,  541,
- /*  3620 */   542,  543,  621,  562,  563,  564,  565,  566,  567,  568,
- /*  3630 */   569,  570,  621,  621,  621,  621,  621,  621,  621,  621,
- /*  3640 */   562,  563,  564,  565,  566,  567,  568,  569,  570,  621,
- /*  3650 */   589,  590,  591,  592,  593,  594,  595,  596,  597,  621,
- /*  3660 */   621,  621,  621,  621,  621,  641,  640,  621,  621,  621,
- /*  3670 */   621,   72,  621,  621,  621,  621,  621,  621,  621,  677,
- /*  3680 */   621,  683,  621,  621,  621,  698,  621,  706,  621,  621,
- /*  3690 */   621,  723,  621,  731,  621,   94,  621,  748,  621,  756,
- /*  3700 */   621,  774,   84,  783,   63,  806,  797,  798,  808,  800,
- /*  3710 */   801,  810,  804,  805,  807,  809,  621,  621,  737,  759,
- /*  3720 */   621,  621,  621,   85,  760,  621,   95,  621,   66,  621,
- /*  3730 */   621,  621,  621,  621,  621,  810,  804,  621,  621,  809,
- /*  3740 */   621,  621,  721,  743,  729,  751,  621,  621,  744,  748,
- /*  3750 */   752,  756,   85,  774,   84,  783,   63,  806,  797,  798,
- /*  3760 */   808,  800,  801,  810,  804,  805,  807,  809,  621,  621,
- /*  3770 */   621,  720,  743,  728,  751,  621,  787,  744,  748,  752,
- /*  3780 */   756,  621,  774,   84,  783,   63,  806,  797,  798,  808,
- /*  3790 */   800,  801,  810,  804,  805,  807,  809,  621,  621,  621,
- /*  3800 */   621,  746,  769,  754,  778,  762,  774,   84,  783,   63,
- /*  3810 */   806,  797,  798,  808,  800,  801,  810,  804,  805,  807,
- /*  3820 */   809,  621,  621,   78,  621,  621,  621,  621,  621,  621,
- /*  3830 */   675,  693,  621,  621,  621,  621,  694,  698,  621,  621,
- /*  3840 */   621,  621,  719,  723,  621,  621,  621,  621,  744,  748,
- /*  3850 */   621,  621,  621,  774,   89,  621,   65,  806,  797,  798,
- /*  3860 */   621,  621,  621,  810,  804,  805,  621,  809,   78,  621,
- /*  3870 */   621,  621,  621,  621,  621,  674,  693,  621,  621,  621,
- /*  3880 */   621,  694,  698,  621,  621,  621,  621,  719,  723,  621,
- /*  3890 */   621,  621,  621,  744,  748,  621,  621,  621,  774,   89,
- /*  3900 */    81,   65,  806,  797,  798,  621,  621,  621,  810,  804,
- /*  3910 */   805,  621,  809,  696,  718,  621,  621,  621,  621,  719,
- /*  3920 */   723,  621,  621,  621,  621,  744,  748,  621,  621,  621,
- /*  3930 */   774,   89,   81,   65,  806,  797,  798,  621,  621,  621,
- /*  3940 */   810,  804,  805,  621,  809,  695,  718,  621,  621,  621,
- /*  3950 */   621,  719,  723,  621,  621,  621,  621,  744,  748,  621,
- /*  3960 */   621,  621,  774,   89,  621,   65,  806,  797,  798,  642,
- /*  3970 */   621,  621,  810,  804,  805,   75,  809,  621,  621,  621,
- /*  3980 */   621,  621,  621,  677,  621,  621,  621,  621,  621,  698,
- /*  3990 */   621,  621,  621,  621,  621,  723,  621,  621,  621,  621,
- /*  4000 */   621,  748,  621,  621,  621,  774,   89,  643,   65,  806,
- /*  4010 */   797,  798,  621,   75,  621,  810,  804,  805,  621,  809,
- /*  4020 */   621,  677,  621,  621,  621,  621,  621,  698,  621,  621,
- /*  4030 */   621,  621,  621,  723,  621,  621,  621,  621,  621,  748,
- /*  4040 */    90,  621,  621,  774,   89,  621,   65,  806,  797,  798,
- /*  4050 */   621,  621,  621,  810,  804,  805,  621,  809,  621,  721,
- /*  4060 */   743,  621,  621,  621,  621,  744,  748,   90,  621,  621,
- /*  4070 */   774,   89,  621,   65,  806,  797,  798,  621,  621,  621,
- /*  4080 */   810,  804,  805,  621,  809,  621,  720,  743,  621,  621,
- /*  4090 */   621,  621,  744,  748,  621,  621,  621,  774,   89,  621,
- /*  4100 */    65,  806,  797,  798,  621,  621,  621,  810,  804,  805,
- /*  4110 */   621,  809,  621,  621,  621,   83,  621,  621,  621,  621,
- /*  4120 */   621,  621,  621,  621,  621,  621,  687,  709,  621,  621,
- /*  4130 */   621,  621,  710,  714,  621,  621,  621,  621,  735,  739,
- /*  4140 */   621,  621,  621,  621,  760,  621,   95,  621,   66,  621,
- /*  4150 */   621,  621,  621,   83,  621,  810,  804,  621,  621,  809,
- /*  4160 */   621,  621,  621,  621,  686,  709,  621,  621,  621,  621,
- /*  4170 */   710,  714,  621,  621,  621,  621,  735,  739,  621,  621,
- /*  4180 */   621,  621,  760,  621,   95,   16,   66,  621,  638,  621,
- /*  4190 */   621,  621,   80,  810,  804,  621,  621,  809,  621,  621,
- /*  4200 */   621,  621,  621,  621,  689,  621,  621,  621,  621,  621,
- /*  4210 */   714,  621,  621,  621,  621,  621,  739,  621,  621,  621,
- /*  4220 */   621,  621,  621,   95,   88,   66,  621,  621,  621,  621,
- /*  4230 */   621,  621,  810,  804,  621,  621,  809,  621,  621,  621,
- /*  4240 */   621,  712,  734,  621,  621,  621,  621,  735,  739,  621,
- /*  4250 */   621,  621,   88,  760,  621,   95,  621,   66,  621,  621,
- /*  4260 */   621,  621,  621,  621,  810,  804,  621,  621,  809,  711,
- /*  4270 */   734,  621,  621,  621,   94,  735,  739,  621,  621,  621,
- /*  4280 */   621,  760,  621,   95,  621,   66,  621,  621,  621,  621,
- /*  4290 */   621,  621,  810,  804,  621,  621,  809,  736,  759,  621,
- /*  4300 */   621,  621,  621,  760,  621,   95,  621,   66,  621,  621,
- /*  4310 */   621,  621,  621,  621,  810,  804,  621,  621,  809,
+ /*     0 */   919,    7,  823,  823,  829,  826,   29,  823,   90,  829,
+ /*    10 */   519,  528,  375,   31,  384,   82,   73,  387,   41,  394,
+ /*    20 */   402,    1,  420,  426,    4,  441,  449,   12,  466,  474,
+ /*    30 */    19,  491,  499,  100,  556,  557,  558,  559,  560,  561,
+ /*    40 */   562,  563,  564,  565,  566,  567,  568,  569,  570,  571,
+ /*    50 */   572,  573,  574,  575,  576,  577,  578,  579,  580,  581,
+ /*    60 */   582,  583,  584,  585,  586,  587,  588,  589,  590,  591,
+ /*    70 */   592,  593,  594,  595,  596,  597,  598,  599,  600,  601,
+ /*    80 */   602,  603,  604,  605,  606,  607,  608,  609,  610,  611,
+ /*    90 */   612,  613,  614,  615,  616,  617,  618,  619,  620,  621,
+ /*   100 */   622,  623,  624,  625,  626,  627,  628,  629,  630,  631,
+ /*   110 */   632,  633,  634,  635,    7,   21,  489,  497,   58,   29,
+ /*   120 */    37,   90,   64,  519,  528,  375,   31,  384,   82,   73,
+ /*   130 */   387,   41,  394,  402,    1,  420,  426,    4,  441,  449,
+ /*   140 */    12,  466,  474,   19,  491,  499,  100,  556,  557,  558,
+ /*   150 */   559,  560,  561,  562,  563,  564,  565,  566,  567,  568,
+ /*   160 */   569,  570,  571,  572,  573,  574,  575,  576,  577,  578,
+ /*   170 */   579,  580,  581,  582,  583,  584,  585,  586,  587,  588,
+ /*   180 */   589,  590,  591,  592,  593,  594,  595,  596,  597,  598,
+ /*   190 */   599,  600,  601,  602,  603,  604,  605,  606,  607,  608,
+ /*   200 */   609,  610,  611,  612,  613,  614,  615,  616,  617,  618,
+ /*   210 */   619,  620,  621,  622,  623,  624,  625,  626,  627,  628,
+ /*   220 */   629,  630,  631,  632,  633,  634,  635,   29,   66,   90,
+ /*   230 */    48,  519,  528,  375,   31,  384,   82,   73,  387,   41,
+ /*   240 */   394,  402,    1,  420,  426,    4,  441,  449,   12,  466,
+ /*   250 */   474,   19,  491,  499,  100,  556,  557,  558,  559,  560,
+ /*   260 */   561,  562,  563,  564,  565,  566,  567,  568,  569,  570,
+ /*   270 */   571,  572,  573,  574,  575,  576,  577,  578,  579,  580,
+ /*   280 */   581,  582,  583,  584,  585,  586,  587,  588,  589,  590,
+ /*   290 */   591,  592,  593,  594,  595,  596,  597,  598,  599,  600,
+ /*   300 */   601,  602,  603,  604,  605,  606,  607,  608,  609,  610,
+ /*   310 */   611,  612,  613,  614,  615,  616,  617,  618,  619,  620,
+ /*   320 */   621,  622,  623,  624,  625,  626,  627,  628,  629,  630,
+ /*   330 */   631,  632,  633,  634,  635,   99,   56,   55,   50,   58,
+ /*   340 */   365,  555,  368,   62,  799,  808,   69,  833,  824,  825,
+ /*   350 */   835,  827,  828,  641,    9,  832,  834,   11,   27,  439,
+ /*   360 */    18,   38,  464,   24,   44,  489,  104,  556,  557,  558,
+ /*   370 */   559,  560,  561,  562,  563,  564,  565,  566,  567,  568,
+ /*   380 */   569,  570,  571,  572,  573,  574,  575,  576,  577,  578,
+ /*   390 */   579,  580,  581,  582,  583,  584,  585,  586,  587,  588,
+ /*   400 */   589,  590,  591,  592,  593,  594,  595,  596,  597,  598,
+ /*   410 */   599,  600,  601,  602,  603,  604,  605,  606,  607,  608,
+ /*   420 */   609,  610,  611,  612,  613,  614,  615,  616,  617,  618,
+ /*   430 */   619,  620,  621,  622,  623,  624,  625,  626,  627,  628,
+ /*   440 */   629,  630,  631,  632,  633,  634,  635,   35,   40,  641,
+ /*   450 */   555,    2,  418,  424,    5,  439,  447,   13,  464,  472,
+ /*   460 */    20,  489,  497,  641,   25,  418,    6,   27,  439,   14,
+ /*   470 */    38,  464,   22,   44,  489,  104,  556,  557,  558,  559,
+ /*   480 */   560,  561,  562,  563,  564,  565,  566,  567,  568,  569,
+ /*   490 */   570,  571,  572,  573,  574,  575,  576,  577,  578,  579,
+ /*   500 */   580,  581,  582,  583,  584,  585,  586,  587,  588,  589,
+ /*   510 */   590,  591,  592,  593,  594,  595,  596,  597,  598,  599,
+ /*   520 */   600,  601,  602,  603,  604,  605,  606,  607,  608,  609,
+ /*   530 */   610,  611,  612,  613,  614,  615,  616,  617,  618,  619,
+ /*   540 */   620,  621,  622,  623,  624,  625,  626,  627,  628,  629,
+ /*   550 */   630,  631,  632,  633,  634,  635,   49,   44,  489,  555,
+ /*   560 */     8,  418,  424,   10,  439,  447,   17,  464,  472,   23,
+ /*   570 */   489,  497,  641,   42,  823,   11,   51,  826,   18,   56,
+ /*   580 */   829,   24,   58,  641,  104,  556,  557,  558,  559,  560,
+ /*   590 */   561,  562,  563,  564,  565,  566,  567,  568,  569,  570,
+ /*   600 */   571,  572,  573,  574,  575,  576,  577,  578,  579,  580,
+ /*   610 */   581,  582,  583,  584,  585,  586,  587,  588,  589,  590,
+ /*   620 */   591,  592,  593,  594,  595,  596,  597,  598,  599,  600,
+ /*   630 */   601,  602,  603,  604,  605,  606,  607,  608,  609,  610,
+ /*   640 */   611,  612,  613,  614,  615,  616,  617,  618,  619,  620,
+ /*   650 */   621,  622,  623,  624,  625,  626,  627,  628,  629,  630,
+ /*   660 */   631,  632,  633,  634,  635,  555,  517,  373,  798,  807,
+ /*   670 */    69,  833,  824,  825,  835,  827,  828,  641,    9,  832,
+ /*   680 */   834,   11,   38,  464,   18,   44,  489,   24,  641,   32,
+ /*   690 */   104,  556,  557,  558,  559,  560,  561,  562,  563,  564,
+ /*   700 */   565,  566,  567,  568,  569,  570,  571,  572,  573,  574,
+ /*   710 */   575,  576,  577,  578,  579,  580,  581,  582,  583,  584,
+ /*   720 */   585,  586,  587,  588,  589,  590,  591,  592,  593,  594,
+ /*   730 */   595,  596,  597,  598,  599,  600,  601,  602,  603,  604,
+ /*   740 */   605,  606,  607,  608,  609,  610,  611,  612,  613,  614,
+ /*   750 */   615,  616,  617,  618,  619,  620,  621,  622,  623,  624,
+ /*   760 */   625,  626,  627,  628,  629,  630,  631,  632,  633,  634,
+ /*   770 */   635,   35,  361,  362,  555,  797,  806,   69,  833,  824,
+ /*   780 */   825,  835,  827,  828,  641,  434,  832,  834,  459,   51,
+ /*   790 */   641,  484,   56,   14,  509,   58,   22,  539,  641,  104,
+ /*   800 */   556,  557,  558,  559,  560,  561,  562,  563,  564,  565,
+ /*   810 */   566,  567,  568,  569,  570,  571,  572,  573,  574,  575,
+ /*   820 */   576,  577,  578,  579,  580,  581,  582,  583,  584,  585,
+ /*   830 */   586,  587,  588,  589,  590,  591,  592,  593,  594,  595,
+ /*   840 */   596,  597,  598,  599,  600,  601,  602,  603,  604,  605,
+ /*   850 */   606,  607,  608,  609,  610,  611,  612,  613,  614,  615,
+ /*   860 */   616,  617,  618,  619,  620,  621,  622,  623,  624,  625,
+ /*   870 */   626,  627,  628,  629,  630,  631,  632,  633,  634,  635,
+ /*   880 */    49,  517,  526,  555,  795,  804,   69,  833,  824,  825,
+ /*   890 */   835,  827,  828,  641,  813,  832,  834,  813,  641,  813,
+ /*   900 */   641,  813,   18,  641,   32,   24,  641,  641,  104,  556,
+ /*   910 */   557,  558,  559,  560,  561,  562,  563,  564,  565,  566,
+ /*   920 */   567,  568,  569,  570,  571,  572,  573,  574,  575,  576,
+ /*   930 */   577,  578,  579,  580,  581,  582,  583,  584,  585,  586,
+ /*   940 */   587,  588,  589,  590,  591,  592,  593,  594,  595,  596,
+ /*   950 */   597,  598,  599,  600,  601,  602,  603,  604,  605,  606,
+ /*   960 */   607,  608,  609,  610,  611,  612,  613,  614,  615,  616,
+ /*   970 */   617,  618,  619,  620,  621,  622,  623,  624,  625,  626,
+ /*   980 */   627,  628,  629,  630,  631,  632,  633,  634,  635,   35,
+ /*   990 */   520,  529,  555,   23,  489,  497,  641,  641,  413,  395,
+ /*  1000 */   403,  433,  421,  427,  458,  442,  450,  483,  467,  475,
+ /*  1010 */   508,  492,  500,  538,   22,  641,  641,  104,  556,  557,
+ /*  1020 */   558,  559,  560,  561,  562,  563,  564,  565,  566,  567,
+ /*  1030 */   568,  569,  570,  571,  572,  573,  574,  575,  576,  577,
+ /*  1040 */   578,  579,  580,  581,  582,  583,  584,  585,  586,  587,
+ /*  1050 */   588,  589,  590,  591,  592,  593,  594,  595,  596,  597,
+ /*  1060 */   598,  599,  600,  601,  602,  603,  604,  605,  606,  607,
+ /*  1070 */   608,  609,  610,  611,  612,  613,  614,  615,  616,  617,
+ /*  1080 */   618,  619,  620,  621,  622,  623,  624,  625,  626,  627,
+ /*  1090 */   628,  629,  630,  631,  632,  633,  634,  635,   49,  517,
+ /*  1100 */   526,  555,  582,  583,  584,  585,  586,  587,  588,  589,
+ /*  1110 */   590,    5,  439,  447,   13,  464,  472,   21,  489,  497,
+ /*  1120 */   641,  641,   46,   24,  641,  641,  104,  556,  557,  558,
+ /*  1130 */   559,  560,  561,  562,  563,  564,  565,  566,  567,  568,
+ /*  1140 */   569,  570,  571,  572,  573,  574,  575,  576,  577,  578,
+ /*  1150 */   579,  580,  581,  582,  583,  584,  585,  586,  587,  588,
+ /*  1160 */   589,  590,  591,  592,  593,  594,  595,  596,  597,  598,
+ /*  1170 */   599,  600,  601,  602,  603,  604,  605,  606,  607,  608,
+ /*  1180 */   609,  610,  611,  612,  613,  614,  615,  616,  617,  618,
+ /*  1190 */   619,  620,  621,  622,  623,  624,  625,  626,  627,  628,
+ /*  1200 */   629,  630,  631,  632,  633,  634,  635,   33,  641,  517,
+ /*  1210 */   555,   10,  439,  447,   17,  464,  472,   23,  489,  497,
+ /*  1220 */   799,  641,   72,  833,  824,  825,  366,  369,  641,  641,
+ /*  1230 */   641,  832,   53,  371,  641,  104,  556,  557,  558,  559,
+ /*  1240 */   560,  561,  562,  563,  564,  565,  566,  567,  568,  569,
+ /*  1250 */   570,  571,  572,  573,  574,  575,  576,  577,  578,  579,
+ /*  1260 */   580,  581,  582,  583,  584,  585,  586,  587,  588,  589,
+ /*  1270 */   590,  591,  592,  593,  594,  595,  596,  597,  598,  599,
+ /*  1280 */   600,  601,  602,  603,  604,  605,  606,  607,  608,  609,
+ /*  1290 */   610,  611,  612,  613,  614,  615,  616,  617,  618,  619,
+ /*  1300 */   620,  621,  622,  623,  624,  625,  626,  627,  628,  629,
+ /*  1310 */   630,  631,  632,  633,  634,  635,   34,  517,  798,  555,
+ /*  1320 */    72,  833,  824,  825,  641,  641,  641,  641,  797,  832,
+ /*  1330 */    72,  833,  824,  825,  641,  641,  641,  641,  641,  832,
+ /*  1340 */    60,  641,  641,  641,  104,  556,  557,  558,  559,  560,
+ /*  1350 */   561,  562,  563,  564,  565,  566,  567,  568,  569,  570,
+ /*  1360 */   571,  572,  573,  574,  575,  576,  577,  578,  579,  580,
+ /*  1370 */   581,  582,  583,  584,  585,  586,  587,  588,  589,  590,
+ /*  1380 */   591,  592,  593,  594,  595,  596,  597,  598,  599,  600,
+ /*  1390 */   601,  602,  603,  604,  605,  606,  607,  608,  609,  610,
+ /*  1400 */   611,  612,  613,  614,  615,  616,  617,  618,  619,  620,
+ /*  1410 */   621,  622,  623,  624,  625,  626,  627,  628,  629,  630,
+ /*  1420 */   631,  632,  633,  634,  635,   35,  641,  795,  555,   72,
+ /*  1430 */   833,  824,  825,  641,  641,  641,  641,  641,  832,   13,
+ /*  1440 */   464,  472,   21,  489,  497,   17,  464,  472,   23,  489,
+ /*  1450 */   497,  641,  641,  104,  556,  557,  558,  559,  560,  561,
+ /*  1460 */   562,  563,  564,  565,  566,  567,  568,  569,  570,  571,
+ /*  1470 */   572,  573,  574,  575,  576,  577,  578,  579,  580,  581,
+ /*  1480 */   582,  583,  584,  585,  586,  587,  588,  589,  590,  591,
+ /*  1490 */   592,  593,  594,  595,  596,  597,  598,  599,  600,  601,
+ /*  1500 */   602,  603,  604,  605,  606,  607,  608,  609,  610,  611,
+ /*  1510 */   612,  613,  614,  615,  616,  617,  618,  619,  620,  621,
+ /*  1520 */   622,  623,  624,  625,  626,  627,  628,  629,  630,  631,
+ /*  1530 */   632,  633,  634,  635,   49,  641,  641,  555,  641,  641,
+ /*  1540 */   641,  641,  641,  641,  641,  641,  641,  641,  641,  641,
+ /*  1550 */   641,  641,  641,  641,  641,  641,  641,  641,  641,  641,
+ /*  1560 */   641,  641,  105,  556,  557,  558,  559,  560,  561,  562,
+ /*  1570 */   563,  564,  565,  566,  567,  568,  569,  570,  571,  572,
+ /*  1580 */   573,  574,  575,  576,  577,  578,  579,  580,  581,  582,
+ /*  1590 */   583,  584,  585,  586,  587,  588,  589,  590,  591,  592,
+ /*  1600 */   593,  594,  595,  596,  597,  598,  599,  600,  601,  602,
+ /*  1610 */   603,  604,  605,  606,  607,  608,  609,  610,  611,  612,
+ /*  1620 */   613,  614,  615,  616,  617,  618,  619,  620,  621,  622,
+ /*  1630 */   623,  624,  625,  626,  627,  628,  629,  630,  631,  632,
+ /*  1640 */   633,  634,  635,   36,  641,  641,  555,  641,  641,  641,
+ /*  1650 */   641,  641,  641,  641,  641,  641,  641,  641,  641,  641,
+ /*  1660 */   641,  641,  641,  641,  641,  641,  641,  641,  641,  641,
+ /*  1670 */   641,  641,  556,  557,  558,  559,  560,  561,  562,  563,
+ /*  1680 */   564,  565,  566,  567,  568,  569,  570,  571,  572,  573,
+ /*  1690 */   574,  575,  576,  577,  578,  579,  580,  581,  582,  583,
+ /*  1700 */   584,  585,  586,  587,  588,  589,  590,  591,  592,  593,
+ /*  1710 */   594,  595,  596,  597,  598,  599,  600,  601,  602,  603,
+ /*  1720 */   604,  605,  606,  607,  608,  609,  610,  611,  612,  613,
+ /*  1730 */   614,  615,  616,  617,  618,  619,  620,  621,  622,  623,
+ /*  1740 */   624,  625,  626,  627,  628,  629,  630,  631,  632,  633,
+ /*  1750 */   634,  635,  555,  641,  641,  641,  641,  641,  641,  641,
+ /*  1760 */   641,  641,  641,  641,  641,  641,  641,  641,  641,  641,
+ /*  1770 */   641,  641,  641,  641,  641,  641,  641,  641,  556,  557,
+ /*  1780 */   558,  559,  560,  561,  562,  563,  564,  565,  566,  567,
+ /*  1790 */   568,  569,  570,  571,  572,  573,  574,  575,  576,  577,
+ /*  1800 */   578,  579,  580,  581,  582,  583,  584,  585,  586,  587,
+ /*  1810 */   588,  589,  590,  591,  592,  593,  594,  595,  596,  597,
+ /*  1820 */   598,  599,  600,  601,  602,  603,  604,  605,  606,  607,
+ /*  1830 */   608,  609,  610,  611,  612,  613,  614,  615,  616,  617,
+ /*  1840 */   618,  619,  620,  621,  622,  623,  624,  625,  626,  627,
+ /*  1850 */   628,  629,  630,  631,  632,  633,  634,  635,   47,  574,
+ /*  1860 */   575,  576,  577,  578,  579,  580,  581,  582,  583,  584,
+ /*  1870 */   585,  586,  587,  588,  589,  590,  591,  592,  593,  594,
+ /*  1880 */   595,  596,  597,  598,  599,  600,  601,  602,  603,  604,
+ /*  1890 */   605,  606,  607,  608,  641,  641,  641,  641,  641,  641,
+ /*  1900 */   641,  641,  641,  641,  641,  574,  575,  576,  577,  578,
+ /*  1910 */   579,  580,  581,  582,  583,  584,  585,  586,  587,  588,
+ /*  1920 */   589,  590,  591,  592,  593,  594,  595,  596,  597,  598,
+ /*  1930 */   599,  600,  601,  602,  603,  604,  605,  606,  607,  608,
+ /*  1940 */   609,  610,  611,  612,  613,  614,  615,  616,  617,  618,
+ /*  1950 */   619,  620,  621,  622,  623,  624,  625,  626,  627,  628,
+ /*  1960 */   629,  630,  631,  632,  633,  634,  635,  367,  370,  641,
+ /*  1970 */   641,  641,  555,  641,  372,  641,  641,  641,  641,  641,
+ /*  1980 */   641,  641,  641,  641,  641,   26,  641,  641,   28,  641,
+ /*  1990 */   641,   39,  641,  641,   45,  641,  641,  106,  556,  557,
+ /*  2000 */   558,  559,  560,  561,  562,  563,  564,  565,  566,  567,
+ /*  2010 */   568,  569,  570,  571,  572,  573,  574,  575,  576,  577,
+ /*  2020 */   578,  579,  580,  581,  582,  583,  584,  585,  586,  587,
+ /*  2030 */   588,  589,  590,  591,  592,  593,  594,  595,  596,  597,
+ /*  2040 */   598,  599,  600,  601,  602,  603,  604,  605,  606,  607,
+ /*  2050 */   608,  574,  575,  576,  577,  578,  579,  580,  581,  582,
+ /*  2060 */   583,  584,  585,  586,  587,  588,  589,  590,  591,  592,
+ /*  2070 */   593,  594,  595,  596,  597,  598,  599,  600,  601,  602,
+ /*  2080 */   603,  604,  605,  606,  607,  608,  609,  610,  611,  612,
+ /*  2090 */   613,  614,  615,  616,  617,  618,  619,  620,  621,  622,
+ /*  2100 */   623,  624,  625,  626,  627,  628,  629,  630,  631,  632,
+ /*  2110 */   633,  634,  635,  363,  364,  641,  641,  641,  555,  641,
+ /*  2120 */   641,  641,  641,  641,  641,  641,  641,  641,  641,  641,
+ /*  2130 */   641,   26,  641,  641,   28,  641,  641,   39,  641,  641,
+ /*  2140 */    45,  641,  641,  106,  556,  557,  558,  559,  560,  561,
+ /*  2150 */   562,  563,  564,  565,  566,  567,  568,  569,  570,  571,
+ /*  2160 */   572,  573,  574,  575,  576,  577,  578,  579,  580,  581,
+ /*  2170 */   582,  583,  584,  585,  586,  587,  588,  589,  590,  591,
+ /*  2180 */   592,  593,  594,  595,  596,  597,  598,  599,  600,  601,
+ /*  2190 */   602,  603,  604,  605,  606,  607,  608,   63,  641,  641,
+ /*  2200 */   555,  641,  641,  641,  641,  641,  641,  641,  641,  641,
+ /*  2210 */   641,  641,  641,  641,  641,  641,   28,  641,  641,   39,
+ /*  2220 */   641,  641,   45,  641,  641,  106,  556,  557,  558,  559,
+ /*  2230 */   560,  561,  562,  563,  564,  565,  566,  567,  568,  569,
+ /*  2240 */   570,  571,  572,  573,  574,  575,  576,  577,  578,  579,
+ /*  2250 */   580,  581,  582,  583,  584,  585,  586,  587,  588,  589,
+ /*  2260 */   590,  591,  592,  593,  594,  595,  596,  597,  598,  599,
+ /*  2270 */   600,  601,  602,  603,  604,  605,  606,  607,  608,  555,
+ /*  2280 */   641,  641,  641,  641,  641,  641,  641,  641,  641,  641,
+ /*  2290 */   641,  641,   26,  641,  641,   28,  641,  641,   39,  641,
+ /*  2300 */   641,   45,  641,  641,  106,  556,  557,  558,  559,  560,
+ /*  2310 */   561,  562,  563,  564,  565,  566,  567,  568,  569,  570,
+ /*  2320 */   571,  572,  573,  574,  575,  576,  577,  578,  579,  580,
+ /*  2330 */   581,  582,  583,  584,  585,  586,  587,  588,  589,  590,
+ /*  2340 */   591,  592,  593,  594,  595,  596,  597,  598,  599,  600,
+ /*  2350 */   601,  602,  603,  604,  605,  606,  607,  608,   63,  641,
+ /*  2360 */   641,  555,  641,  641,  641,  641,  641,  641,  641,  641,
+ /*  2370 */   641,  641,  641,  641,  641,  641,  641,  641,  641,  641,
+ /*  2380 */    39,  641,  641,   45,  641,  641,  106,  556,  557,  558,
+ /*  2390 */   559,  560,  561,  562,  563,  564,  565,  566,  567,  568,
+ /*  2400 */   569,  570,  571,  572,  573,  574,  575,  576,  577,  578,
+ /*  2410 */   579,  580,  581,  582,  583,  584,  585,  586,  587,  588,
+ /*  2420 */   589,  590,  591,  592,  593,  594,  595,  596,  597,  598,
+ /*  2430 */   599,  600,  601,  602,  603,  604,  605,  606,  607,  608,
+ /*  2440 */    63,  641,  641,  555,  641,  641,  641,  641,  641,  641,
+ /*  2450 */   641,  641,  641,  641,  641,  641,  641,  641,  641,  641,
+ /*  2460 */   641,  641,  641,  641,  641,   45,  641,  641,  106,  556,
+ /*  2470 */   557,  558,  559,  560,  561,  562,  563,  564,  565,  566,
+ /*  2480 */   567,  568,  569,  570,  571,  572,  573,  574,  575,  576,
+ /*  2490 */   577,  578,  579,  580,  581,  582,  583,  584,  585,  586,
+ /*  2500 */   587,  588,  589,  590,  591,  592,  593,  594,  595,  596,
+ /*  2510 */   597,  598,  599,  600,  601,  602,  603,  604,  605,  606,
+ /*  2520 */   607,  608,   63,  641,  641,  555,  641,  641,  641,  641,
+ /*  2530 */   641,  641,  641,  641,  641,  641,  641,  641,  641,  641,
+ /*  2540 */   641,  641,  641,  641,  641,  641,  641,  641,  641,  641,
+ /*  2550 */   107,  556,  557,  558,  559,  560,  561,  562,  563,  564,
+ /*  2560 */   565,  566,  567,  568,  569,  570,  571,  572,  573,  574,
+ /*  2570 */   575,  576,  577,  578,  579,  580,  581,  582,  583,  584,
+ /*  2580 */   585,  586,  587,  588,  589,  590,  591,  592,  593,  594,
+ /*  2590 */   595,  596,  597,  598,  599,  600,  601,  602,  603,  604,
+ /*  2600 */   605,  606,  607,  608,   54,  641,  641,  555,  641,  641,
+ /*  2610 */   641,  641,  641,  641,  641,  641,  641,  641,  641,  641,
+ /*  2620 */   641,  641,  641,  641,  641,  641,  641,  641,  641,  641,
+ /*  2630 */   641,  641,  641,  556,  557,  558,  559,  560,  561,  562,
+ /*  2640 */   563,  564,  565,  566,  567,  568,  569,  570,  571,  572,
+ /*  2650 */   573,  574,  575,  576,  577,  578,  579,  580,  581,  582,
+ /*  2660 */   583,  584,  585,  586,  587,  588,  589,  590,  591,  592,
+ /*  2670 */   593,  594,  595,  596,  597,  598,  599,  600,  601,  602,
+ /*  2680 */   603,  604,  605,  606,  607,  608,  555,  641,  641,  641,
+ /*  2690 */   641,  641,  641,  641,  641,  641,  641,  641,  641,  641,
+ /*  2700 */   641,  641,  641,  641,  641,  641,  641,  641,  641,  641,
+ /*  2710 */   641,  641,  556,  557,  558,  559,  560,  561,  562,  563,
+ /*  2720 */   564,  565,  566,  567,  568,  569,  570,  571,  572,  573,
+ /*  2730 */   574,  575,  576,  577,  578,  579,  580,  581,  582,  583,
+ /*  2740 */   584,  585,  586,  587,  588,  589,  590,  591,  592,  593,
+ /*  2750 */   594,  595,  596,  597,  598,  599,  600,  601,  602,  603,
+ /*  2760 */   604,  605,  606,  607,  608,   92,  641,  641,  641,  641,
+ /*  2770 */   641,  641,   76,  641,  641,  641,  641,  817,  641,  711,
+ /*  2780 */   699,  718,  705,  726,  734,  719,  723,  727,  731,  735,
+ /*  2790 */   739,  744,  748,  752,  756,  760,  764,  769,  773,  777,
+ /*  2800 */   781,  785,  801,  810,   68,  833,  824,  825,  835,  827,
+ /*  2810 */   828,  837,  831,  832,  834,  836,   71,  641,  641,  641,
+ /*  2820 */   641,  641,  641,  837,  831,  641,  641,  836,  641,  641,
+ /*  2830 */   641,  641,   92,  641,  641,  641,  641,  641,   61,   76,
+ /*  2840 */   641,  641,  641,  641,  641,  641,  712,  700,  718,  706,
+ /*  2850 */   726,  734,  719,  723,  727,  731,  735,  739,  744,  748,
+ /*  2860 */   752,  756,  760,  764,  769,  773,  777,  781,  785,  801,
+ /*  2870 */   810,   68,  833,  824,  825,  835,  827,  828,  837,  831,
+ /*  2880 */   832,  834,  836,  641,  641,  574,  575,  576,  577,  578,
+ /*  2890 */   579,  580,  581,  582,  583,  584,  585,  586,  587,  588,
+ /*  2900 */   589,  590,  591,  592,  593,  594,  595,  596,  597,  598,
+ /*  2910 */   599,  600,  601,  602,  603,  604,  605,  606,  607,  608,
+ /*  2920 */   640,    3,    3,  642,   15,   89,  659,  660,  662,  641,
+ /*  2930 */   641,  641,   74,  641,  641,  641,  641,  641,  641,  641,
+ /*  2940 */   641,  702,  641,  708,  714,  641,  723,  641,  731,  641,
+ /*  2950 */   739,  641,  748,  641,  756,  641,  764,  641,  773,  641,
+ /*  2960 */   781,  641,  801,  810,   68,  833,  824,  825,  835,  827,
+ /*  2970 */   828,  837,  831,  832,  834,  836,   30,  641,  555,  641,
+ /*  2980 */   641,  641,  641,   31,  641,  641,  641,  641,  641,  641,
+ /*  2990 */   641,   43,  641,  641,   52,  641,  641,   57,  641,  641,
+ /*  3000 */    59,  641,  641,  103,  556,  557,  558,  559,  560,  561,
+ /*  3010 */   562,  563,  564,  565,  566,  567,  568,  569,  570,  571,
+ /*  3020 */   572,  573,  574,  575,  576,  577,  578,  579,  580,  581,
+ /*  3030 */   920,  642,   15,   89,  659,  660,  662,  641,  641,  641,
+ /*  3040 */    74,  641,  641,  641,  641,  641,  641,  641,  817,  702,
+ /*  3050 */   641,  708,  714,  641,  723,  641,  731,  641,  739,  641,
+ /*  3060 */   748,  641,  756,  641,  764,  641,  773,  641,  781,  641,
+ /*  3070 */   801,  810,   68,  833,  824,  825,  835,  827,  828,  837,
+ /*  3080 */   831,  832,  834,  836,   92,  799,  641,   70,  833,  824,
+ /*  3090 */   825,   79,  641,  641,  837,  831,  832,  641,  836,  641,
+ /*  3100 */   641,  641,  641,  641,  720,  743,  728,  751,  736,  759,
+ /*  3110 */   744,  748,  752,  756,  760,  764,  769,  773,  777,  781,
+ /*  3120 */   785,  801,  810,   68,  833,  824,  825,  835,  827,  828,
+ /*  3130 */   837,  831,  832,  834,  836,   92,  641,  641,  641,  641,
+ /*  3140 */   641,  641,   79,  641,  641,  641,  641,  641,  641,  641,
+ /*  3150 */   641,  816,  641,  641,  641,  721,  743,  729,  751,  737,
+ /*  3160 */   759,  744,  748,  752,  756,  760,  764,  769,  773,  777,
+ /*  3170 */   781,  785,  801,  810,   68,  833,  824,  825,  835,  827,
+ /*  3180 */   828,  837,  831,  832,  834,  836,   67,  641,  798,  555,
+ /*  3190 */    70,  833,  824,  825,  641,  641,  641,  837,  831,  832,
+ /*  3200 */   641,  836,   43,  641,  641,   52,  641,  641,   57,  641,
+ /*  3210 */   816,   59,  641,  641,  103,  556,  557,  558,  559,  560,
+ /*  3220 */   561,  562,  563,  564,  565,  566,  567,  568,  569,  570,
+ /*  3230 */   571,  572,  573,  574,  575,  576,  577,  578,  579,  580,
+ /*  3240 */   581,  643,   15,   89,  659,  660,  662,  641,  641,   71,
+ /*  3250 */    74,  641,  641,  641,  641,  641,  837,  831,  641,  702,
+ /*  3260 */   836,  708,  714,  641,  723,  641,  731,  641,  739,  641,
+ /*  3270 */   748,  641,  756,  641,  764,  641,  773,  641,  781,  641,
+ /*  3280 */   801,  810,   68,  833,  824,  825,  835,  827,  828,  837,
+ /*  3290 */   831,  832,  834,  836,   92,  641,  641,  641,  641,  641,
+ /*  3300 */   641,   77,  641,  641,  641,  641,  641,  641,  815,  700,
+ /*  3310 */   718,  706,  726,  641,  719,  723,  727,  731,  641,  641,
+ /*  3320 */   744,  748,  752,  756,  641,  641,  769,  773,  777,  781,
+ /*  3330 */   641,  801,  810,   68,  833,  824,  825,  835,  827,  828,
+ /*  3340 */   837,  831,  832,  834,  836,   92,  641,   71,  641,  641,
+ /*  3350 */   641,  641,   77,  641,  837,  831,  641,  641,  836,  641,
+ /*  3360 */   699,  718,  705,  726,  817,  719,  723,  727,  731,  641,
+ /*  3370 */   641,  744,  748,  752,  756,  641,  641,  769,  773,  777,
+ /*  3380 */   781,  641,  801,  810,   68,  833,  824,  825,  835,  827,
+ /*  3390 */   828,  837,  831,  832,  834,  836,   67,  641,  641,  555,
+ /*  3400 */   641,  799,  808,   68,  833,  824,  825,  835,  827,  828,
+ /*  3410 */   837,  831,  832,  834,  836,   52,  641,  641,   57,  641,
+ /*  3420 */   641,   59,  641,  641,  103,  556,  557,  558,  559,  560,
+ /*  3430 */   561,  562,  563,  564,  565,  566,  567,  568,  569,  570,
+ /*  3440 */   571,  572,  573,  574,  575,  576,  577,  578,  579,  580,
+ /*  3450 */   581,   67,  641,  641,  555,  641,  641,  641,  641,  641,
+ /*  3460 */   641,  641,  641,  641,  641,  641,  641,  641,  641,  641,
+ /*  3470 */   641,  641,  813,   57,  641,  641,   59,  641,  641,  103,
+ /*  3480 */   556,  557,  558,  559,  560,  561,  562,  563,  564,  565,
+ /*  3490 */   566,  567,  568,  569,  570,  571,  572,  573,  574,  575,
+ /*  3500 */   576,  577,  578,  579,  580,  581,   67,  641,  641,  555,
+ /*  3510 */   641,   71,  641,  641,  641,  641,  641,  641,  837,  831,
+ /*  3520 */   641,  641,  836,  641,  641,  641,  641,  641,   83,  641,
+ /*  3530 */   641,   59,  641,  641,  103,  556,  557,  558,  559,  560,
+ /*  3540 */   561,  562,  563,  564,  565,  566,  567,  568,  569,  570,
+ /*  3550 */   571,  572,  573,  574,  575,  576,  577,  578,  579,  580,
+ /*  3560 */   581,   67,  641,  641,  555,  795,  804,   68,  833,  824,
+ /*  3570 */   825,  835,  827,  828,  837,  831,  832,  834,  836,  641,
+ /*  3580 */   641,  641,  641,  641,  641,  641,  641,  641,  641,  103,
+ /*  3590 */   556,  557,  558,  559,  560,  561,  562,  563,  564,  565,
+ /*  3600 */   566,  567,  568,  569,  570,  571,  572,  573,  574,  575,
+ /*  3610 */   576,  577,  578,  579,  580,  581,   92,  641,  641,  641,
+ /*  3620 */   641,  641,  641,   80,  641,  641,  641,  641,  641,  641,
+ /*  3630 */   641,  641,  641,  641,  641,  641,  721,  743,  729,  751,
+ /*  3640 */   641,  641,  744,  748,  752,  756,  641,  641,  769,  773,
+ /*  3650 */   777,  781,  641,  801,  810,   68,  833,  824,  825,  835,
+ /*  3660 */   827,  828,  837,  831,  832,  834,  836,   92,  641,  641,
+ /*  3670 */   641,  641,  641,  641,   80,  641,  641,  641,  641,  641,
+ /*  3680 */   641,  641,  641,  641,  641,   84,  641,  720,  743,  728,
+ /*  3690 */   751,  641,  641,  744,  748,  752,  756,  641,  641,  769,
+ /*  3700 */   773,  777,  781,  641,  801,  810,   68,  833,  824,  825,
+ /*  3710 */   835,  827,  828,  837,  831,  832,  834,  836,   65,  641,
+ /*  3720 */   641,  555,  795,  804,   68,  833,  824,  825,  835,  827,
+ /*  3730 */   828,  837,  831,  832,  834,  836,  641,  641,  641,  641,
+ /*  3740 */   641,  641,  641,  641,  641,  641,  641,  556,  557,  558,
+ /*  3750 */   559,  560,  561,  562,  563,  564,  565,  566,  567,  568,
+ /*  3760 */   569,  570,  571,  572,  573,  574,  575,  576,  577,  578,
+ /*  3770 */   579,  580,  581,   92,  641,  641,  641,  641,  641,  641,
+ /*  3780 */    88,  641,  641,  641,  641,  641,  641,  641,  641,  641,
+ /*  3790 */   641,  641,  641,  641,  641,  641,  641,  641,  641,  745,
+ /*  3800 */   768,  753,  776,  761,  784,  769,  773,  777,  781,  785,
+ /*  3810 */   801,  810,   68,  833,  824,  825,  835,  827,  828,  837,
+ /*  3820 */   831,  832,  834,  836,   92,  641,  641,  641,  641,  641,
+ /*  3830 */   641,   88,  641,  641,  641,  641,  641,  641,  641,  641,
+ /*  3840 */   641,  813,  641,  641,  641,  641,  641,  641,  641,  641,
+ /*  3850 */   746,  768,  754,  776,  762,  784,  769,  773,  777,  781,
+ /*  3860 */   785,  801,  810,   68,  833,  824,  825,  835,  827,  828,
+ /*  3870 */   837,  831,  832,  834,  836,  555,  641,  641,  795,  804,
+ /*  3880 */    68,  833,  824,  825,  835,  827,  828,  837,  831,  832,
+ /*  3890 */   834,  836,  641,  641,  641,  641,  641,  641,  641,  641,
+ /*  3900 */    94,  556,  557,  558,  559,  560,  561,  562,  563,  564,
+ /*  3910 */   565,  566,  567,  568,  569,  570,  571,  572,  573,  574,
+ /*  3920 */   575,  576,  577,  578,  579,  580,  581,  555,  641,  641,
+ /*  3930 */   641,  641,  771,  796,  779,  805,  641,  801,  810,   68,
+ /*  3940 */   833,  824,  825,  835,  827,  828,  837,  831,  832,  834,
+ /*  3950 */   836,  641,  641,  556,  557,  558,  559,  560,  561,  562,
+ /*  3960 */   563,  582,  583,  584,  585,  586,  587,  588,  589,  590,
+ /*  3970 */   641,  555,  641,  641,  641,  641,  641,  641,  641,  582,
+ /*  3980 */   583,  584,  585,  586,  587,  588,  589,  590,  609,  610,
+ /*  3990 */   611,  612,  613,  614,  615,  616,  617,  556,  557,  558,
+ /*  4000 */   559,  560,  561,  562,  563,  641,  609,  610,  611,  612,
+ /*  4010 */   613,  614,  615,  616,  617,  641,  641,  641,  641,  641,
+ /*  4020 */   641,   92,  664,  663,  641,  641,  641,  641,   75,  641,
+ /*  4030 */   641,  641,  641,  641,  641,  641,  641,  702,  641,  708,
+ /*  4040 */   641,  641,  723,  641,  731,  641,   92,  641,  748,  641,
+ /*  4050 */   756,  641,  641,   93,  773,  641,  781,  641,  801,  810,
+ /*  4060 */    68,  833,  824,  825,  835,  827,  828,  837,  831,  832,
+ /*  4070 */   834,  836,  746,  768,  754,  776,  641,  641,  769,  773,
+ /*  4080 */   777,  781,  641,  801,  810,   68,  833,  824,  825,  835,
+ /*  4090 */   827,  828,  837,  831,  832,  834,  836,  641,  641,   92,
+ /*  4100 */   641,  641,  641,  641,  641,  641,   93,  641,  641,  641,
+ /*  4110 */   641,  641,  641,  815,  641,  641,  641,  641,  641,  641,
+ /*  4120 */   641,  641,  641,  641,  641,  745,  768,  753,  776,  641,
+ /*  4130 */   641,  769,  773,  777,  781,  641,  801,  810,   68,  833,
+ /*  4140 */   824,  825,  835,  827,  828,  837,  831,  832,  834,  836,
+ /*  4150 */   797,  641,   70,  833,  824,  825,  641,   92,  641,  837,
+ /*  4160 */   831,  832,  641,  836,  814,  641,  641,  641,  641,  641,
+ /*  4170 */   641,  641,  641,  641,  641,  641,   92,  641,  641,  641,
+ /*  4180 */   641,  641,  641,  814,  641,  641,  641,  641,  641,  770,
+ /*  4190 */   796,  778,  805,  786,  801,  810,   68,  833,  824,  825,
+ /*  4200 */   835,  827,  828,  837,  831,  832,  834,  836,  771,  796,
+ /*  4210 */   779,  805,  787,  801,  810,   68,  833,  824,  825,  835,
+ /*  4220 */   827,  828,  837,  831,  832,  834,  836,  641,  641,  641,
+ /*  4230 */   641,  641,  641,  641,  641,  641,  641,  641,  641,  641,
+ /*  4240 */   641,  641,  641,  641,  641,   94,  641,  641,  641,  641,
+ /*  4250 */   641,  641,  641,  641,  641,  641,  641,  641,  641,  641,
+ /*  4260 */   641,  641,  641,  641,  641,  641,  641,  641,  102,  641,
+ /*  4270 */   641,  641,  641,  641,  102,  101,  641,  770,  796,  778,
+ /*  4280 */   805,  814,  801,  810,   68,  833,  824,  825,  835,  827,
+ /*  4290 */   828,  837,  831,  832,  834,  836,   96,  641,  762,  784,
+ /*  4300 */   641,  641,  641,   81,  785,  641,  641,   71,  641,  641,
+ /*  4310 */   787,  700,  718,   71,  837,  831,  719,  723,  836,  641,
+ /*  4320 */   837,  831,  744,  748,  836,  641,  641,  641,  769,  773,
+ /*  4330 */   641,  641,   96,  801,  641,   70,  833,  824,  825,   81,
+ /*  4340 */   641,  641,  837,  831,  832,  641,  836,  699,  718,  641,
+ /*  4350 */   641,  641,  719,  723,  641,  641,  641,  555,  744,  748,
+ /*  4360 */   641,  641,  641,  641,  769,  773,  641,  641,  641,  801,
+ /*  4370 */   641,   70,  833,  824,  825,  641,  641,  641,  837,  831,
+ /*  4380 */   832,  641,  836,  556,  557,  558,  559,  560,  561,  562,
+ /*  4390 */   563,  641,  641,  641,  641,  641,  641,  641,   96,  641,
+ /*  4400 */   641,  641,  641,  641,  641,   87,  641,  641,  641,  582,
+ /*  4410 */   583,  584,  585,  586,  587,  588,  589,  590,  721,  743,
+ /*  4420 */   641,  641,  641,  641,  744,  748,  641,  641,  641,  641,
+ /*  4430 */   769,  773,  641,  641,  641,  801,   96,   70,  833,  824,
+ /*  4440 */   825,  641,  641,   87,  837,  831,  832,  641,  836,  641,
+ /*  4450 */   641,  641,  641,  641,  641,  641,  720,  743,   96,  665,
+ /*  4460 */   641,  641,  744,  748,  641,   78,  641,  641,  769,  773,
+ /*  4470 */   641,  641,  641,  801,  702,   70,  833,  824,  825,  723,
+ /*  4480 */   641,  641,  837,  831,  832,  748,  836,  641,  641,  641,
+ /*  4490 */   641,  773,  641,  641,  641,  801,  641,   70,  833,  824,
+ /*  4500 */   825,  641,   96,  666,  837,  831,  832,  641,  836,   78,
+ /*  4510 */   641,  641,  641,  641,  641,  641,  641,  641,  702,  641,
+ /*  4520 */   641,  641,  641,  723,  641,  816,  641,  641,  641,  748,
+ /*  4530 */   641,  641,  641,  641,  641,  773,  641,  641,  641,  801,
+ /*  4540 */   641,   70,  833,  824,  825,  815,  641,  641,  837,  831,
+ /*  4550 */   832,  641,  836,  641,  641,  641,  641,  641,  641,  641,
+ /*  4560 */   641,  641,  798,  807,   68,  833,  824,  825,  835,  827,
+ /*  4570 */   828,  837,  831,  832,  834,  836,  641,  641,  641,  641,
+ /*  4580 */   641,  641,  797,  806,   68,  833,  824,  825,  835,  827,
+ /*  4590 */   828,  837,  831,  832,  834,  836,   96,  641,  641,  641,
+ /*  4600 */   641,  641,  641,   97,  641,  641,  641,  641,  641,  641,
+ /*  4610 */   641,  641,  641,  641,  641,  641,  641,  641,  641,  641,
+ /*  4620 */   641,  641,  746,  768,   96,  641,  641,  641,  769,  773,
+ /*  4630 */   641,   97,  641,  801,  641,   70,  833,  824,  825,  641,
+ /*  4640 */   641,  641,  837,  831,  832,  641,  836,  641,  641,  641,
+ /*  4650 */   745,  768,  641,  641,  641,  641,  769,  773,  641,  641,
+ /*  4660 */   641,  801,  641,   70,  833,  824,  825,  697,  102,  641,
+ /*  4670 */   837,  831,  832,  641,  836,   85,  641,  641,  641,  641,
+ /*  4680 */   641,  694,  698,  641,  641,  641,  641,  714,  641,  641,
+ /*  4690 */   641,  641,  735,  739,  641,  641,  641,  641,  760,  764,
+ /*  4700 */   641,  641,  697,  102,  785,  102,  641,   71,  641,  641,
+ /*  4710 */    85,  641,   91,  641,  837,  831,  693,  698,  836,  712,
+ /*  4720 */   641,  641,  714,  641,  734,  641,  641,  735,  739,  735,
+ /*  4730 */   739,  641,  641,  760,  764,  760,  764,  641,  641,  785,
+ /*  4740 */   641,  785,   71,  641,   71,  641,  641,  641,  641,  837,
+ /*  4750 */   831,  837,  831,  836,  641,  836,  102,  641,  641,  641,
+ /*  4760 */   641,  641,  641,   91,  641,  641,  641,  641,  641,  641,
+ /*  4770 */   711,  641,  641,  641,  641,  734,   98,  641,  641,  641,
+ /*  4780 */   735,  739,  641,  641,  641,  641,  760,  764,   98,  641,
+ /*  4790 */   641,  641,  785,  641,  641,   71,  641,  641,  641,  641,
+ /*  4800 */   641,  641,  837,  831,  641,  641,  836,  641,  771,  796,
+ /*  4810 */   641,  641,  641,  801,  641,   70,  833,  824,  825,  641,
+ /*  4820 */   770,  796,  837,  831,  832,  801,  836,   70,  833,  824,
+ /*  4830 */   825,  641,  102,  641,  837,  831,  832,  641,  836,   95,
+ /*  4840 */   641,   16,  102,  641,  641,  661,  641,  641,  641,   86,
+ /*  4850 */   641,  641,  641,  641,  641,  641,  737,  759,  641,  641,
+ /*  4860 */   641,  714,  760,  764,  641,  641,  641,  739,  785,  102,
+ /*  4870 */   641,   71,  641,  764,  641,  641,   95,  641,  837,  831,
+ /*  4880 */   641,   71,  836,  641,  641,  641,  641,  641,  837,  831,
+ /*  4890 */   102,  641,  836,  736,  759,  102,  641,  101,  641,  760,
+ /*  4900 */   764,  641,  814,  641,  641,  785,  641,  641,   71,  641,
+ /*  4910 */   641,  641,  641,  641,  641,  837,  831,  641,  641,  836,
+ /*  4920 */   761,  784,  641,  641,  641,  641,  785,  641,  641,   71,
+ /*  4930 */   641,  786,  641,  641,   71,  641,  837,  831,  641,  641,
+ /*  4940 */   836,  837,  831,  641,  641,  836,
 };
 static const YYCODETYPE yy_lookahead[] = {
  /*     0 */     0,    1,  159,  159,  165,  162,    6,  159,    8,  165,
@@ -940,8 +1003,8 @@ static const YYCODETYPE yy_lookahead[] = {
  /*    80 */    80,   81,   82,   83,   84,   85,   86,   87,   88,   89,
  /*    90 */    90,   91,   92,   93,   94,   95,   96,   97,   98,   99,
  /*   100 */   100,  101,  102,  103,  104,  105,  106,  107,  108,  109,
- /*   110 */   110,  111,  112,  113,    1,   28,   29,   30,  131,    6,
- /*   120 */   131,    8,    5,   10,   11,   12,   13,   14,   15,   16,
+ /*   110 */   110,  111,  112,  113,    1,   30,   31,   32,   30,    6,
+ /*   120 */     5,    8,   33,   10,   11,   12,   13,   14,   15,   16,
  /*   130 */    17,   18,   19,   20,   21,   22,   23,   24,   25,   26,
  /*   140 */    27,   28,   29,   30,   31,   32,   33,   34,   35,   36,
  /*   150 */    37,   38,   39,   40,   41,   42,   43,   44,   45,   46,
@@ -951,8 +1014,8 @@ static const YYCODETYPE yy_lookahead[] = {
  /*   190 */    77,   78,   79,   80,   81,   82,   83,   84,   85,   86,
  /*   200 */    87,   88,   89,   90,   91,   92,   93,   94,   95,   96,
  /*   210 */    97,   98,   99,  100,  101,  102,  103,  104,  105,  106,
- /*   220 */   107,  108,  109,  110,  111,  112,  113,    6,   28,    8,
- /*   230 */    31,   10,   11,   12,   13,   14,   15,   16,   17,   18,
+ /*   220 */   107,  108,  109,  110,  111,  112,  113,    6,    5,    8,
+ /*   230 */     5,   10,   11,   12,   13,   14,   15,   16,   17,   18,
  /*   240 */    19,   20,   21,   22,   23,   24,   25,   26,   27,   28,
  /*   250 */    29,   30,   31,   32,   33,   34,   35,   36,   37,   38,
  /*   260 */    39,   40,   41,   42,   43,   44,   45,   46,   47,   48,
@@ -962,10 +1025,10 @@ static const YYCODETYPE yy_lookahead[] = {
  /*   300 */    79,   80,   81,   82,   83,   84,   85,   86,   87,   88,
  /*   310 */    89,   90,   91,   92,   93,   94,   95,   96,   97,   98,
  /*   320 */    99,  100,  101,  102,  103,  104,  105,  106,  107,  108,
- /*   330 */   109,  110,  111,  112,  113,    2,   25,    5,    5,   28,
- /*   340 */     7,    8,    9,   60,   61,   62,   63,   64,   65,   66,
- /*   350 */    67,   68,   19,   19,   20,   22,   22,   23,   25,   25,
- /*   360 */    26,   28,   28,   29,   31,    3,    4,   34,   35,   36,
+ /*   330 */   109,  110,  111,  112,  113,    2,   27,    5,    5,   30,
+ /*   340 */     7,    8,    9,    5,  156,  157,  158,  159,  160,  161,
+ /*   350 */   162,  163,  164,  170,   21,  167,  168,   24,   24,   25,
+ /*   360 */    27,   27,   28,   30,   30,   31,   33,   34,   35,   36,
  /*   370 */    37,   38,   39,   40,   41,   42,   43,   44,   45,   46,
  /*   380 */    47,   48,   49,   50,   51,   52,   53,   54,   55,   56,
  /*   390 */    57,   58,   59,   60,   61,   62,   63,   64,   65,   66,
@@ -973,10 +1036,10 @@ static const YYCODETYPE yy_lookahead[] = {
  /*   410 */    77,   78,   79,   80,   81,   82,   83,   84,   85,   86,
  /*   420 */    87,   88,   89,   90,   91,   92,   93,   94,   95,   96,
  /*   430 */    97,   98,   99,  100,  101,  102,  103,  104,  105,  106,
- /*   440 */   107,  108,  109,  110,  111,  112,  113,    5,   16,    5,
- /*   450 */     8,   19,   20,   21,   22,   23,   24,   25,   26,   27,
- /*   460 */    28,   29,   30,    5,   22,   22,   23,   25,   25,   26,
- /*   470 */    28,   28,   29,   31,   28,   29,   34,   35,   36,   37,
+ /*   440 */   107,  108,  109,  110,  111,  112,  113,    5,   18,  170,
+ /*   450 */     8,   21,   22,   23,   24,   25,   26,   27,   28,   29,
+ /*   460 */    30,   31,   32,  170,   21,   22,   24,   24,   25,   27,
+ /*   470 */    27,   28,   30,   30,   31,   33,   34,   35,   36,   37,
  /*   480 */    38,   39,   40,   41,   42,   43,   44,   45,   46,   47,
  /*   490 */    48,   49,   50,   51,   52,   53,   54,   55,   56,   57,
  /*   500 */    58,   59,   60,   61,   62,   63,   64,   65,   66,   67,
@@ -984,10 +1047,10 @@ static const YYCODETYPE yy_lookahead[] = {
  /*   520 */    78,   79,   80,   81,   82,   83,   84,   85,   86,   87,
  /*   530 */    88,   89,   90,   91,   92,   93,   94,   95,   96,   97,
  /*   540 */    98,   99,  100,  101,  102,  103,  104,  105,  106,  107,
- /*   550 */   108,  109,  110,  111,  112,  113,    5,   31,   32,    8,
- /*   560 */    19,   20,   21,   22,   23,   24,   25,   26,   27,   28,
- /*   570 */    29,   30,   19,   22,   19,   22,   25,   22,   25,   28,
- /*   580 */    25,   28,   31,   28,   31,   34,   35,   36,   37,   38,
+ /*   550 */   108,  109,  110,  111,  112,  113,    5,   30,   31,    8,
+ /*   560 */    21,   22,   23,   24,   25,   26,   27,   28,   29,   30,
+ /*   570 */    31,   32,  170,   21,  159,   24,   24,  162,   27,   27,
+ /*   580 */   165,   30,   30,  170,   33,   34,   35,   36,   37,   38,
  /*   590 */    39,   40,   41,   42,   43,   44,   45,   46,   47,   48,
  /*   600 */    49,   50,   51,   52,   53,   54,   55,   56,   57,   58,
  /*   610 */    59,   60,   61,   62,   63,   64,   65,   66,   67,   68,
@@ -995,10 +1058,10 @@ static const YYCODETYPE yy_lookahead[] = {
  /*   630 */    79,   80,   81,   82,   83,   84,   85,   86,   87,   88,
  /*   640 */    89,   90,   91,   92,   93,   94,   95,   96,   97,   98,
  /*   650 */    99,  100,  101,  102,  103,  104,  105,  106,  107,  108,
- /*   660 */   109,  110,  111,  112,  113,    8,   22,   23,   24,   25,
- /*   670 */    26,   27,   28,   29,   30,    5,   19,   25,   26,   22,
- /*   680 */    28,   29,   25,  159,   22,   28,  162,   25,   31,  165,
- /*   690 */    28,   34,   35,   36,   37,   38,   39,   40,   41,   42,
+ /*   660 */   109,  110,  111,  112,  113,    8,   10,   11,  156,  157,
+ /*   670 */   158,  159,  160,  161,  162,  163,  164,  170,   21,  167,
+ /*   680 */   168,   24,   27,   28,   27,   30,   31,   30,  170,   33,
+ /*   690 */    33,   34,   35,   36,   37,   38,   39,   40,   41,   42,
  /*   700 */    43,   44,   45,   46,   47,   48,   49,   50,   51,   52,
  /*   710 */    53,   54,   55,   56,   57,   58,   59,   60,   61,   62,
  /*   720 */    63,   64,   65,   66,   67,   68,   69,   70,   71,   72,
@@ -1006,9 +1069,9 @@ static const YYCODETYPE yy_lookahead[] = {
  /*   740 */    83,   84,   85,   86,   87,   88,   89,   90,   91,   92,
  /*   750 */    93,   94,   95,   96,   97,   98,   99,  100,  101,  102,
  /*   760 */   103,  104,  105,  106,  107,  108,  109,  110,  111,  112,
- /*   770 */   113,    5,   31,   32,    8,  155,  156,  157,  158,  159,
- /*   780 */   160,  161,  162,  163,  164,  165,  166,  167,  168,  169,
- /*   790 */   170,   25,    3,    4,   28,  170,  170,   31,  170,  170,
+ /*   770 */   113,    5,    3,    4,    8,  156,  157,  158,  159,  160,
+ /*   780 */   161,  162,  163,  164,  170,   21,  167,  168,   24,   24,
+ /*   790 */   170,   27,   27,   27,   30,   30,   30,   33,  170,   33,
  /*   800 */    34,   35,   36,   37,   38,   39,   40,   41,   42,   43,
  /*   810 */    44,   45,   46,   47,   48,   49,   50,   51,   52,   53,
  /*   820 */    54,   55,   56,   57,   58,   59,   60,   61,   62,   63,
@@ -1017,9 +1080,9 @@ static const YYCODETYPE yy_lookahead[] = {
  /*   850 */    84,   85,   86,   87,   88,   89,   90,   91,   92,   93,
  /*   860 */    94,   95,   96,   97,   98,   99,  100,  101,  102,  103,
  /*   870 */   104,  105,  106,  107,  108,  109,  110,  111,  112,  113,
- /*   880 */     5,  170,  170,    8,  155,  156,  157,  158,  159,  160,
- /*   890 */   161,  162,  163,  164,  165,  166,  167,  168,  169,  170,
- /*   900 */    25,  170,  170,   28,  170,  170,   31,  170,  170,   34,
+ /*   880 */     5,   10,   11,    8,  156,  157,  158,  159,  160,  161,
+ /*   890 */   162,  163,  164,  170,    2,  167,  168,    5,  170,    7,
+ /*   900 */   170,    9,   27,  170,   33,   30,  170,  170,   33,   34,
  /*   910 */    35,   36,   37,   38,   39,   40,   41,   42,   43,   44,
  /*   920 */    45,   46,   47,   48,   49,   50,   51,   52,   53,   54,
  /*   930 */    55,   56,   57,   58,   59,   60,   61,   62,   63,   64,
@@ -1028,9 +1091,9 @@ static const YYCODETYPE yy_lookahead[] = {
  /*   960 */    85,   86,   87,   88,   89,   90,   91,   92,   93,   94,
  /*   970 */    95,   96,   97,   98,   99,  100,  101,  102,  103,  104,
  /*   980 */   105,  106,  107,  108,  109,  110,  111,  112,  113,    5,
- /*   990 */   170,  170,    8,   16,   17,   18,   19,   20,   21,   22,
- /*  1000 */    23,   24,   25,   26,   27,   28,   29,   30,   31,   32,
- /*  1010 */    33,  170,   28,  170,  170,   31,  170,  170,   34,   35,
+ /*   990 */    10,   11,    8,   30,   31,   32,  170,  170,   18,   19,
+ /*  1000 */    20,   21,   22,   23,   24,   25,   26,   27,   28,   29,
+ /*  1010 */    30,   31,   32,   33,   30,  170,  170,   33,   34,   35,
  /*  1020 */    36,   37,   38,   39,   40,   41,   42,   43,   44,   45,
  /*  1030 */    46,   47,   48,   49,   50,   51,   52,   53,   54,   55,
  /*  1040 */    56,   57,   58,   59,   60,   61,   62,   63,   64,   65,
@@ -1038,10 +1101,10 @@ static const YYCODETYPE yy_lookahead[] = {
  /*  1060 */    76,   77,   78,   79,   80,   81,   82,   83,   84,   85,
  /*  1070 */    86,   87,   88,   89,   90,   91,   92,   93,   94,   95,
  /*  1080 */    96,   97,   98,   99,  100,  101,  102,  103,  104,  105,
- /*  1090 */   106,  107,  108,  109,  110,  111,  112,  113,    5,  170,
- /*  1100 */   170,    8,  155,  156,  157,  158,  159,  160,  161,  162,
- /*  1110 */   163,  164,  165,  166,  167,  168,  169,   31,   32,   33,
- /*  1120 */   170,   28,  170,  170,   31,  170,  170,   34,   35,   36,
+ /*  1090 */   106,  107,  108,  109,  110,  111,  112,  113,    5,   10,
+ /*  1100 */    11,    8,   60,   61,   62,   63,   64,   65,   66,   67,
+ /*  1110 */    68,   24,   25,   26,   27,   28,   29,   30,   31,   32,
+ /*  1120 */   170,  170,   33,   30,  170,  170,   33,   34,   35,   36,
  /*  1130 */    37,   38,   39,   40,   41,   42,   43,   44,   45,   46,
  /*  1140 */    47,   48,   49,   50,   51,   52,   53,   54,   55,   56,
  /*  1150 */    57,   58,   59,   60,   61,   62,   63,   64,   65,   66,
@@ -1049,10 +1112,10 @@ static const YYCODETYPE yy_lookahead[] = {
  /*  1170 */    77,   78,   79,   80,   81,   82,   83,   84,   85,   86,
  /*  1180 */    87,   88,   89,   90,   91,   92,   93,   94,   95,   96,
  /*  1190 */    97,   98,   99,  100,  101,  102,  103,  104,  105,  106,
- /*  1200 */   107,  108,  109,  110,  111,  112,  113,    5,  170,  170,
- /*  1210 */     8,  150,  151,  152,  153,  170,  155,  156,  157,  158,
- /*  1220 */   159,  160,  161,  162,  163,  164,  165,  166,  167,  168,
- /*  1230 */   169,  170,  170,   31,  170,  170,   34,   35,   36,   37,
+ /*  1200 */   107,  108,  109,  110,  111,  112,  113,    5,  170,   10,
+ /*  1210 */     8,   24,   25,   26,   27,   28,   29,   30,   31,   32,
+ /*  1220 */   156,  170,  158,  159,  160,  161,    3,    4,  170,  170,
+ /*  1230 */   170,  167,   33,   10,  170,   33,   34,   35,   36,   37,
  /*  1240 */    38,   39,   40,   41,   42,   43,   44,   45,   46,   47,
  /*  1250 */    48,   49,   50,   51,   52,   53,   54,   55,   56,   57,
  /*  1260 */    58,   59,   60,   61,   62,   63,   64,   65,   66,   67,
@@ -1060,10 +1123,10 @@ static const YYCODETYPE yy_lookahead[] = {
  /*  1280 */    78,   79,   80,   81,   82,   83,   84,   85,   86,   87,
  /*  1290 */    88,   89,   90,   91,   92,   93,   94,   95,   96,   97,
  /*  1300 */    98,   99,  100,  101,  102,  103,  104,  105,  106,  107,
- /*  1310 */   108,  109,  110,  111,  112,  113,    5,  170,  170,    8,
- /*  1320 */   150,  151,  152,  153,  170,  155,  156,  157,  158,  159,
- /*  1330 */   160,  161,  162,  163,  164,  165,  166,  167,  168,  169,
- /*  1340 */   170,  170,   31,  170,  170,   34,   35,   36,   37,   38,
+ /*  1310 */   108,  109,  110,  111,  112,  113,    5,   10,  156,    8,
+ /*  1320 */   158,  159,  160,  161,  170,  170,  170,  170,  156,  167,
+ /*  1330 */   158,  159,  160,  161,  170,  170,  170,  170,  170,  167,
+ /*  1340 */    33,  170,  170,  170,   33,   34,   35,   36,   37,   38,
  /*  1350 */    39,   40,   41,   42,   43,   44,   45,   46,   47,   48,
  /*  1360 */    49,   50,   51,   52,   53,   54,   55,   56,   57,   58,
  /*  1370 */    59,   60,   61,   62,   63,   64,   65,   66,   67,   68,
@@ -1071,10 +1134,10 @@ static const YYCODETYPE yy_lookahead[] = {
  /*  1390 */    79,   80,   81,   82,   83,   84,   85,   86,   87,   88,
  /*  1400 */    89,   90,   91,   92,   93,   94,   95,   96,   97,   98,
  /*  1410 */    99,  100,  101,  102,  103,  104,  105,  106,  107,  108,
- /*  1420 */   109,  110,  111,  112,  113,    5,  170,  170,    8,  155,
- /*  1430 */   156,  157,  158,  159,  160,  161,  162,  163,  164,  165,
- /*  1440 */   166,  167,  168,  169,   22,   23,   24,   25,   26,   27,
- /*  1450 */    28,   29,   30,  170,   34,   35,   36,   37,   38,   39,
+ /*  1420 */   109,  110,  111,  112,  113,    5,  170,  156,    8,  158,
+ /*  1430 */   159,  160,  161,  170,  170,  170,  170,  170,  167,   27,
+ /*  1440 */    28,   29,   30,   31,   32,   27,   28,   29,   30,   31,
+ /*  1450 */    32,  170,  170,   33,   34,   35,   36,   37,   38,   39,
  /*  1460 */    40,   41,   42,   43,   44,   45,   46,   47,   48,   49,
  /*  1470 */    50,   51,   52,   53,   54,   55,   56,   57,   58,   59,
  /*  1480 */    60,   61,   62,   63,   64,   65,   66,   67,   68,   69,
@@ -1082,338 +1145,401 @@ static const YYCODETYPE yy_lookahead[] = {
  /*  1500 */    80,   81,   82,   83,   84,   85,   86,   87,   88,   89,
  /*  1510 */    90,   91,   92,   93,   94,   95,   96,   97,   98,   99,
  /*  1520 */   100,  101,  102,  103,  104,  105,  106,  107,  108,  109,
- /*  1530 */   110,  111,  112,  113,    8,  150,  151,   28,   29,   30,
- /*  1540 */   155,  156,  170,  158,  159,  160,  161,  170,  170,  170,
- /*  1550 */   165,  166,  167,  170,  169,   31,   32,   33,  170,  170,
- /*  1560 */    34,   35,   36,   37,   38,   39,   40,   41,   42,   43,
- /*  1570 */    44,   45,   46,   47,   48,   49,   50,   51,   52,   53,
- /*  1580 */    54,   55,   56,   57,   58,   59,   60,   61,   62,   63,
- /*  1590 */    64,   65,   66,   67,   68,   69,   70,   71,   72,   73,
- /*  1600 */    74,   75,   76,   77,   78,   79,   80,   81,   82,   83,
- /*  1610 */    84,   85,   86,   87,   88,   89,   90,   91,   92,   93,
- /*  1620 */    94,   95,   96,   97,   98,   99,  100,  101,  102,  103,
- /*  1630 */   104,  105,  106,  107,  108,  109,  110,  111,  112,  113,
- /*  1640 */     5,  125,   25,   26,   27,   28,   29,   30,  132,  133,
- /*  1650 */   134,  135,  136,  137,  138,  139,  140,  141,  142,  143,
- /*  1660 */   144,  145,  146,  147,  148,  149,  150,  151,  152,  153,
- /*  1670 */   154,  155,  156,  157,  158,  159,  160,  161,  162,  163,
- /*  1680 */   164,  165,  166,  167,  168,  169,  170,   52,   53,   54,
- /*  1690 */    55,   56,   57,   58,   59,   60,   61,   62,   63,   64,
- /*  1700 */    65,   66,   67,   68,   69,   70,   71,   72,   73,   74,
- /*  1710 */    75,   76,   77,   78,   79,   80,   81,   82,   83,   84,
- /*  1720 */    85,   86,   87,   88,   89,   90,   91,   92,   93,   94,
- /*  1730 */    95,   96,   97,   98,   99,  100,  101,  102,  103,  104,
- /*  1740 */   105,  106,  107,  108,  109,  110,  111,  112,  113,   52,
- /*  1750 */    53,   54,   55,   56,   57,   58,   59,   60,   61,   62,
- /*  1760 */    63,   64,   65,   66,   67,   68,   69,   70,   71,   72,
- /*  1770 */    73,   74,   75,   76,   77,   78,   79,   80,   81,   82,
- /*  1780 */    83,   84,   85,   86,   87,   88,   89,   90,   91,   92,
- /*  1790 */    93,   94,   95,   96,   97,   98,   99,  100,  101,  102,
- /*  1800 */   103,  104,  105,  106,  107,  108,  109,  110,  111,  112,
- /*  1810 */   113,    3,    4,  170,  155,  156,    8,  158,  159,  160,
- /*  1820 */   161,  170,  170,  170,  165,  166,  167,   19,  169,  170,
- /*  1830 */    22,  170,  170,   25,  170,  170,   28,  170,  170,   31,
- /*  1840 */   170,  170,   34,   35,   36,   37,   38,   39,   40,   41,
- /*  1850 */    42,   43,   44,   45,   46,   47,   48,   49,   50,   51,
- /*  1860 */    52,   53,   54,   55,   56,   57,   58,   59,   60,   61,
- /*  1870 */    62,   63,   64,   65,   66,   67,   68,   69,   70,   71,
- /*  1880 */    72,   73,   74,   75,   76,   77,   78,   79,   80,   81,
- /*  1890 */    82,   83,   84,   85,   86,    3,    4,  170,  155,  156,
- /*  1900 */     8,  158,  159,  160,  161,  170,  170,  170,  165,  166,
- /*  1910 */   167,   19,  169,  170,   22,  170,  170,   25,  170,  170,
- /*  1920 */    28,  170,  170,   31,  170,  170,   34,   35,   36,   37,
- /*  1930 */    38,   39,   40,   41,   42,   43,   44,   45,   46,   47,
- /*  1940 */    48,   49,   50,   51,   52,   53,   54,   55,   56,   57,
- /*  1950 */    58,   59,   60,   61,   62,   63,   64,   65,   66,   67,
- /*  1960 */    68,   69,   70,   71,   72,   73,   74,   75,   76,   77,
- /*  1970 */    78,   79,   80,   81,   82,   83,   84,   85,   86,    5,
- /*  1980 */   155,  156,    8,  158,  159,  160,  161,  170,  170,  170,
- /*  1990 */   165,  166,  167,  170,  169,  170,   22,  170,  170,   25,
- /*  2000 */   170,  170,   28,  170,  170,   31,  170,  170,   34,   35,
- /*  2010 */    36,   37,   38,   39,   40,   41,   42,   43,   44,   45,
- /*  2020 */    46,   47,   48,   49,   50,   51,   52,   53,   54,   55,
- /*  2030 */    56,   57,   58,   59,   60,   61,   62,   63,   64,   65,
- /*  2040 */    66,   67,   68,   69,   70,   71,   72,   73,   74,   75,
- /*  2050 */    76,   77,   78,   79,   80,   81,   82,   83,   84,   85,
- /*  2060 */    86,    8,  170,  170,  155,  170,  170,  158,  159,  160,
- /*  2070 */   161,  170,   19,  170,  170,   22,  167,  170,   25,  170,
- /*  2080 */   170,   28,  170,  170,   31,  170,  170,   34,   35,   36,
- /*  2090 */    37,   38,   39,   40,   41,   42,   43,   44,   45,   46,
- /*  2100 */    47,   48,   49,   50,   51,   52,   53,   54,   55,   56,
- /*  2110 */    57,   58,   59,   60,   61,   62,   63,   64,   65,   66,
- /*  2120 */    67,   68,   69,   70,   71,   72,   73,   74,   75,   76,
- /*  2130 */    77,   78,   79,   80,   81,   82,   83,   84,   85,   86,
- /*  2140 */     5,  155,  170,    8,  158,  159,  160,  161,  170,  170,
- /*  2150 */   170,  170,  155,  167,  170,  158,  159,  160,  161,  170,
- /*  2160 */    25,  170,  170,   28,  167,  170,   31,  170,  170,   34,
- /*  2170 */    35,   36,   37,   38,   39,   40,   41,   42,   43,   44,
- /*  2180 */    45,   46,   47,   48,   49,   50,   51,   52,   53,   54,
- /*  2190 */    55,   56,   57,   58,   59,   60,   61,   62,   63,   64,
- /*  2200 */    65,   66,   67,   68,   69,   70,   71,   72,   73,   74,
- /*  2210 */    75,   76,   77,   78,   79,   80,   81,   82,   83,   84,
- /*  2220 */    85,   86,    5,  150,  151,    8,  170,  170,  155,  156,
- /*  2230 */   170,  158,  159,  160,  161,  170,  170,  170,  165,  166,
- /*  2240 */   167,  170,  169,  170,  170,   28,  170,  170,   31,  170,
- /*  2250 */   170,   34,   35,   36,   37,   38,   39,   40,   41,   42,
- /*  2260 */    43,   44,   45,   46,   47,   48,   49,   50,   51,   52,
- /*  2270 */    53,   54,   55,   56,   57,   58,   59,   60,   61,   62,
- /*  2280 */    63,   64,   65,   66,   67,   68,   69,   70,   71,   72,
- /*  2290 */    73,   74,   75,   76,   77,   78,   79,   80,   81,   82,
- /*  2300 */    83,   84,   85,   86,    5,  170,  170,    8,   25,   26,
- /*  2310 */    27,   28,   29,   30,  170,  170,  155,  170,  157,  158,
- /*  2320 */   159,  160,  161,  162,  163,  164,  170,  170,  167,  168,
- /*  2330 */    31,  170,  170,   34,   35,   36,   37,   38,   39,   40,
- /*  2340 */    41,   42,   43,   44,   45,   46,   47,   48,   49,   50,
- /*  2350 */    51,   52,   53,   54,   55,   56,   57,   58,   59,   60,
- /*  2360 */    61,   62,   63,   64,   65,   66,   67,   68,   69,   70,
- /*  2370 */    71,   72,   73,   74,   75,   76,   77,   78,   79,   80,
- /*  2380 */    81,   82,   83,   84,   85,   86,    5,  170,  155,    8,
- /*  2390 */   157,  158,  159,  160,  161,  162,  163,  164,  170,  170,
- /*  2400 */   167,  168,  170,  170,  170,  170,  170,  170,  170,  170,
- /*  2410 */   170,  170,  170,  170,  170,   34,   35,   36,   37,   38,
- /*  2420 */    39,   40,   41,   42,   43,   44,   45,   46,   47,   48,
- /*  2430 */    49,   50,   51,   52,   53,   54,   55,   56,   57,   58,
- /*  2440 */    59,   60,   61,   62,   63,   64,   65,   66,   67,   68,
- /*  2450 */    69,   70,   71,   72,   73,   74,   75,   76,   77,   78,
- /*  2460 */    79,   80,   81,   82,   83,   84,   85,   86,    8,  170,
- /*  2470 */   170,  170,  155,  170,  157,  158,  159,  160,  161,  162,
- /*  2480 */   163,  164,  170,  170,  167,  168,  170,  170,  170,  170,
- /*  2490 */   170,  170,  170,  170,   34,   35,   36,   37,   38,   39,
- /*  2500 */    40,   41,   42,   43,   44,   45,   46,   47,   48,   49,
- /*  2510 */    50,   51,   52,   53,   54,   55,   56,   57,   58,   59,
- /*  2520 */    60,   61,   62,   63,   64,   65,   66,   67,   68,   69,
- /*  2530 */    70,   71,   72,   73,   74,   75,   76,   77,   78,   79,
- /*  2540 */    80,   81,   82,   83,   84,   85,   86,  125,    5,  170,
- /*  2550 */   170,  170,  170,  170,  132,  133,  134,  135,  136,  137,
- /*  2560 */   138,  139,  140,  141,  142,  143,  144,  145,  146,  147,
- /*  2570 */   148,  149,  150,  151,  152,  153,  154,  155,  156,  157,
- /*  2580 */   158,  159,  160,  161,  162,  163,  164,  165,  166,  167,
- /*  2590 */   168,  169,  170,  170,  170,   52,   53,   54,   55,   56,
- /*  2600 */    57,   58,   59,   60,   61,   62,   63,   64,   65,   66,
- /*  2610 */    67,   68,   69,   70,   71,   72,   73,   74,   75,   76,
- /*  2620 */    77,   78,   79,   80,   81,   82,   83,   84,   85,   86,
- /*  2630 */   114,  115,  116,  117,  118,  119,  120,  121,  170,  170,
- /*  2640 */   155,  125,  170,  158,  159,  160,  161,  170,  170,  133,
- /*  2650 */   170,  135,  167,  137,  170,  139,  170,  141,  170,  143,
- /*  2660 */   170,  145,  170,  147,  170,  149,  170,  151,  170,  153,
- /*  2670 */   170,  155,  156,  157,  158,  159,  160,  161,  162,  163,
- /*  2680 */   164,  165,  166,  167,  168,  169,   52,   53,   54,   55,
- /*  2690 */    56,   57,   58,   59,   60,   61,   62,   63,   64,   65,
- /*  2700 */    66,   67,   68,   69,   70,   71,   72,   73,   74,   75,
- /*  2710 */    76,   77,   78,   79,   80,   81,   82,   83,   84,   85,
- /*  2720 */    86,    6,  156,    8,  158,  170,   11,  170,  170,  170,
- /*  2730 */   170,  165,  166,  170,   19,  169,  170,   22,  170,  170,
- /*  2740 */    25,  170,  170,   28,  170,  170,   31,  170,  170,   34,
- /*  2750 */    35,   36,   37,   38,   39,   40,   41,   42,   43,   44,
- /*  2760 */    45,   46,   47,   48,   49,   50,   51,   52,   53,   54,
- /*  2770 */    55,   56,   57,   58,   59,  170,  116,  117,  118,  119,
- /*  2780 */   120,  121,  170,  170,  170,  125,  170,  170,  170,  170,
- /*  2790 */   170,  170,  170,  133,  170,  135,  170,  137,  170,  139,
- /*  2800 */   170,  141,  170,  143,  170,  145,    8,  147,  170,  149,
- /*  2810 */   170,  151,  170,  153,  170,  155,  156,  157,  158,  159,
- /*  2820 */   160,  161,  162,  163,  164,  165,  166,  167,  168,  169,
- /*  2830 */   125,  170,   34,   35,   36,   37,   38,   39,   40,   41,
- /*  2840 */   170,  170,  170,  138,  139,  140,  141,  142,  143,  144,
- /*  2850 */   145,  146,  147,  148,  149,  150,  151,  152,  153,  154,
- /*  2860 */   155,  156,  157,  158,  159,  160,  161,  162,  163,  164,
- /*  2870 */   165,  166,  167,  168,  169,  125,  170,  170,  170,  170,
- /*  2880 */   170,  170,  170,  170,  170,  170,  170,  170,  138,  139,
- /*  2890 */   140,  141,  142,  143,  144,  145,  146,  147,  148,  149,
- /*  2900 */   150,  151,  152,  153,  154,  155,  156,  157,  158,  159,
- /*  2910 */   160,  161,  162,  163,  164,  165,  166,  167,  168,  169,
- /*  2920 */   170,  117,  118,  119,  120,  121,  170,  170,  170,  125,
- /*  2930 */   170,  170,  170,  170,  170,  170,  170,  133,  170,  135,
- /*  2940 */   170,  137,  170,  139,  170,  141,  170,  143,  170,  145,
- /*  2950 */   170,  147,  170,  149,  170,  151,  170,  153,  170,  155,
- /*  2960 */   156,  157,  158,  159,  160,  161,  162,  163,  164,  165,
- /*  2970 */   166,  167,  168,  169,  125,  170,  170,  170,  170,  170,
- /*  2980 */   170,  132,  133,  134,  135,  170,  170,  138,  139,  140,
- /*  2990 */   141,  170,  170,  144,  145,  146,  147,  170,  170,  150,
- /*  3000 */   151,  152,  153,  170,  155,  156,  157,  158,  159,  160,
- /*  3010 */   161,  162,  163,  164,  165,  166,  167,  168,  169,  125,
- /*  3020 */   170,  170,  170,  170,  170,  170,  132,  133,  134,  135,
- /*  3030 */   170,  170,  138,  139,  140,  141,  170,  170,  144,  145,
- /*  3040 */   146,  147,  170,  170,  150,  151,  152,  153,  170,  155,
- /*  3050 */   156,  157,  158,  159,  160,  161,  162,  163,  164,  165,
- /*  3060 */   166,  167,  168,  169,    5,  170,  155,    8,  157,  158,
- /*  3070 */   159,  160,  161,  162,  163,  164,  170,  170,  167,  168,
- /*  3080 */   170,   22,  170,  170,   25,  170,  170,   28,  170,  170,
- /*  3090 */    31,  170,  125,   34,   35,   36,   37,   38,   39,   40,
- /*  3100 */    41,   42,   43,   44,   45,   46,   47,   48,   49,   50,
- /*  3110 */    51,   52,   53,   54,   55,   56,   57,   58,   59,    5,
- /*  3120 */   170,  154,    8,  156,  170,  158,  170,  170,  156,  170,
- /*  3130 */   158,  170,  165,  166,  170,  170,  169,  165,  166,   25,
- /*  3140 */   170,  169,   28,  170,  170,   31,  170,  170,   34,   35,
- /*  3150 */    36,   37,   38,   39,   40,   41,   42,   43,   44,   45,
- /*  3160 */    46,   47,   48,   49,   50,   51,   52,   53,   54,   55,
- /*  3170 */    56,   57,   58,   59,    5,  170,  156,    8,  158,  170,
- /*  3180 */   170,  170,  170,  170,  170,  165,  166,  170,  170,  169,
- /*  3190 */   170,  170,  170,  170,  170,  170,  170,   28,  170,  170,
- /*  3200 */    31,  170,  170,   34,   35,   36,   37,   38,   39,   40,
- /*  3210 */    41,   42,   43,   44,   45,   46,   47,   48,   49,   50,
- /*  3220 */    51,   52,   53,   54,   55,   56,   57,   58,   59,    5,
- /*  3230 */   170,  156,    8,  158,  170,  170,  170,  170,  170,  170,
- /*  3240 */   165,  166,  170,  170,  169,  170,  170,  170,  170,  170,
- /*  3250 */   170,  170,  170,  170,  170,   31,  170,  170,   34,   35,
- /*  3260 */    36,   37,   38,   39,   40,   41,   42,   43,   44,   45,
- /*  3270 */    46,   47,   48,   49,   50,   51,   52,   53,   54,   55,
- /*  3280 */    56,   57,   58,   59,  125,  170,  170,  170,  170,  170,
- /*  3290 */   170,  170,  170,  170,  170,  170,  170,  138,  139,  140,
- /*  3300 */   141,  170,  170,  144,  145,  146,  147,  170,  170,  150,
- /*  3310 */   151,  152,  153,  170,  155,  156,  157,  158,  159,  160,
- /*  3320 */   161,  162,  163,  164,  165,  166,  167,  168,  169,  125,
- /*  3330 */   170,  170,  170,  170,  170,  170,  170,  170,  170,  170,
- /*  3340 */   170,  170,  138,  139,  140,  141,  170,  170,  144,  145,
- /*  3350 */   146,  147,  170,  125,  150,  151,  152,  153,  170,  155,
- /*  3360 */   156,  157,  158,  159,  160,  161,  162,  163,  164,  165,
- /*  3370 */   166,  167,  168,  169,    5,  170,  170,    8,  150,  151,
- /*  3380 */   152,  153,  154,  155,  156,  157,  158,  159,  160,  161,
- /*  3390 */   162,  163,  164,  165,  166,  167,  168,  169,  170,  170,
- /*  3400 */   170,  125,  170,   34,   35,   36,   37,   38,   39,   40,
- /*  3410 */    41,   42,   43,   44,   45,   46,   47,   48,   49,   50,
- /*  3420 */    51,   52,   53,   54,   55,   56,   57,   58,   59,  125,
- /*  3430 */   154,  170,  156,  170,  158,  170,  170,  170,  170,  170,
- /*  3440 */   170,  165,  166,  170,  170,  169,  170,  170,  144,  145,
- /*  3450 */   146,  147,  148,  149,  150,  151,  152,  153,  154,  155,
- /*  3460 */   156,  157,  158,  159,  160,  161,  162,  163,  164,  165,
- /*  3470 */   166,  167,  168,  169,  125,  170,  170,  170,  170,  170,
- /*  3480 */   170,  170,  170,  170,  170,  170,  170,  170,  170,  170,
- /*  3490 */   170,  170,  170,  144,  145,  146,  147,  148,  149,  150,
- /*  3500 */   151,  152,  153,  154,  155,  156,  157,  158,  159,  160,
- /*  3510 */   161,  162,  163,  164,  165,  166,  167,  168,  169,    8,
- /*  3520 */   170,  170,  170,  170,  170,  170,  170,  170,  170,  170,
- /*  3530 */   170,  170,  170,  170,  170,  170,  170,  170,  170,  170,
- /*  3540 */   170,  170,  170,  170,  170,   34,   35,   36,   37,   38,
- /*  3550 */    39,   40,   41,   42,   43,   44,   45,   46,   47,   48,
- /*  3560 */    49,   50,   51,   52,   53,   54,   55,   56,   57,   58,
- /*  3570 */    59,    8,  170,  170,  170,  170,  170,  170,   60,   61,
- /*  3580 */    62,   63,   64,   65,   66,   67,   68,  170,    8,  170,
- /*  3590 */   170,  170,  170,  170,  170,  170,  170,   34,   35,   36,
- /*  3600 */    37,   38,   39,   40,   41,   87,   88,   89,   90,   91,
- /*  3610 */    92,   93,   94,   95,   34,   35,   36,   37,   38,   39,
- /*  3620 */    40,   41,  170,   60,   61,   62,   63,   64,   65,   66,
- /*  3630 */    67,   68,  170,  170,  170,  170,  170,  170,  170,  170,
- /*  3640 */    60,   61,   62,   63,   64,   65,   66,   67,   68,  170,
- /*  3650 */    87,   88,   89,   90,   91,   92,   93,   94,   95,  170,
- /*  3660 */   170,  170,  170,  170,  170,  119,  120,  170,  170,  170,
- /*  3670 */   170,  125,  170,  170,  170,  170,  170,  170,  170,  133,
- /*  3680 */   170,  135,  170,  170,  170,  139,  170,  141,  170,  170,
- /*  3690 */   170,  145,  170,  147,  170,  125,  170,  151,  170,  153,
- /*  3700 */   170,  155,  156,  157,  158,  159,  160,  161,  162,  163,
- /*  3710 */   164,  165,  166,  167,  168,  169,  170,  170,  148,  149,
- /*  3720 */   170,  170,  170,  125,  154,  170,  156,  170,  158,  170,
- /*  3730 */   170,  170,  170,  170,  170,  165,  166,  170,  170,  169,
- /*  3740 */   170,  170,  144,  145,  146,  147,  170,  170,  150,  151,
- /*  3750 */   152,  153,  125,  155,  156,  157,  158,  159,  160,  161,
- /*  3760 */   162,  163,  164,  165,  166,  167,  168,  169,  170,  170,
- /*  3770 */   170,  144,  145,  146,  147,  170,  125,  150,  151,  152,
- /*  3780 */   153,  170,  155,  156,  157,  158,  159,  160,  161,  162,
- /*  3790 */   163,  164,  165,  166,  167,  168,  169,  170,  170,  170,
- /*  3800 */   170,  150,  151,  152,  153,  154,  155,  156,  157,  158,
- /*  3810 */   159,  160,  161,  162,  163,  164,  165,  166,  167,  168,
- /*  3820 */   169,  170,  170,  125,  170,  170,  170,  170,  170,  170,
- /*  3830 */   132,  133,  170,  170,  170,  170,  138,  139,  170,  170,
- /*  3840 */   170,  170,  144,  145,  170,  170,  170,  170,  150,  151,
- /*  3850 */   170,  170,  170,  155,  156,  170,  158,  159,  160,  161,
- /*  3860 */   170,  170,  170,  165,  166,  167,  170,  169,  125,  170,
- /*  3870 */   170,  170,  170,  170,  170,  132,  133,  170,  170,  170,
- /*  3880 */   170,  138,  139,  170,  170,  170,  170,  144,  145,  170,
- /*  3890 */   170,  170,  170,  150,  151,  170,  170,  170,  155,  156,
- /*  3900 */   125,  158,  159,  160,  161,  170,  170,  170,  165,  166,
- /*  3910 */   167,  170,  169,  138,  139,  170,  170,  170,  170,  144,
- /*  3920 */   145,  170,  170,  170,  170,  150,  151,  170,  170,  170,
- /*  3930 */   155,  156,  125,  158,  159,  160,  161,  170,  170,  170,
- /*  3940 */   165,  166,  167,  170,  169,  138,  139,  170,  170,  170,
- /*  3950 */   170,  144,  145,  170,  170,  170,  170,  150,  151,  170,
- /*  3960 */   170,  170,  155,  156,  170,  158,  159,  160,  161,  119,
- /*  3970 */   170,  170,  165,  166,  167,  125,  169,  170,  170,  170,
- /*  3980 */   170,  170,  170,  133,  170,  170,  170,  170,  170,  139,
- /*  3990 */   170,  170,  170,  170,  170,  145,  170,  170,  170,  170,
- /*  4000 */   170,  151,  170,  170,  170,  155,  156,  119,  158,  159,
- /*  4010 */   160,  161,  170,  125,  170,  165,  166,  167,  170,  169,
- /*  4020 */   170,  133,  170,  170,  170,  170,  170,  139,  170,  170,
- /*  4030 */   170,  170,  170,  145,  170,  170,  170,  170,  170,  151,
- /*  4040 */   125,  170,  170,  155,  156,  170,  158,  159,  160,  161,
- /*  4050 */   170,  170,  170,  165,  166,  167,  170,  169,  170,  144,
- /*  4060 */   145,  170,  170,  170,  170,  150,  151,  125,  170,  170,
- /*  4070 */   155,  156,  170,  158,  159,  160,  161,  170,  170,  170,
- /*  4080 */   165,  166,  167,  170,  169,  170,  144,  145,  170,  170,
- /*  4090 */   170,  170,  150,  151,  170,  170,  170,  155,  156,  170,
- /*  4100 */   158,  159,  160,  161,  170,  170,  170,  165,  166,  167,
- /*  4110 */   170,  169,  170,  170,  170,  125,  170,  170,  170,  170,
- /*  4120 */   170,  170,  170,  170,  170,  170,  136,  137,  170,  170,
- /*  4130 */   170,  170,  142,  143,  170,  170,  170,  170,  148,  149,
- /*  4140 */   170,  170,  170,  170,  154,  170,  156,  170,  158,  170,
- /*  4150 */   170,  170,  170,  125,  170,  165,  166,  170,  170,  169,
- /*  4160 */   170,  170,  170,  170,  136,  137,  170,  170,  170,  170,
- /*  4170 */   142,  143,  170,  170,  170,  170,  148,  149,  170,  170,
- /*  4180 */   170,  170,  154,  170,  156,  118,  158,  170,  121,  170,
- /*  4190 */   170,  170,  125,  165,  166,  170,  170,  169,  170,  170,
- /*  4200 */   170,  170,  170,  170,  137,  170,  170,  170,  170,  170,
- /*  4210 */   143,  170,  170,  170,  170,  170,  149,  170,  170,  170,
- /*  4220 */   170,  170,  170,  156,  125,  158,  170,  170,  170,  170,
- /*  4230 */   170,  170,  165,  166,  170,  170,  169,  170,  170,  170,
- /*  4240 */   170,  142,  143,  170,  170,  170,  170,  148,  149,  170,
- /*  4250 */   170,  170,  125,  154,  170,  156,  170,  158,  170,  170,
- /*  4260 */   170,  170,  170,  170,  165,  166,  170,  170,  169,  142,
- /*  4270 */   143,  170,  170,  170,  125,  148,  149,  170,  170,  170,
- /*  4280 */   170,  154,  170,  156,  170,  158,  170,  170,  170,  170,
- /*  4290 */   170,  170,  165,  166,  170,  170,  169,  148,  149,  170,
- /*  4300 */   170,  170,  170,  154,  170,  156,  170,  158,  170,  170,
- /*  4310 */   170,  170,  170,  170,  165,  166,  170,  170,  169,  114,
- /*  4320 */   114,  114,  114,  114,  114,  114,  114,  114,  114,  114,
- /*  4330 */   114,  114,  114,  114,  114,  114,  114,  114,  114,  114,
- /*  4340 */   114,  114,  114,  114,  114,  114,  114,  114,  114,  114,
- /*  4350 */   114,  114,  114,  114,  114,  114,  114,  114,  114,  114,
- /*  4360 */   114,  114,  114,  114,  114,  114,  114,  114,  114,  114,
- /*  4370 */   114,  114,  114,  114,  114,  114,  114,  114,  114,  114,
- /*  4380 */   114,  114,  114,  114,  114,  114,  114,  114,  114,  114,
- /*  4390 */   114,  114,  114,  114,  114,  114,  114,  114,  114,  114,
- /*  4400 */   114,  114,  114,  114,  114,  114,  114,  114,  114,  114,
- /*  4410 */   114,  114,  114,  114,  114,  114,  114,  114,  114,  114,
- /*  4420 */   114,  114,  114,  114,  114,  114,  114,  114,  114,  114,
- /*  4430 */   114,  114,  114,
+ /*  1530 */   110,  111,  112,  113,    5,  170,  170,    8,  170,  170,
+ /*  1540 */   170,  170,  170,  170,  170,  170,  170,  170,  170,  170,
+ /*  1550 */   170,  170,  170,  170,  170,  170,  170,  170,  170,  170,
+ /*  1560 */   170,  170,   33,   34,   35,   36,   37,   38,   39,   40,
+ /*  1570 */    41,   42,   43,   44,   45,   46,   47,   48,   49,   50,
+ /*  1580 */    51,   52,   53,   54,   55,   56,   57,   58,   59,   60,
+ /*  1590 */    61,   62,   63,   64,   65,   66,   67,   68,   69,   70,
+ /*  1600 */    71,   72,   73,   74,   75,   76,   77,   78,   79,   80,
+ /*  1610 */    81,   82,   83,   84,   85,   86,   87,   88,   89,   90,
+ /*  1620 */    91,   92,   93,   94,   95,   96,   97,   98,   99,  100,
+ /*  1630 */   101,  102,  103,  104,  105,  106,  107,  108,  109,  110,
+ /*  1640 */   111,  112,  113,    5,  170,  170,    8,  170,  170,  170,
+ /*  1650 */   170,  170,  170,  170,  170,  170,  170,  170,  170,  170,
+ /*  1660 */   170,  170,  170,  170,  170,  170,  170,  170,  170,  170,
+ /*  1670 */   170,  170,   34,   35,   36,   37,   38,   39,   40,   41,
+ /*  1680 */    42,   43,   44,   45,   46,   47,   48,   49,   50,   51,
+ /*  1690 */    52,   53,   54,   55,   56,   57,   58,   59,   60,   61,
+ /*  1700 */    62,   63,   64,   65,   66,   67,   68,   69,   70,   71,
+ /*  1710 */    72,   73,   74,   75,   76,   77,   78,   79,   80,   81,
+ /*  1720 */    82,   83,   84,   85,   86,   87,   88,   89,   90,   91,
+ /*  1730 */    92,   93,   94,   95,   96,   97,   98,   99,  100,  101,
+ /*  1740 */   102,  103,  104,  105,  106,  107,  108,  109,  110,  111,
+ /*  1750 */   112,  113,    8,  170,  170,  170,  170,  170,  170,  170,
+ /*  1760 */   170,  170,  170,  170,  170,  170,  170,  170,  170,  170,
+ /*  1770 */   170,  170,  170,  170,  170,  170,  170,  170,   34,   35,
+ /*  1780 */    36,   37,   38,   39,   40,   41,   42,   43,   44,   45,
+ /*  1790 */    46,   47,   48,   49,   50,   51,   52,   53,   54,   55,
+ /*  1800 */    56,   57,   58,   59,   60,   61,   62,   63,   64,   65,
+ /*  1810 */    66,   67,   68,   69,   70,   71,   72,   73,   74,   75,
+ /*  1820 */    76,   77,   78,   79,   80,   81,   82,   83,   84,   85,
+ /*  1830 */    86,   87,   88,   89,   90,   91,   92,   93,   94,   95,
+ /*  1840 */    96,   97,   98,   99,  100,  101,  102,  103,  104,  105,
+ /*  1850 */   106,  107,  108,  109,  110,  111,  112,  113,    5,   52,
+ /*  1860 */    53,   54,   55,   56,   57,   58,   59,   60,   61,   62,
+ /*  1870 */    63,   64,   65,   66,   67,   68,   69,   70,   71,   72,
+ /*  1880 */    73,   74,   75,   76,   77,   78,   79,   80,   81,   82,
+ /*  1890 */    83,   84,   85,   86,  170,  170,  170,  170,  170,  170,
+ /*  1900 */   170,  170,  170,  170,  170,   52,   53,   54,   55,   56,
+ /*  1910 */    57,   58,   59,   60,   61,   62,   63,   64,   65,   66,
+ /*  1920 */    67,   68,   69,   70,   71,   72,   73,   74,   75,   76,
+ /*  1930 */    77,   78,   79,   80,   81,   82,   83,   84,   85,   86,
+ /*  1940 */    87,   88,   89,   90,   91,   92,   93,   94,   95,   96,
+ /*  1950 */    97,   98,   99,  100,  101,  102,  103,  104,  105,  106,
+ /*  1960 */   107,  108,  109,  110,  111,  112,  113,    3,    4,  170,
+ /*  1970 */   170,  170,    8,  170,   10,  170,  170,  170,  170,  170,
+ /*  1980 */   170,  170,  170,  170,  170,   21,  170,  170,   24,  170,
+ /*  1990 */   170,   27,  170,  170,   30,  170,  170,   33,   34,   35,
+ /*  2000 */    36,   37,   38,   39,   40,   41,   42,   43,   44,   45,
+ /*  2010 */    46,   47,   48,   49,   50,   51,   52,   53,   54,   55,
+ /*  2020 */    56,   57,   58,   59,   60,   61,   62,   63,   64,   65,
+ /*  2030 */    66,   67,   68,   69,   70,   71,   72,   73,   74,   75,
+ /*  2040 */    76,   77,   78,   79,   80,   81,   82,   83,   84,   85,
+ /*  2050 */    86,   52,   53,   54,   55,   56,   57,   58,   59,   60,
+ /*  2060 */    61,   62,   63,   64,   65,   66,   67,   68,   69,   70,
+ /*  2070 */    71,   72,   73,   74,   75,   76,   77,   78,   79,   80,
+ /*  2080 */    81,   82,   83,   84,   85,   86,   87,   88,   89,   90,
+ /*  2090 */    91,   92,   93,   94,   95,   96,   97,   98,   99,  100,
+ /*  2100 */   101,  102,  103,  104,  105,  106,  107,  108,  109,  110,
+ /*  2110 */   111,  112,  113,    3,    4,  170,  170,  170,    8,  170,
+ /*  2120 */   170,  170,  170,  170,  170,  170,  170,  170,  170,  170,
+ /*  2130 */   170,   21,  170,  170,   24,  170,  170,   27,  170,  170,
+ /*  2140 */    30,  170,  170,   33,   34,   35,   36,   37,   38,   39,
+ /*  2150 */    40,   41,   42,   43,   44,   45,   46,   47,   48,   49,
+ /*  2160 */    50,   51,   52,   53,   54,   55,   56,   57,   58,   59,
+ /*  2170 */    60,   61,   62,   63,   64,   65,   66,   67,   68,   69,
+ /*  2180 */    70,   71,   72,   73,   74,   75,   76,   77,   78,   79,
+ /*  2190 */    80,   81,   82,   83,   84,   85,   86,    5,  170,  170,
+ /*  2200 */     8,  170,  170,  170,  170,  170,  170,  170,  170,  170,
+ /*  2210 */   170,  170,  170,  170,  170,  170,   24,  170,  170,   27,
+ /*  2220 */   170,  170,   30,  170,  170,   33,   34,   35,   36,   37,
+ /*  2230 */    38,   39,   40,   41,   42,   43,   44,   45,   46,   47,
+ /*  2240 */    48,   49,   50,   51,   52,   53,   54,   55,   56,   57,
+ /*  2250 */    58,   59,   60,   61,   62,   63,   64,   65,   66,   67,
+ /*  2260 */    68,   69,   70,   71,   72,   73,   74,   75,   76,   77,
+ /*  2270 */    78,   79,   80,   81,   82,   83,   84,   85,   86,    8,
+ /*  2280 */   170,  170,  170,  170,  170,  170,  170,  170,  170,  170,
+ /*  2290 */   170,  170,   21,  170,  170,   24,  170,  170,   27,  170,
+ /*  2300 */   170,   30,  170,  170,   33,   34,   35,   36,   37,   38,
+ /*  2310 */    39,   40,   41,   42,   43,   44,   45,   46,   47,   48,
+ /*  2320 */    49,   50,   51,   52,   53,   54,   55,   56,   57,   58,
+ /*  2330 */    59,   60,   61,   62,   63,   64,   65,   66,   67,   68,
+ /*  2340 */    69,   70,   71,   72,   73,   74,   75,   76,   77,   78,
+ /*  2350 */    79,   80,   81,   82,   83,   84,   85,   86,    5,  170,
+ /*  2360 */   170,    8,  170,  170,  170,  170,  170,  170,  170,  170,
+ /*  2370 */   170,  170,  170,  170,  170,  170,  170,  170,  170,  170,
+ /*  2380 */    27,  170,  170,   30,  170,  170,   33,   34,   35,   36,
+ /*  2390 */    37,   38,   39,   40,   41,   42,   43,   44,   45,   46,
+ /*  2400 */    47,   48,   49,   50,   51,   52,   53,   54,   55,   56,
+ /*  2410 */    57,   58,   59,   60,   61,   62,   63,   64,   65,   66,
+ /*  2420 */    67,   68,   69,   70,   71,   72,   73,   74,   75,   76,
+ /*  2430 */    77,   78,   79,   80,   81,   82,   83,   84,   85,   86,
+ /*  2440 */     5,  170,  170,    8,  170,  170,  170,  170,  170,  170,
+ /*  2450 */   170,  170,  170,  170,  170,  170,  170,  170,  170,  170,
+ /*  2460 */   170,  170,  170,  170,  170,   30,  170,  170,   33,   34,
+ /*  2470 */    35,   36,   37,   38,   39,   40,   41,   42,   43,   44,
+ /*  2480 */    45,   46,   47,   48,   49,   50,   51,   52,   53,   54,
+ /*  2490 */    55,   56,   57,   58,   59,   60,   61,   62,   63,   64,
+ /*  2500 */    65,   66,   67,   68,   69,   70,   71,   72,   73,   74,
+ /*  2510 */    75,   76,   77,   78,   79,   80,   81,   82,   83,   84,
+ /*  2520 */    85,   86,    5,  170,  170,    8,  170,  170,  170,  170,
+ /*  2530 */   170,  170,  170,  170,  170,  170,  170,  170,  170,  170,
+ /*  2540 */   170,  170,  170,  170,  170,  170,  170,  170,  170,  170,
+ /*  2550 */    33,   34,   35,   36,   37,   38,   39,   40,   41,   42,
+ /*  2560 */    43,   44,   45,   46,   47,   48,   49,   50,   51,   52,
+ /*  2570 */    53,   54,   55,   56,   57,   58,   59,   60,   61,   62,
+ /*  2580 */    63,   64,   65,   66,   67,   68,   69,   70,   71,   72,
+ /*  2590 */    73,   74,   75,   76,   77,   78,   79,   80,   81,   82,
+ /*  2600 */    83,   84,   85,   86,    5,  170,  170,    8,  170,  170,
+ /*  2610 */   170,  170,  170,  170,  170,  170,  170,  170,  170,  170,
+ /*  2620 */   170,  170,  170,  170,  170,  170,  170,  170,  170,  170,
+ /*  2630 */   170,  170,  170,   34,   35,   36,   37,   38,   39,   40,
+ /*  2640 */    41,   42,   43,   44,   45,   46,   47,   48,   49,   50,
+ /*  2650 */    51,   52,   53,   54,   55,   56,   57,   58,   59,   60,
+ /*  2660 */    61,   62,   63,   64,   65,   66,   67,   68,   69,   70,
+ /*  2670 */    71,   72,   73,   74,   75,   76,   77,   78,   79,   80,
+ /*  2680 */    81,   82,   83,   84,   85,   86,    8,  170,  170,  170,
+ /*  2690 */   170,  170,  170,  170,  170,  170,  170,  170,  170,  170,
+ /*  2700 */   170,  170,  170,  170,  170,  170,  170,  170,  170,  170,
+ /*  2710 */   170,  170,   34,   35,   36,   37,   38,   39,   40,   41,
+ /*  2720 */    42,   43,   44,   45,   46,   47,   48,   49,   50,   51,
+ /*  2730 */    52,   53,   54,   55,   56,   57,   58,   59,   60,   61,
+ /*  2740 */    62,   63,   64,   65,   66,   67,   68,   69,   70,   71,
+ /*  2750 */    72,   73,   74,   75,   76,   77,   78,   79,   80,   81,
+ /*  2760 */    82,   83,   84,   85,   86,  119,  170,  170,  170,  170,
+ /*  2770 */   170,  170,  126,  170,  170,  170,  170,  119,  170,  133,
+ /*  2780 */   134,  135,  136,  137,  138,  139,  140,  141,  142,  143,
+ /*  2790 */   144,  145,  146,  147,  148,  149,  150,  151,  152,  153,
+ /*  2800 */   154,  155,  156,  157,  158,  159,  160,  161,  162,  163,
+ /*  2810 */   164,  165,  166,  167,  168,  169,  158,  170,  170,  170,
+ /*  2820 */   170,  170,  170,  165,  166,  170,  170,  169,  170,  170,
+ /*  2830 */   170,  170,  119,  170,  170,  170,  170,  170,    5,  126,
+ /*  2840 */   170,  170,  170,  170,  170,  170,  133,  134,  135,  136,
+ /*  2850 */   137,  138,  139,  140,  141,  142,  143,  144,  145,  146,
+ /*  2860 */   147,  148,  149,  150,  151,  152,  153,  154,  155,  156,
+ /*  2870 */   157,  158,  159,  160,  161,  162,  163,  164,  165,  166,
+ /*  2880 */   167,  168,  169,  170,  170,   52,   53,   54,   55,   56,
+ /*  2890 */    57,   58,   59,   60,   61,   62,   63,   64,   65,   66,
+ /*  2900 */    67,   68,   69,   70,   71,   72,   73,   74,   75,   76,
+ /*  2910 */    77,   78,   79,   80,   81,   82,   83,   84,   85,   86,
+ /*  2920 */   114,  115,  116,  117,  118,  119,  120,  121,  122,  170,
+ /*  2930 */   170,  170,  126,  170,  170,  170,  170,  170,  170,  170,
+ /*  2940 */   170,  135,  170,  137,  138,  170,  140,  170,  142,  170,
+ /*  2950 */   144,  170,  146,  170,  148,  170,  150,  170,  152,  170,
+ /*  2960 */   154,  170,  156,  157,  158,  159,  160,  161,  162,  163,
+ /*  2970 */   164,  165,  166,  167,  168,  169,    6,  170,    8,  170,
+ /*  2980 */   170,  170,  170,   13,  170,  170,  170,  170,  170,  170,
+ /*  2990 */   170,   21,  170,  170,   24,  170,  170,   27,  170,  170,
+ /*  3000 */    30,  170,  170,   33,   34,   35,   36,   37,   38,   39,
+ /*  3010 */    40,   41,   42,   43,   44,   45,   46,   47,   48,   49,
+ /*  3020 */    50,   51,   52,   53,   54,   55,   56,   57,   58,   59,
+ /*  3030 */   116,  117,  118,  119,  120,  121,  122,  170,  170,  170,
+ /*  3040 */   126,  170,  170,  170,  170,  170,  170,  170,  119,  135,
+ /*  3050 */   170,  137,  138,  170,  140,  170,  142,  170,  144,  170,
+ /*  3060 */   146,  170,  148,  170,  150,  170,  152,  170,  154,  170,
+ /*  3070 */   156,  157,  158,  159,  160,  161,  162,  163,  164,  165,
+ /*  3080 */   166,  167,  168,  169,  119,  156,  170,  158,  159,  160,
+ /*  3090 */   161,  126,  170,  170,  165,  166,  167,  170,  169,  170,
+ /*  3100 */   170,  170,  170,  170,  139,  140,  141,  142,  143,  144,
+ /*  3110 */   145,  146,  147,  148,  149,  150,  151,  152,  153,  154,
+ /*  3120 */   155,  156,  157,  158,  159,  160,  161,  162,  163,  164,
+ /*  3130 */   165,  166,  167,  168,  169,  119,  170,  170,  170,  170,
+ /*  3140 */   170,  170,  126,  170,  170,  170,  170,  170,  170,  170,
+ /*  3150 */   170,  119,  170,  170,  170,  139,  140,  141,  142,  143,
+ /*  3160 */   144,  145,  146,  147,  148,  149,  150,  151,  152,  153,
+ /*  3170 */   154,  155,  156,  157,  158,  159,  160,  161,  162,  163,
+ /*  3180 */   164,  165,  166,  167,  168,  169,    5,  170,  156,    8,
+ /*  3190 */   158,  159,  160,  161,  170,  170,  170,  165,  166,  167,
+ /*  3200 */   170,  169,   21,  170,  170,   24,  170,  170,   27,  170,
+ /*  3210 */   119,   30,  170,  170,   33,   34,   35,   36,   37,   38,
+ /*  3220 */    39,   40,   41,   42,   43,   44,   45,   46,   47,   48,
+ /*  3230 */    49,   50,   51,   52,   53,   54,   55,   56,   57,   58,
+ /*  3240 */    59,  117,  118,  119,  120,  121,  122,  170,  170,  158,
+ /*  3250 */   126,  170,  170,  170,  170,  170,  165,  166,  170,  135,
+ /*  3260 */   169,  137,  138,  170,  140,  170,  142,  170,  144,  170,
+ /*  3270 */   146,  170,  148,  170,  150,  170,  152,  170,  154,  170,
+ /*  3280 */   156,  157,  158,  159,  160,  161,  162,  163,  164,  165,
+ /*  3290 */   166,  167,  168,  169,  119,  170,  170,  170,  170,  170,
+ /*  3300 */   170,  126,  170,  170,  170,  170,  170,  170,  119,  134,
+ /*  3310 */   135,  136,  137,  170,  139,  140,  141,  142,  170,  170,
+ /*  3320 */   145,  146,  147,  148,  170,  170,  151,  152,  153,  154,
+ /*  3330 */   170,  156,  157,  158,  159,  160,  161,  162,  163,  164,
+ /*  3340 */   165,  166,  167,  168,  169,  119,  170,  158,  170,  170,
+ /*  3350 */   170,  170,  126,  170,  165,  166,  170,  170,  169,  170,
+ /*  3360 */   134,  135,  136,  137,  119,  139,  140,  141,  142,  170,
+ /*  3370 */   170,  145,  146,  147,  148,  170,  170,  151,  152,  153,
+ /*  3380 */   154,  170,  156,  157,  158,  159,  160,  161,  162,  163,
+ /*  3390 */   164,  165,  166,  167,  168,  169,    5,  170,  170,    8,
+ /*  3400 */   170,  156,  157,  158,  159,  160,  161,  162,  163,  164,
+ /*  3410 */   165,  166,  167,  168,  169,   24,  170,  170,   27,  170,
+ /*  3420 */   170,   30,  170,  170,   33,   34,   35,   36,   37,   38,
+ /*  3430 */    39,   40,   41,   42,   43,   44,   45,   46,   47,   48,
+ /*  3440 */    49,   50,   51,   52,   53,   54,   55,   56,   57,   58,
+ /*  3450 */    59,    5,  170,  170,    8,  170,  170,  170,  170,  170,
+ /*  3460 */   170,  170,  170,  170,  170,  170,  170,  170,  170,  170,
+ /*  3470 */   170,  170,  119,   27,  170,  170,   30,  170,  170,   33,
+ /*  3480 */    34,   35,   36,   37,   38,   39,   40,   41,   42,   43,
+ /*  3490 */    44,   45,   46,   47,   48,   49,   50,   51,   52,   53,
+ /*  3500 */    54,   55,   56,   57,   58,   59,    5,  170,  170,    8,
+ /*  3510 */   170,  158,  170,  170,  170,  170,  170,  170,  165,  166,
+ /*  3520 */   170,  170,  169,  170,  170,  170,  170,  170,  119,  170,
+ /*  3530 */   170,   30,  170,  170,   33,   34,   35,   36,   37,   38,
+ /*  3540 */    39,   40,   41,   42,   43,   44,   45,   46,   47,   48,
+ /*  3550 */    49,   50,   51,   52,   53,   54,   55,   56,   57,   58,
+ /*  3560 */    59,    5,  170,  170,    8,  156,  157,  158,  159,  160,
+ /*  3570 */   161,  162,  163,  164,  165,  166,  167,  168,  169,  170,
+ /*  3580 */   170,  170,  170,  170,  170,  170,  170,  170,  170,   33,
+ /*  3590 */    34,   35,   36,   37,   38,   39,   40,   41,   42,   43,
+ /*  3600 */    44,   45,   46,   47,   48,   49,   50,   51,   52,   53,
+ /*  3610 */    54,   55,   56,   57,   58,   59,  119,  170,  170,  170,
+ /*  3620 */   170,  170,  170,  126,  170,  170,  170,  170,  170,  170,
+ /*  3630 */   170,  170,  170,  170,  170,  170,  139,  140,  141,  142,
+ /*  3640 */   170,  170,  145,  146,  147,  148,  170,  170,  151,  152,
+ /*  3650 */   153,  154,  170,  156,  157,  158,  159,  160,  161,  162,
+ /*  3660 */   163,  164,  165,  166,  167,  168,  169,  119,  170,  170,
+ /*  3670 */   170,  170,  170,  170,  126,  170,  170,  170,  170,  170,
+ /*  3680 */   170,  170,  170,  170,  170,  119,  170,  139,  140,  141,
+ /*  3690 */   142,  170,  170,  145,  146,  147,  148,  170,  170,  151,
+ /*  3700 */   152,  153,  154,  170,  156,  157,  158,  159,  160,  161,
+ /*  3710 */   162,  163,  164,  165,  166,  167,  168,  169,    5,  170,
+ /*  3720 */   170,    8,  156,  157,  158,  159,  160,  161,  162,  163,
+ /*  3730 */   164,  165,  166,  167,  168,  169,  170,  170,  170,  170,
+ /*  3740 */   170,  170,  170,  170,  170,  170,  170,   34,   35,   36,
+ /*  3750 */    37,   38,   39,   40,   41,   42,   43,   44,   45,   46,
+ /*  3760 */    47,   48,   49,   50,   51,   52,   53,   54,   55,   56,
+ /*  3770 */    57,   58,   59,  119,  170,  170,  170,  170,  170,  170,
+ /*  3780 */   126,  170,  170,  170,  170,  170,  170,  170,  170,  170,
+ /*  3790 */   170,  170,  170,  170,  170,  170,  170,  170,  170,  145,
+ /*  3800 */   146,  147,  148,  149,  150,  151,  152,  153,  154,  155,
+ /*  3810 */   156,  157,  158,  159,  160,  161,  162,  163,  164,  165,
+ /*  3820 */   166,  167,  168,  169,  119,  170,  170,  170,  170,  170,
+ /*  3830 */   170,  126,  170,  170,  170,  170,  170,  170,  170,  170,
+ /*  3840 */   170,  119,  170,  170,  170,  170,  170,  170,  170,  170,
+ /*  3850 */   145,  146,  147,  148,  149,  150,  151,  152,  153,  154,
+ /*  3860 */   155,  156,  157,  158,  159,  160,  161,  162,  163,  164,
+ /*  3870 */   165,  166,  167,  168,  169,    8,  170,  170,  156,  157,
+ /*  3880 */   158,  159,  160,  161,  162,  163,  164,  165,  166,  167,
+ /*  3890 */   168,  169,  170,  170,  170,  170,  170,  170,  170,  170,
+ /*  3900 */   119,   34,   35,   36,   37,   38,   39,   40,   41,   42,
+ /*  3910 */    43,   44,   45,   46,   47,   48,   49,   50,   51,   52,
+ /*  3920 */    53,   54,   55,   56,   57,   58,   59,    8,  170,  170,
+ /*  3930 */   170,  170,  151,  152,  153,  154,  170,  156,  157,  158,
+ /*  3940 */   159,  160,  161,  162,  163,  164,  165,  166,  167,  168,
+ /*  3950 */   169,  170,  170,   34,   35,   36,   37,   38,   39,   40,
+ /*  3960 */    41,   60,   61,   62,   63,   64,   65,   66,   67,   68,
+ /*  3970 */   170,    8,  170,  170,  170,  170,  170,  170,  170,   60,
+ /*  3980 */    61,   62,   63,   64,   65,   66,   67,   68,   87,   88,
+ /*  3990 */    89,   90,   91,   92,   93,   94,   95,   34,   35,   36,
+ /*  4000 */    37,   38,   39,   40,   41,  170,   87,   88,   89,   90,
+ /*  4010 */    91,   92,   93,   94,   95,  170,  170,  170,  170,  170,
+ /*  4020 */   170,  119,  120,  121,  170,  170,  170,  170,  126,  170,
+ /*  4030 */   170,  170,  170,  170,  170,  170,  170,  135,  170,  137,
+ /*  4040 */   170,  170,  140,  170,  142,  170,  119,  170,  146,  170,
+ /*  4050 */   148,  170,  170,  126,  152,  170,  154,  170,  156,  157,
+ /*  4060 */   158,  159,  160,  161,  162,  163,  164,  165,  166,  167,
+ /*  4070 */   168,  169,  145,  146,  147,  148,  170,  170,  151,  152,
+ /*  4080 */   153,  154,  170,  156,  157,  158,  159,  160,  161,  162,
+ /*  4090 */   163,  164,  165,  166,  167,  168,  169,  170,  170,  119,
+ /*  4100 */   170,  170,  170,  170,  170,  170,  126,  170,  170,  170,
+ /*  4110 */   170,  170,  170,  119,  170,  170,  170,  170,  170,  170,
+ /*  4120 */   170,  170,  170,  170,  170,  145,  146,  147,  148,  170,
+ /*  4130 */   170,  151,  152,  153,  154,  170,  156,  157,  158,  159,
+ /*  4140 */   160,  161,  162,  163,  164,  165,  166,  167,  168,  169,
+ /*  4150 */   156,  170,  158,  159,  160,  161,  170,  119,  170,  165,
+ /*  4160 */   166,  167,  170,  169,  126,  170,  170,  170,  170,  170,
+ /*  4170 */   170,  170,  170,  170,  170,  170,  119,  170,  170,  170,
+ /*  4180 */   170,  170,  170,  126,  170,  170,  170,  170,  170,  151,
+ /*  4190 */   152,  153,  154,  155,  156,  157,  158,  159,  160,  161,
+ /*  4200 */   162,  163,  164,  165,  166,  167,  168,  169,  151,  152,
+ /*  4210 */   153,  154,  155,  156,  157,  158,  159,  160,  161,  162,
+ /*  4220 */   163,  164,  165,  166,  167,  168,  169,  170,  170,  170,
+ /*  4230 */   170,  170,  170,  170,  170,  170,  170,  170,  170,  170,
+ /*  4240 */   170,  170,  170,  170,  170,  119,  170,  170,  170,  170,
+ /*  4250 */   170,  170,  170,  170,  170,  170,  170,  170,  170,  170,
+ /*  4260 */   170,  170,  170,  170,  170,  170,  170,  170,  119,  170,
+ /*  4270 */   170,  170,  170,  170,  119,  126,  170,  151,  152,  153,
+ /*  4280 */   154,  126,  156,  157,  158,  159,  160,  161,  162,  163,
+ /*  4290 */   164,  165,  166,  167,  168,  169,  119,  170,  149,  150,
+ /*  4300 */   170,  170,  170,  126,  155,  170,  170,  158,  170,  170,
+ /*  4310 */   155,  134,  135,  158,  165,  166,  139,  140,  169,  170,
+ /*  4320 */   165,  166,  145,  146,  169,  170,  170,  170,  151,  152,
+ /*  4330 */   170,  170,  119,  156,  170,  158,  159,  160,  161,  126,
+ /*  4340 */   170,  170,  165,  166,  167,  170,  169,  134,  135,  170,
+ /*  4350 */   170,  170,  139,  140,  170,  170,  170,    8,  145,  146,
+ /*  4360 */   170,  170,  170,  170,  151,  152,  170,  170,  170,  156,
+ /*  4370 */   170,  158,  159,  160,  161,  170,  170,  170,  165,  166,
+ /*  4380 */   167,  170,  169,   34,   35,   36,   37,   38,   39,   40,
+ /*  4390 */    41,  170,  170,  170,  170,  170,  170,  170,  119,  170,
+ /*  4400 */   170,  170,  170,  170,  170,  126,  170,  170,  170,   60,
+ /*  4410 */    61,   62,   63,   64,   65,   66,   67,   68,  139,  140,
+ /*  4420 */   170,  170,  170,  170,  145,  146,  170,  170,  170,  170,
+ /*  4430 */   151,  152,  170,  170,  170,  156,  119,  158,  159,  160,
+ /*  4440 */   161,  170,  170,  126,  165,  166,  167,  170,  169,  170,
+ /*  4450 */   170,  170,  170,  170,  170,  170,  139,  140,  119,  120,
+ /*  4460 */   170,  170,  145,  146,  170,  126,  170,  170,  151,  152,
+ /*  4470 */   170,  170,  170,  156,  135,  158,  159,  160,  161,  140,
+ /*  4480 */   170,  170,  165,  166,  167,  146,  169,  170,  170,  170,
+ /*  4490 */   170,  152,  170,  170,  170,  156,  170,  158,  159,  160,
+ /*  4500 */   161,  170,  119,  120,  165,  166,  167,  170,  169,  126,
+ /*  4510 */   170,  170,  170,  170,  170,  170,  170,  170,  135,  170,
+ /*  4520 */   170,  170,  170,  140,  170,  119,  170,  170,  170,  146,
+ /*  4530 */   170,  170,  170,  170,  170,  152,  170,  170,  170,  156,
+ /*  4540 */   170,  158,  159,  160,  161,  119,  170,  170,  165,  166,
+ /*  4550 */   167,  170,  169,  170,  170,  170,  170,  170,  170,  170,
+ /*  4560 */   170,  170,  156,  157,  158,  159,  160,  161,  162,  163,
+ /*  4570 */   164,  165,  166,  167,  168,  169,  170,  170,  170,  170,
+ /*  4580 */   170,  170,  156,  157,  158,  159,  160,  161,  162,  163,
+ /*  4590 */   164,  165,  166,  167,  168,  169,  119,  170,  170,  170,
+ /*  4600 */   170,  170,  170,  126,  170,  170,  170,  170,  170,  170,
+ /*  4610 */   170,  170,  170,  170,  170,  170,  170,  170,  170,  170,
+ /*  4620 */   170,  170,  145,  146,  119,  170,  170,  170,  151,  152,
+ /*  4630 */   170,  126,  170,  156,  170,  158,  159,  160,  161,  170,
+ /*  4640 */   170,  170,  165,  166,  167,  170,  169,  170,  170,  170,
+ /*  4650 */   145,  146,  170,  170,  170,  170,  151,  152,  170,  170,
+ /*  4660 */   170,  156,  170,  158,  159,  160,  161,  118,  119,  170,
+ /*  4670 */   165,  166,  167,  170,  169,  126,  170,  170,  170,  170,
+ /*  4680 */   170,  132,  133,  170,  170,  170,  170,  138,  170,  170,
+ /*  4690 */   170,  170,  143,  144,  170,  170,  170,  170,  149,  150,
+ /*  4700 */   170,  170,  118,  119,  155,  119,  170,  158,  170,  170,
+ /*  4710 */   126,  170,  126,  170,  165,  166,  132,  133,  169,  133,
+ /*  4720 */   170,  170,  138,  170,  138,  170,  170,  143,  144,  143,
+ /*  4730 */   144,  170,  170,  149,  150,  149,  150,  170,  170,  155,
+ /*  4740 */   170,  155,  158,  170,  158,  170,  170,  170,  170,  165,
+ /*  4750 */   166,  165,  166,  169,  170,  169,  119,  170,  170,  170,
+ /*  4760 */   170,  170,  170,  126,  170,  170,  170,  170,  170,  170,
+ /*  4770 */   133,  170,  170,  170,  170,  138,  119,  170,  170,  170,
+ /*  4780 */   143,  144,  170,  170,  170,  170,  149,  150,  119,  170,
+ /*  4790 */   170,  170,  155,  170,  170,  158,  170,  170,  170,  170,
+ /*  4800 */   170,  170,  165,  166,  170,  170,  169,  170,  151,  152,
+ /*  4810 */   170,  170,  170,  156,  170,  158,  159,  160,  161,  170,
+ /*  4820 */   151,  152,  165,  166,  167,  156,  169,  158,  159,  160,
+ /*  4830 */   161,  170,  119,  170,  165,  166,  167,  170,  169,  126,
+ /*  4840 */   170,  118,  119,  170,  170,  122,  170,  170,  170,  126,
+ /*  4850 */   170,  170,  170,  170,  170,  170,  143,  144,  170,  170,
+ /*  4860 */   170,  138,  149,  150,  170,  170,  170,  144,  155,  119,
+ /*  4870 */   170,  158,  170,  150,  170,  170,  126,  170,  165,  166,
+ /*  4880 */   170,  158,  169,  170,  170,  170,  170,  170,  165,  166,
+ /*  4890 */   119,  170,  169,  143,  144,  119,  170,  126,  170,  149,
+ /*  4900 */   150,  170,  126,  170,  170,  155,  170,  170,  158,  170,
+ /*  4910 */   170,  170,  170,  170,  170,  165,  166,  170,  170,  169,
+ /*  4920 */   149,  150,  170,  170,  170,  170,  155,  170,  170,  158,
+ /*  4930 */   170,  155,  170,  170,  158,  170,  165,  166,  170,  170,
+ /*  4940 */   169,  165,  166,  170,  170,  169,  114,  114,  114,  114,
+ /*  4950 */   114,  114,  114,  114,  114,  114,  114,  114,  114,  114,
+ /*  4960 */   114,  114,  114,  114,  114,  114,  114,  114,  114,  114,
+ /*  4970 */   114,  114,  114,  114,  114,  114,  114,  114,  114,  114,
+ /*  4980 */   114,  114,  114,  114,  114,  114,  114,  114,  114,  114,
+ /*  4990 */   114,  114,  114,  114,  114,  114,  114,  114,  114,  114,
+ /*  5000 */   114,  114,  114,  114,  114,  114,  114,  114,  114,  114,
+ /*  5010 */   114,  114,  114,  114,  114,  114,  114,  114,  114,  114,
+ /*  5020 */   114,  114,  114,  114,  114,  114,  114,  114,  114,  114,
+ /*  5030 */   114,  114,  114,  114,  114,  114,  114,  114,  114,  114,
+ /*  5040 */   114,  114,  114,  114,  114,  114,  114,  114,  114,  114,
+ /*  5050 */   114,  114,  114,  114,  114,  114,  114,  114,  114,  114,
 };
-#define YY_SHIFT_COUNT    (100)
+#define YY_SHIFT_COUNT    (107)
 #define YY_SHIFT_MIN      (0)
-#define YY_SHIFT_MAX      (3580)
+#define YY_SHIFT_MAX      (4349)
 static const unsigned short int yy_shift_ofst[] = {
  /*     0 */   113,  442,  442,    0,  766,  766,  766,  221,  551,  551,
  /*    10 */   875,  875,  984,  984,  984,  333,  657, 1093, 1093, 1202,
- /*    20 */  1202, 1202, 1311, 1311, 1974, 1974, 2135, 2135, 1808, 1892,
- /*    30 */  2053, 1420, 1526, 1526, 1526, 2217, 2217, 3059, 3059, 2299,
- /*    40 */  2299, 1635, 1697, 1697, 1697, 2715, 3114, 3114, 2381, 2460,
- /*    50 */  2460, 3169, 3169, 3224, 3224, 2543, 2634, 2634, 2634, 3369,
- /*    60 */  3511, 3511, 3511, 3563, 3518, 3580, 2798,  283, 4319, 4319,
- /*    70 */   977,  432,  541,  644, 1422,  334, 1617, 2283,  443,  553,
- /*    80 */   555,  652,   87,  662, 1086, 1509, 1524,  362,  311,  526,
- /*    90 */   446,  741,  789,  117,  200,  199,  332,  117,  444,  458,
- /*   100 */   670,
+ /*    20 */  1311, 1420, 1420, 1529, 1529, 2192, 2192, 2353, 2353, 1964,
+ /*    30 */  2110, 2271, 1638, 1744, 1744, 1744, 1744, 1744, 2435, 2435,
+ /*    40 */  3181, 3181, 3391, 3391, 2517, 2517, 1853, 1999, 1999, 1999,
+ /*    50 */  2970, 3446, 3446, 2599, 2678, 2678, 3501, 3501, 3556, 3556,
+ /*    60 */  2833, 1807, 1807, 1807, 3713, 3867, 3867, 3867, 3919, 3901,
+ /*    70 */  4349, 3963, 1042,  980,  430,  539, 1087, 1187,  443, 1412,
+ /*    80 */  1418,  334,  764,  892,  892,  552,  552,  655,   85,  656,
+ /*    90 */  1223,  765,  871,  963, 1089,  309, 1199,  527, 1307,  769,
+ /*   100 */   115,   88,   89,  223,  115,  225,  332,  338,
 };
-#define YY_REDUCE_COUNT (69)
+#define YY_REDUCE_COUNT (72)
 #define YY_REDUCE_MIN   (-161)
-#define YY_REDUCE_MAX   (4149)
+#define YY_REDUCE_MAX   (4776)
 static const short yy_reduce_ofst[] = {
- /*     0 */  2516, 1516, 2422, 2660, 2705, 2750, 2705, 2804, 2849, 2894,
- /*    10 */  3159, 3204, 3304, 3349, 3304, 3546, 3546, 3598, 3627, 3228,
- /*    20 */  3651, 3228, 1061, 1170, 3698, 3743, 3775, 3807, 3850, 3850,
- /*    30 */  3888,  620,  729,  947, 1274, 3915, 3942, 3990, 4028, 1385,
- /*    40 */  2073, 2161, 2233, 2317, 2911, 4067, 4099, 4127, 1659, 1743,
- /*    50 */  1825, 3570, 4149, 2967, 3276, 1909, 1986, 1997, 2485, 2566,
- /*    60 */  2972, 3020, 3075,  524, -157, -156, -161, -152,  -13,  -11,
+ /*     0 */  2806, 2646, 2713, 2914, 2965, 3016, 2965, 3124, 3175, 3226,
+ /*    10 */  3497, 3548, 3654, 3705, 3654, 3902, 3902, 3927, 3980, 4038,
+ /*    20 */  4057, 4057, 4038, 3781, 4126, 4177, 4213, 4279, 4317, 4339,
+ /*    30 */  4339, 4383, 3245, 3409, 3566, 3722, 4406, 4426, 4477, 4505,
+ /*    40 */  4549, 4584, 4586, 4637, 4657, 4669,  188,  512,  619,  728,
+ /*    50 */  4723, 4713, 4750, 2929, 3032, 3994, 4149, 4771, 4155, 4776,
+ /*    60 */  1064, 1162, 1172, 1271, 2658, 3091, 3189, 3353,  415, -157,
+ /*    70 */  -156, -161, -152,
 };
 static const YYACTIONTYPE yy_default[] = {
- /*     0 */   619,  690,  688,  619,  715,  713,  619,  619,  619,  619,
- /*    10 */   619,  619,  740,  738,  619,  634,  619,  619,  619,  765,
- /*    20 */   763,  619,  619,  619,  619,  619,  619,  619,  619,  619,
- /*    30 */   619,  791,  619,  619,  619,  619,  619,  688,  619,  619,
- /*    40 */   619,  619,  619,  619,  619,  619,  713,  619,  791,  619,
- /*    50 */   619,  738,  619,  763,  619,  619,  619,  619,  619,  791,
- /*    60 */   619,  619,  619,  803,  619,  803,  803,  619,  672,  619,
- /*    70 */   646,  764,  619,  764,  619,  619,  764,  619,  619,  645,
- /*    80 */   764,  619,  764,  764,  792,  619,  619,  811,  764,  792,
- /*    90 */   619,  619,  619,  793,  764,  792,  619,  619,  619,  619,
- /*   100 */   619,
+ /*     0 */   639,  715,  713,  639,  740,  738,  639,  639,  639,  639,
+ /*    10 */   639,  639,  765,  763,  639,  657,  639,  639,  639,  790,
+ /*    20 */   788,  788,  639,  639,  639,  639,  639,  639,  639,  639,
+ /*    30 */   639,  639,  818,  639,  639,  639,  639,  639,  639,  639,
+ /*    40 */   695,  639,  713,  639,  639,  639,  639,  639,  639,  639,
+ /*    50 */   639,  738,  639,  818,  639,  639,  763,  639,  788,  639,
+ /*    60 */   639,  639,  639,  639,  818,  639,  639,  639,  830,  639,
+ /*    70 */   830,  830,  639,  669,  789,  639,  789,  639,  639,  789,
+ /*    80 */   639,  639,  668,  794,  793,  789,  789,  639,  789,  819,
+ /*    90 */   838,  789,  819,  639,  639,  789,  819,  639,  639,  639,
+ /*   100 */   820,  789,  819,  639,  639,  639,  639,  639,
 };
 /********** End of lemon-generated parsing tables *****************************/
 
@@ -1526,30 +1652,30 @@ static const char *const yyTokenName[] = {
   /*    7 */ "QUARTERS",
   /*    8 */ "ONE",
   /*    9 */ "HALVES",
-  /*   10 */ "FRACTION",
-  /*   11 */ "AN",
-  /*   12 */ "ZERO_WHOLE_NUMBER",
-  /*   13 */ "WHOLE_NUMBER",
-  /*   14 */ "DECIMAL",
-  /*   15 */ "ZERO",
-  /*   16 */ "QUADRILLION",
-  /*   17 */ "QUADRILLIONTH",
-  /*   18 */ "QUADRILLIONTHS",
-  /*   19 */ "TRILLION",
-  /*   20 */ "TRILLIONTH",
-  /*   21 */ "TRILLIONTHS",
-  /*   22 */ "BILLION",
-  /*   23 */ "BILLIONTH",
-  /*   24 */ "BILLIONTHS",
-  /*   25 */ "MILLION",
-  /*   26 */ "MILLIONTH",
-  /*   27 */ "MILLIONTHS",
-  /*   28 */ "THOUSAND",
-  /*   29 */ "THOUSANDTH",
-  /*   30 */ "THOUSANDTHS",
-  /*   31 */ "HUNDRED",
-  /*   32 */ "HUNDREDTH",
-  /*   33 */ "HUNDREDTHS",
+  /*   10 */ "HUNDREDTH",
+  /*   11 */ "HUNDREDTHS",
+  /*   12 */ "FRACTION",
+  /*   13 */ "AN",
+  /*   14 */ "ZERO_WHOLE_NUMBER",
+  /*   15 */ "WHOLE_NUMBER",
+  /*   16 */ "DECIMAL",
+  /*   17 */ "ZERO",
+  /*   18 */ "QUADRILLION",
+  /*   19 */ "QUADRILLIONTH",
+  /*   20 */ "QUADRILLIONTHS",
+  /*   21 */ "TRILLION",
+  /*   22 */ "TRILLIONTH",
+  /*   23 */ "TRILLIONTHS",
+  /*   24 */ "BILLION",
+  /*   25 */ "BILLIONTH",
+  /*   26 */ "BILLIONTHS",
+  /*   27 */ "MILLION",
+  /*   28 */ "MILLIONTH",
+  /*   29 */ "MILLIONTHS",
+  /*   30 */ "THOUSAND",
+  /*   31 */ "THOUSANDTH",
+  /*   32 */ "THOUSANDTHS",
+  /*   33 */ "HUNDRED",
   /*   34 */ "TWO",
   /*   35 */ "THREE",
   /*   36 */ "FOUR",
@@ -1635,44 +1761,44 @@ static const char *const yyTokenName[] = {
   /*  116 */ "number",
   /*  117 */ "final_number",
   /*  118 */ "less_than_quadrillion",
-  /*  119 */ "less_than_quadrillionth",
-  /*  120 */ "less_than_quadrillionths",
-  /*  121 */ "fraction",
-  /*  122 */ "less_than_quintillionth_end_only",
-  /*  123 */ "less_than_quintillionth",
-  /*  124 */ "less_than_quadrillionth_end_only",
-  /*  125 */ "less_than_thousand",
-  /*  126 */ "less_than_quintillionths_end_only",
-  /*  127 */ "less_than_quintillionths",
-  /*  128 */ "less_than_quadrillionths_end_only",
-  /*  129 */ "less_than_quintillion_end_only",
-  /*  130 */ "less_than_quintillion",
-  /*  131 */ "less_than_quadrillion_end_only",
-  /*  132 */ "less_than_trillionth_end_only",
-  /*  133 */ "less_than_trillionth",
-  /*  134 */ "less_than_trillionths_end_only",
-  /*  135 */ "less_than_trillionths",
-  /*  136 */ "less_than_trillion_end_only",
-  /*  137 */ "less_than_trillion",
-  /*  138 */ "less_than_billionth_end_only",
-  /*  139 */ "less_than_billionth",
-  /*  140 */ "less_than_billionths_end_only",
-  /*  141 */ "less_than_billionths",
-  /*  142 */ "less_than_billion_end_only",
-  /*  143 */ "less_than_billion",
-  /*  144 */ "less_than_millionth_end_only",
-  /*  145 */ "less_than_millionth",
-  /*  146 */ "less_than_millionths_end_only",
-  /*  147 */ "less_than_millionths",
-  /*  148 */ "less_than_million_end_only",
-  /*  149 */ "less_than_million",
-  /*  150 */ "less_than_thousandth_end_only",
-  /*  151 */ "less_than_thousandth",
-  /*  152 */ "less_than_thousandths_end_only",
-  /*  153 */ "less_than_thousandths",
-  /*  154 */ "less_than_thousand_end_only",
-  /*  155 */ "less_than_hundredth",
-  /*  156 */ "less_than_hundred",
+  /*  119 */ "less_than_hundred",
+  /*  120 */ "less_than_quadrillionth",
+  /*  121 */ "less_than_quadrillionths",
+  /*  122 */ "fraction",
+  /*  123 */ "less_than_quintillionth_end_only",
+  /*  124 */ "less_than_quintillionth",
+  /*  125 */ "less_than_quadrillionth_end_only",
+  /*  126 */ "less_than_thousand",
+  /*  127 */ "less_than_quintillionths_end_only",
+  /*  128 */ "less_than_quintillionths",
+  /*  129 */ "less_than_quadrillionths_end_only",
+  /*  130 */ "less_than_quintillion_end_only",
+  /*  131 */ "less_than_quintillion",
+  /*  132 */ "less_than_quadrillion_end_only",
+  /*  133 */ "less_than_trillion_end_only",
+  /*  134 */ "less_than_trillionth_end_only",
+  /*  135 */ "less_than_trillionth",
+  /*  136 */ "less_than_trillionths_end_only",
+  /*  137 */ "less_than_trillionths",
+  /*  138 */ "less_than_trillion",
+  /*  139 */ "less_than_billionth_end_only",
+  /*  140 */ "less_than_billionth",
+  /*  141 */ "less_than_billionths_end_only",
+  /*  142 */ "less_than_billionths",
+  /*  143 */ "less_than_billion_end_only",
+  /*  144 */ "less_than_billion",
+  /*  145 */ "less_than_millionth_end_only",
+  /*  146 */ "less_than_millionth",
+  /*  147 */ "less_than_millionths_end_only",
+  /*  148 */ "less_than_millionths",
+  /*  149 */ "less_than_million_end_only",
+  /*  150 */ "less_than_million",
+  /*  151 */ "less_than_thousandth_end_only",
+  /*  152 */ "less_than_thousandth",
+  /*  153 */ "less_than_thousandths_end_only",
+  /*  154 */ "less_than_thousandths",
+  /*  155 */ "less_than_thousand_end_only",
+  /*  156 */ "less_than_hundredth",
   /*  157 */ "less_than_hundredths",
   /*  158 */ "tens",
   /*  159 */ "less_than_tenth",
@@ -1705,267 +1831,274 @@ static const char *const yyRuleName[] = {
  /*   9 */ "final_number ::= less_than_quadrillion HALVES",
  /*  10 */ "final_number ::= ONE HALF",
  /*  11 */ "final_number ::= A HALF",
- /*  12 */ "final_number ::= less_than_quadrillion",
- /*  13 */ "final_number ::= FRACTION",
- /*  14 */ "final_number ::= less_than_quadrillionth",
- /*  15 */ "final_number ::= less_than_quadrillionths",
- /*  16 */ "final_number ::= less_than_quadrillion AND fraction",
- /*  17 */ "final_number ::= fraction",
- /*  18 */ "fraction ::= less_than_quadrillion less_than_quadrillionths",
- /*  19 */ "fraction ::= less_than_quadrillion less_than_quadrillionth",
- /*  20 */ "fraction ::= A less_than_quadrillionth",
- /*  21 */ "fraction ::= AN less_than_quadrillionth",
- /*  22 */ "final_number ::= ZERO_WHOLE_NUMBER",
- /*  23 */ "final_number ::= WHOLE_NUMBER",
- /*  24 */ "final_number ::= DECIMAL",
- /*  25 */ "final_number ::= ZERO",
- /*  26 */ "less_than_quintillionth_end_only ::= less_than_quintillionth",
- /*  27 */ "less_than_quintillionth_end_only ::= less_than_quadrillionth_end_only",
- /*  28 */ "less_than_quintillionth ::= QUADRILLION less_than_quadrillionth_end_only",
- /*  29 */ "less_than_quintillionth ::= less_than_thousand QUADRILLION less_than_quadrillionth_end_only",
- /*  30 */ "less_than_quintillionth ::= less_than_thousand QUADRILLIONTH",
- /*  31 */ "less_than_quintillionth ::= less_than_quadrillionth",
- /*  32 */ "final_number ::= QUADRILLIONTH",
- /*  33 */ "final_number ::= DECIMAL QUADRILLIONTH",
- /*  34 */ "less_than_quintillionths_end_only ::= less_than_quintillionths",
- /*  35 */ "less_than_quintillionths_end_only ::= less_than_quadrillionths_end_only",
- /*  36 */ "less_than_quintillionths ::= QUADRILLION less_than_quadrillionths_end_only",
- /*  37 */ "less_than_quintillionths ::= less_than_thousand QUADRILLION less_than_quadrillionths_end_only",
- /*  38 */ "less_than_quintillionths ::= less_than_thousand QUADRILLIONTHS",
- /*  39 */ "less_than_quintillionths ::= less_than_quadrillionths",
- /*  40 */ "final_number ::= QUADRILLIONTHS",
- /*  41 */ "final_number ::= DECIMAL QUADRILLIONTHS",
- /*  42 */ "less_than_quintillion_end_only ::= less_than_quintillion",
- /*  43 */ "less_than_quintillion_end_only ::= less_than_quadrillion_end_only",
- /*  44 */ "less_than_quintillion ::= QUADRILLION less_than_quadrillion_end_only",
- /*  45 */ "less_than_quintillion ::= less_than_thousand QUADRILLION less_than_quadrillion_end_only",
- /*  46 */ "less_than_quintillion ::= less_than_thousand QUADRILLION",
- /*  47 */ "less_than_quintillion ::= less_than_quadrillion",
- /*  48 */ "final_number ::= QUADRILLION less_than_quadrillion_end_only",
- /*  49 */ "final_number ::= less_than_thousand QUADRILLION less_than_quadrillion_end_only",
- /*  50 */ "final_number ::= less_than_thousand QUADRILLION",
- /*  51 */ "final_number ::= DECIMAL QUADRILLION",
- /*  52 */ "less_than_quadrillionth ::= TRILLION less_than_trillionth_end_only",
- /*  53 */ "less_than_quadrillionth ::= less_than_thousand TRILLION less_than_trillionth_end_only",
- /*  54 */ "less_than_quadrillionth ::= less_than_thousand TRILLIONTH",
- /*  55 */ "less_than_quadrillionth ::= less_than_trillionth",
- /*  56 */ "final_number ::= TRILLIONTH",
- /*  57 */ "final_number ::= DECIMAL TRILLIONTH",
- /*  58 */ "less_than_quadrillionths ::= TRILLION less_than_trillionths_end_only",
- /*  59 */ "less_than_quadrillionths ::= less_than_thousand TRILLION less_than_trillionths_end_only",
- /*  60 */ "less_than_quadrillionths ::= less_than_thousand TRILLIONTHS",
- /*  61 */ "less_than_quadrillionths ::= less_than_trillionths",
- /*  62 */ "final_number ::= TRILLIONTHS",
- /*  63 */ "final_number ::= DECIMAL TRILLIONTHS",
- /*  64 */ "less_than_quadrillion ::= TRILLION less_than_trillion_end_only",
- /*  65 */ "less_than_quadrillion ::= less_than_thousand TRILLION less_than_trillion_end_only",
- /*  66 */ "less_than_quadrillion ::= less_than_thousand TRILLION",
- /*  67 */ "less_than_quadrillion ::= less_than_trillion",
- /*  68 */ "final_number ::= TRILLION",
- /*  69 */ "final_number ::= DECIMAL TRILLION",
- /*  70 */ "final_number ::= WHOLE_NUMBER TRILLION",
- /*  71 */ "less_than_trillionth_end_only ::= less_than_trillionth",
- /*  72 */ "less_than_trillionth_end_only ::= less_than_billionth_end_only",
- /*  73 */ "less_than_trillionth ::= BILLION less_than_billionth_end_only",
- /*  74 */ "less_than_trillionth ::= less_than_thousand BILLION less_than_billionth_end_only",
- /*  75 */ "less_than_trillionth ::= less_than_thousand BILLIONTH",
- /*  76 */ "less_than_trillionth ::= less_than_billionth",
- /*  77 */ "final_number ::= BILLIONTH",
- /*  78 */ "final_number ::= DECIMAL BILLIONTH",
- /*  79 */ "less_than_trillionths_end_only ::= less_than_trillionths",
- /*  80 */ "less_than_trillionths_end_only ::= less_than_billionths_end_only",
- /*  81 */ "less_than_trillionths ::= BILLION less_than_billionths_end_only",
- /*  82 */ "less_than_trillionths ::= less_than_thousand BILLION less_than_billionths_end_only",
- /*  83 */ "less_than_trillionths ::= less_than_thousand BILLIONTHS",
- /*  84 */ "less_than_trillionths ::= less_than_billionths",
- /*  85 */ "final_number ::= BILLIONTHS",
- /*  86 */ "final_number ::= DECIMAL BILLIONTHS",
- /*  87 */ "less_than_trillion_end_only ::= less_than_trillion",
- /*  88 */ "less_than_trillion_end_only ::= less_than_billion_end_only",
- /*  89 */ "less_than_trillion ::= BILLION less_than_billion_end_only",
- /*  90 */ "less_than_trillion ::= less_than_thousand BILLION less_than_billion_end_only",
- /*  91 */ "less_than_trillion ::= less_than_thousand BILLION",
- /*  92 */ "less_than_trillion ::= less_than_billion",
- /*  93 */ "final_number ::= BILLION",
- /*  94 */ "final_number ::= DECIMAL BILLION",
- /*  95 */ "final_number ::= WHOLE_NUMBER BILLION",
- /*  96 */ "less_than_billionth_end_only ::= less_than_billionth",
- /*  97 */ "less_than_billionth_end_only ::= less_than_millionth_end_only",
- /*  98 */ "less_than_billionth ::= MILLION less_than_millionth_end_only",
- /*  99 */ "less_than_billionth ::= less_than_thousand MILLION less_than_millionth_end_only",
- /* 100 */ "less_than_billionth ::= less_than_thousand MILLIONTH",
- /* 101 */ "less_than_billionth ::= less_than_millionth",
- /* 102 */ "final_number ::= MILLIONTH",
- /* 103 */ "final_number ::= DECIMAL MILLIONTH",
- /* 104 */ "less_than_billionths_end_only ::= less_than_billionths",
- /* 105 */ "less_than_billionths_end_only ::= less_than_millionths_end_only",
- /* 106 */ "less_than_billionths ::= MILLION less_than_millionths_end_only",
- /* 107 */ "less_than_billionths ::= less_than_thousand MILLION less_than_millionths_end_only",
- /* 108 */ "less_than_billionths ::= less_than_thousand MILLIONTHS",
- /* 109 */ "less_than_billionths ::= less_than_millionths",
- /* 110 */ "final_number ::= MILLIONTHS",
- /* 111 */ "final_number ::= DECIMAL MILLIONTHS",
- /* 112 */ "less_than_billion_end_only ::= less_than_billion",
- /* 113 */ "less_than_billion_end_only ::= less_than_million_end_only",
- /* 114 */ "less_than_billion ::= MILLION less_than_million_end_only",
- /* 115 */ "less_than_billion ::= less_than_thousand MILLION less_than_million_end_only",
- /* 116 */ "less_than_billion ::= less_than_thousand MILLION",
- /* 117 */ "less_than_billion ::= less_than_million",
- /* 118 */ "final_number ::= MILLION",
- /* 119 */ "final_number ::= DECIMAL MILLION",
- /* 120 */ "final_number ::= WHOLE_NUMBER MILLION",
- /* 121 */ "less_than_millionth_end_only ::= less_than_millionth",
- /* 122 */ "less_than_millionth_end_only ::= less_than_thousandth_end_only",
- /* 123 */ "less_than_millionth ::= THOUSAND less_than_thousandth_end_only",
- /* 124 */ "less_than_millionth ::= less_than_thousand THOUSAND less_than_thousandth_end_only",
- /* 125 */ "less_than_millionth ::= less_than_thousand THOUSANDTH",
- /* 126 */ "less_than_millionth ::= less_than_thousandth",
- /* 127 */ "final_number ::= THOUSANDTH",
- /* 128 */ "final_number ::= DECIMAL THOUSANDTH",
- /* 129 */ "less_than_millionths_end_only ::= less_than_millionths",
- /* 130 */ "less_than_millionths_end_only ::= less_than_thousandths_end_only",
- /* 131 */ "less_than_millionths ::= THOUSAND less_than_thousandths_end_only",
- /* 132 */ "less_than_millionths ::= less_than_thousand THOUSAND less_than_thousandths_end_only",
- /* 133 */ "less_than_millionths ::= less_than_thousand THOUSANDTHS",
- /* 134 */ "less_than_millionths ::= less_than_thousandths",
- /* 135 */ "final_number ::= THOUSANDTHS",
- /* 136 */ "final_number ::= DECIMAL THOUSANDTHS",
- /* 137 */ "less_than_million_end_only ::= less_than_million",
- /* 138 */ "less_than_million_end_only ::= less_than_thousand_end_only",
- /* 139 */ "less_than_million ::= THOUSAND less_than_thousand_end_only",
- /* 140 */ "less_than_million ::= less_than_thousand THOUSAND less_than_thousand_end_only",
- /* 141 */ "less_than_million ::= less_than_thousand THOUSAND",
- /* 142 */ "less_than_million ::= less_than_thousand",
- /* 143 */ "final_number ::= THOUSAND",
- /* 144 */ "final_number ::= DECIMAL THOUSAND",
- /* 145 */ "final_number ::= WHOLE_NUMBER THOUSAND",
- /* 146 */ "less_than_thousandth_end_only ::= AND less_than_hundredth",
- /* 147 */ "less_than_thousandth_end_only ::= less_than_thousandth",
- /* 148 */ "less_than_thousandth ::= HUNDRED AND less_than_hundredth",
- /* 149 */ "less_than_thousandth ::= less_than_hundred HUNDRED AND less_than_hundredth",
- /* 150 */ "less_than_thousandth ::= less_than_hundred HUNDRED less_than_hundredth",
- /* 151 */ "less_than_thousandth ::= less_than_hundred HUNDREDTH",
- /* 152 */ "less_than_thousandth ::= less_than_hundredth",
- /* 153 */ "final_number ::= HUNDREDTH",
- /* 154 */ "final_number ::= DECIMAL HUNDREDTH",
- /* 155 */ "less_than_thousandths_end_only ::= AND less_than_hundredths",
- /* 156 */ "less_than_thousandths_end_only ::= less_than_thousandths",
- /* 157 */ "less_than_thousandths ::= HUNDRED AND less_than_hundredths",
- /* 158 */ "less_than_thousandths ::= less_than_hundred HUNDRED AND less_than_hundredths",
- /* 159 */ "less_than_thousandths ::= less_than_hundred HUNDRED less_than_hundredths",
- /* 160 */ "less_than_thousandths ::= less_than_hundred HUNDREDTHS",
- /* 161 */ "less_than_thousandths ::= less_than_hundredths",
- /* 162 */ "final_number ::= HUNDREDTHS",
- /* 163 */ "final_number ::= DECIMAL HUNDREDTHS",
- /* 164 */ "less_than_thousand_end_only ::= AND less_than_hundred",
- /* 165 */ "less_than_thousand_end_only ::= less_than_thousand",
- /* 166 */ "less_than_thousand ::= HUNDRED AND less_than_hundred",
- /* 167 */ "less_than_thousand ::= less_than_hundred HUNDRED AND less_than_hundred",
- /* 168 */ "less_than_thousand ::= less_than_hundred HUNDRED less_than_hundred",
- /* 169 */ "less_than_thousand ::= less_than_hundred HUNDRED",
- /* 170 */ "less_than_thousand ::= less_than_hundred",
- /* 171 */ "final_number ::= HUNDRED",
- /* 172 */ "final_number ::= DECIMAL HUNDRED",
- /* 173 */ "final_number ::= WHOLE_NUMBER HUNDRED",
- /* 174 */ "less_than_hundredth ::= tens less_than_tenth",
- /* 175 */ "less_than_hundredth ::= tenth",
- /* 176 */ "less_than_hundredth ::= less_than_twentieth",
- /* 177 */ "less_than_hundredths ::= tens less_than_tenths",
- /* 178 */ "less_than_hundredths ::= tenths",
- /* 179 */ "less_than_hundredths ::= less_than_twentieths",
- /* 180 */ "less_than_hundred ::= tens less_than_ten",
- /* 181 */ "less_than_hundred ::= tens",
- /* 182 */ "less_than_hundred ::= less_than_twenty",
- /* 183 */ "less_than_twentieth ::= tenth_to_19th",
- /* 184 */ "less_than_twentieth ::= less_than_tenth",
- /* 185 */ "less_than_twentieths ::= tenths_to_19ths",
- /* 186 */ "less_than_twentieths ::= less_than_tenths",
- /* 187 */ "less_than_twenty ::= ten_to_19",
- /* 188 */ "less_than_twenty ::= less_than_ten",
- /* 189 */ "less_than_ten ::= ONE",
- /* 190 */ "less_than_ten ::= TWO",
- /* 191 */ "less_than_ten ::= THREE",
- /* 192 */ "less_than_ten ::= FOUR",
- /* 193 */ "less_than_ten ::= FIVE",
- /* 194 */ "less_than_ten ::= SIX",
- /* 195 */ "less_than_ten ::= SEVEN",
- /* 196 */ "less_than_ten ::= EIGHT",
- /* 197 */ "less_than_ten ::= NINE",
- /* 198 */ "ten_to_19 ::= TEN",
- /* 199 */ "ten_to_19 ::= ELEVEN",
- /* 200 */ "ten_to_19 ::= TWELVE",
- /* 201 */ "ten_to_19 ::= THIRTEEN",
- /* 202 */ "ten_to_19 ::= FOURTEEN",
- /* 203 */ "ten_to_19 ::= FIFTEEN",
- /* 204 */ "ten_to_19 ::= SIXTEEN",
- /* 205 */ "ten_to_19 ::= SEVENTEEN",
- /* 206 */ "ten_to_19 ::= EIGHTEEN",
- /* 207 */ "ten_to_19 ::= NINETEEN",
- /* 208 */ "tens ::= TWENTY",
- /* 209 */ "tens ::= THIRTY",
- /* 210 */ "tens ::= FORTY",
- /* 211 */ "tens ::= FIFTY",
- /* 212 */ "tens ::= SIXTY",
- /* 213 */ "tens ::= SEVENTY",
- /* 214 */ "tens ::= EIGHTY",
- /* 215 */ "tens ::= NINETY",
- /* 216 */ "less_than_tenth ::= FIRST",
- /* 217 */ "less_than_tenth ::= SECOND",
- /* 218 */ "less_than_tenth ::= THIRD",
- /* 219 */ "less_than_tenth ::= FOURTH",
- /* 220 */ "less_than_tenth ::= FIFTH",
- /* 221 */ "less_than_tenth ::= SIXTH",
- /* 222 */ "less_than_tenth ::= SEVENTH",
- /* 223 */ "less_than_tenth ::= EIGHTH",
- /* 224 */ "less_than_tenth ::= NINTH",
- /* 225 */ "tenth_to_19th ::= TENTH",
- /* 226 */ "tenth_to_19th ::= ELEVENTH",
- /* 227 */ "tenth_to_19th ::= TWELFTH",
- /* 228 */ "tenth_to_19th ::= THIRTEENTH",
- /* 229 */ "tenth_to_19th ::= FOURTEENTH",
- /* 230 */ "tenth_to_19th ::= FIFTEENTH",
- /* 231 */ "tenth_to_19th ::= SIXTEENTH",
- /* 232 */ "tenth_to_19th ::= SEVENTEENTH",
- /* 233 */ "tenth_to_19th ::= EIGHTEENTH",
- /* 234 */ "tenth_to_19th ::= NINETEENTH",
- /* 235 */ "tenth ::= TWENTIETH",
- /* 236 */ "tenth ::= THIRTIETH",
- /* 237 */ "tenth ::= FOURTIETH",
- /* 238 */ "tenth ::= FIFTIETH",
- /* 239 */ "tenth ::= SIXTIETH",
- /* 240 */ "tenth ::= SEVENTIETH",
- /* 241 */ "tenth ::= EIGHTIETH",
- /* 242 */ "tenth ::= NINETIETH",
- /* 243 */ "less_than_tenths ::= FIRSTS",
- /* 244 */ "less_than_tenths ::= SECONDS",
- /* 245 */ "less_than_tenths ::= THIRDS",
- /* 246 */ "less_than_tenths ::= FOURTHS",
- /* 247 */ "less_than_tenths ::= FIFTHS",
- /* 248 */ "less_than_tenths ::= SIXTHS",
- /* 249 */ "less_than_tenths ::= SEVENTHS",
- /* 250 */ "less_than_tenths ::= EIGHTHS",
- /* 251 */ "less_than_tenths ::= NINTHS",
- /* 252 */ "tenths_to_19ths ::= TENTHS",
- /* 253 */ "tenths_to_19ths ::= ELEVENTHS",
- /* 254 */ "tenths_to_19ths ::= TWELFTHS",
- /* 255 */ "tenths_to_19ths ::= THIRTEENTHS",
- /* 256 */ "tenths_to_19ths ::= FOURTEENTHS",
- /* 257 */ "tenths_to_19ths ::= FIFTEENTHS",
- /* 258 */ "tenths_to_19ths ::= SIXTEENTHS",
- /* 259 */ "tenths_to_19ths ::= SEVENTEENTHS",
- /* 260 */ "tenths_to_19ths ::= EIGHTEENTHS",
- /* 261 */ "tenths_to_19ths ::= NINETEENTHS",
- /* 262 */ "tenths ::= TWENTIETHS",
- /* 263 */ "tenths ::= THIRTIETHS",
- /* 264 */ "tenths ::= FOURTIETHS",
- /* 265 */ "tenths ::= FIFTIETHS",
- /* 266 */ "tenths ::= SIXTIETHS",
- /* 267 */ "tenths ::= SEVENTIETHS",
- /* 268 */ "tenths ::= EIGHTIETHS",
- /* 269 */ "tenths ::= NINETIETHS",
- /* 270 */ "program ::= numbers",
- /* 271 */ "numbers ::= numbers number",
- /* 272 */ "numbers ::= number",
+ /*  12 */ "final_number ::= ONE HUNDREDTH",
+ /*  13 */ "final_number ::= A HUNDREDTH",
+ /*  14 */ "final_number ::= less_than_hundred HUNDREDTHS",
+ /*  15 */ "final_number ::= less_than_quadrillion",
+ /*  16 */ "final_number ::= FRACTION",
+ /*  17 */ "final_number ::= less_than_quadrillionth",
+ /*  18 */ "final_number ::= less_than_quadrillionths",
+ /*  19 */ "final_number ::= less_than_quadrillion AND fraction",
+ /*  20 */ "final_number ::= fraction",
+ /*  21 */ "fraction ::= less_than_quadrillion less_than_quadrillionths",
+ /*  22 */ "fraction ::= less_than_quadrillion less_than_quadrillionth",
+ /*  23 */ "fraction ::= A less_than_quadrillionth",
+ /*  24 */ "fraction ::= AN less_than_quadrillionth",
+ /*  25 */ "final_number ::= ZERO_WHOLE_NUMBER",
+ /*  26 */ "final_number ::= WHOLE_NUMBER",
+ /*  27 */ "final_number ::= DECIMAL",
+ /*  28 */ "final_number ::= ZERO",
+ /*  29 */ "less_than_quintillionth_end_only ::= less_than_quintillionth",
+ /*  30 */ "less_than_quintillionth_end_only ::= less_than_quadrillionth_end_only",
+ /*  31 */ "less_than_quintillionth ::= QUADRILLION less_than_quadrillionth_end_only",
+ /*  32 */ "less_than_quintillionth ::= less_than_thousand QUADRILLION less_than_quadrillionth_end_only",
+ /*  33 */ "less_than_quintillionth ::= less_than_thousand QUADRILLIONTH",
+ /*  34 */ "less_than_quintillionth ::= less_than_quadrillionth",
+ /*  35 */ "final_number ::= QUADRILLIONTH",
+ /*  36 */ "final_number ::= DECIMAL QUADRILLIONTH",
+ /*  37 */ "less_than_quintillionths_end_only ::= less_than_quintillionths",
+ /*  38 */ "less_than_quintillionths_end_only ::= less_than_quadrillionths_end_only",
+ /*  39 */ "less_than_quintillionths ::= QUADRILLION less_than_quadrillionths_end_only",
+ /*  40 */ "less_than_quintillionths ::= less_than_thousand QUADRILLION less_than_quadrillionths_end_only",
+ /*  41 */ "less_than_quintillionths ::= less_than_thousand QUADRILLIONTHS",
+ /*  42 */ "less_than_quintillionths ::= less_than_quadrillionths",
+ /*  43 */ "final_number ::= QUADRILLIONTHS",
+ /*  44 */ "final_number ::= DECIMAL QUADRILLIONTHS",
+ /*  45 */ "less_than_quintillion_end_only ::= less_than_quintillion",
+ /*  46 */ "less_than_quintillion_end_only ::= less_than_quadrillion_end_only",
+ /*  47 */ "less_than_quintillion ::= QUADRILLION less_than_quadrillion_end_only",
+ /*  48 */ "less_than_quintillion ::= less_than_thousand QUADRILLION less_than_quadrillion_end_only",
+ /*  49 */ "less_than_quintillion ::= less_than_thousand QUADRILLION",
+ /*  50 */ "less_than_quintillion ::= less_than_quadrillion",
+ /*  51 */ "final_number ::= QUADRILLION less_than_quadrillion_end_only",
+ /*  52 */ "final_number ::= less_than_thousand QUADRILLION less_than_quadrillion_end_only",
+ /*  53 */ "final_number ::= less_than_thousand QUADRILLION",
+ /*  54 */ "final_number ::= DECIMAL QUADRILLION",
+ /*  55 */ "less_than_quadrillion_end_only ::= less_than_quadrillion",
+ /*  56 */ "less_than_quadrillion_end_only ::= less_than_trillion_end_only",
+ /*  57 */ "less_than_quadrillionth ::= TRILLION less_than_trillionth_end_only",
+ /*  58 */ "less_than_quadrillionth ::= less_than_thousand TRILLION less_than_trillionth_end_only",
+ /*  59 */ "less_than_quadrillionth ::= less_than_thousand TRILLIONTH",
+ /*  60 */ "less_than_quadrillionth ::= less_than_trillionth",
+ /*  61 */ "final_number ::= TRILLIONTH",
+ /*  62 */ "final_number ::= DECIMAL TRILLIONTH",
+ /*  63 */ "less_than_quadrillionths ::= TRILLION less_than_trillionths_end_only",
+ /*  64 */ "less_than_quadrillionths ::= less_than_thousand TRILLION less_than_trillionths_end_only",
+ /*  65 */ "less_than_quadrillionths ::= less_than_thousand TRILLIONTHS",
+ /*  66 */ "less_than_quadrillionths ::= less_than_trillionths",
+ /*  67 */ "final_number ::= TRILLIONTHS",
+ /*  68 */ "final_number ::= DECIMAL TRILLIONTHS",
+ /*  69 */ "less_than_quadrillion ::= TRILLION less_than_trillion_end_only",
+ /*  70 */ "less_than_quadrillion ::= less_than_thousand TRILLION less_than_trillion_end_only",
+ /*  71 */ "less_than_quadrillion ::= less_than_thousand TRILLION",
+ /*  72 */ "less_than_quadrillion ::= less_than_trillion",
+ /*  73 */ "final_number ::= TRILLION",
+ /*  74 */ "final_number ::= DECIMAL TRILLION",
+ /*  75 */ "final_number ::= WHOLE_NUMBER TRILLION",
+ /*  76 */ "less_than_trillionth_end_only ::= less_than_trillionth",
+ /*  77 */ "less_than_trillionth_end_only ::= less_than_billionth_end_only",
+ /*  78 */ "less_than_trillionth ::= BILLION less_than_billionth_end_only",
+ /*  79 */ "less_than_trillionth ::= less_than_thousand BILLION less_than_billionth_end_only",
+ /*  80 */ "less_than_trillionth ::= less_than_thousand BILLIONTH",
+ /*  81 */ "less_than_trillionth ::= less_than_billionth",
+ /*  82 */ "final_number ::= BILLIONTH",
+ /*  83 */ "final_number ::= DECIMAL BILLIONTH",
+ /*  84 */ "less_than_trillionths_end_only ::= less_than_trillionths",
+ /*  85 */ "less_than_trillionths_end_only ::= less_than_billionths_end_only",
+ /*  86 */ "less_than_trillionths ::= BILLION less_than_billionths_end_only",
+ /*  87 */ "less_than_trillionths ::= less_than_thousand BILLION less_than_billionths_end_only",
+ /*  88 */ "less_than_trillionths ::= less_than_thousand BILLIONTHS",
+ /*  89 */ "less_than_trillionths ::= less_than_billionths",
+ /*  90 */ "final_number ::= BILLIONTHS",
+ /*  91 */ "final_number ::= DECIMAL BILLIONTHS",
+ /*  92 */ "less_than_trillion_end_only ::= less_than_trillion",
+ /*  93 */ "less_than_trillion_end_only ::= less_than_billion_end_only",
+ /*  94 */ "less_than_trillion ::= BILLION less_than_billion_end_only",
+ /*  95 */ "less_than_trillion ::= less_than_thousand BILLION less_than_billion_end_only",
+ /*  96 */ "less_than_trillion ::= less_than_thousand BILLION",
+ /*  97 */ "less_than_trillion ::= less_than_billion",
+ /*  98 */ "final_number ::= BILLION",
+ /*  99 */ "final_number ::= DECIMAL BILLION",
+ /* 100 */ "final_number ::= WHOLE_NUMBER BILLION",
+ /* 101 */ "less_than_billionth_end_only ::= less_than_billionth",
+ /* 102 */ "less_than_billionth_end_only ::= less_than_millionth_end_only",
+ /* 103 */ "less_than_billionth ::= MILLION less_than_millionth_end_only",
+ /* 104 */ "less_than_billionth ::= less_than_thousand MILLION less_than_millionth_end_only",
+ /* 105 */ "less_than_billionth ::= less_than_thousand MILLIONTH",
+ /* 106 */ "less_than_billionth ::= less_than_millionth",
+ /* 107 */ "final_number ::= MILLIONTH",
+ /* 108 */ "final_number ::= DECIMAL MILLIONTH",
+ /* 109 */ "less_than_billionths_end_only ::= less_than_billionths",
+ /* 110 */ "less_than_billionths_end_only ::= less_than_millionths_end_only",
+ /* 111 */ "less_than_billionths ::= MILLION less_than_millionths_end_only",
+ /* 112 */ "less_than_billionths ::= less_than_thousand MILLION less_than_millionths_end_only",
+ /* 113 */ "less_than_billionths ::= less_than_thousand MILLIONTHS",
+ /* 114 */ "less_than_billionths ::= less_than_millionths",
+ /* 115 */ "final_number ::= MILLIONTHS",
+ /* 116 */ "final_number ::= DECIMAL MILLIONTHS",
+ /* 117 */ "less_than_billion_end_only ::= less_than_billion",
+ /* 118 */ "less_than_billion_end_only ::= less_than_million_end_only",
+ /* 119 */ "less_than_billion ::= MILLION less_than_million_end_only",
+ /* 120 */ "less_than_billion ::= less_than_thousand MILLION less_than_million_end_only",
+ /* 121 */ "less_than_billion ::= less_than_thousand MILLION",
+ /* 122 */ "less_than_billion ::= less_than_million",
+ /* 123 */ "final_number ::= MILLION",
+ /* 124 */ "final_number ::= DECIMAL MILLION",
+ /* 125 */ "final_number ::= WHOLE_NUMBER MILLION",
+ /* 126 */ "less_than_millionth_end_only ::= less_than_millionth",
+ /* 127 */ "less_than_millionth_end_only ::= less_than_thousandth_end_only",
+ /* 128 */ "less_than_millionth ::= THOUSAND less_than_thousandth_end_only",
+ /* 129 */ "less_than_millionth ::= less_than_thousand THOUSAND less_than_thousandth_end_only",
+ /* 130 */ "less_than_millionth ::= less_than_thousand THOUSANDTH",
+ /* 131 */ "less_than_millionth ::= less_than_thousandth",
+ /* 132 */ "final_number ::= THOUSANDTH",
+ /* 133 */ "final_number ::= DECIMAL THOUSANDTH",
+ /* 134 */ "less_than_millionths_end_only ::= less_than_millionths",
+ /* 135 */ "less_than_millionths_end_only ::= less_than_thousandths_end_only",
+ /* 136 */ "less_than_millionths ::= THOUSAND less_than_thousandths_end_only",
+ /* 137 */ "less_than_millionths ::= less_than_thousand THOUSAND less_than_thousandths_end_only",
+ /* 138 */ "less_than_millionths ::= less_than_thousand THOUSANDTHS",
+ /* 139 */ "less_than_millionths ::= less_than_thousandths",
+ /* 140 */ "final_number ::= THOUSANDTHS",
+ /* 141 */ "final_number ::= DECIMAL THOUSANDTHS",
+ /* 142 */ "less_than_million_end_only ::= less_than_million",
+ /* 143 */ "less_than_million_end_only ::= less_than_thousand_end_only",
+ /* 144 */ "less_than_million ::= THOUSAND less_than_thousand_end_only",
+ /* 145 */ "less_than_million ::= less_than_thousand THOUSAND less_than_thousand_end_only",
+ /* 146 */ "less_than_million ::= less_than_thousand THOUSAND",
+ /* 147 */ "less_than_million ::= less_than_thousand",
+ /* 148 */ "final_number ::= THOUSAND",
+ /* 149 */ "final_number ::= DECIMAL THOUSAND",
+ /* 150 */ "final_number ::= WHOLE_NUMBER THOUSAND",
+ /* 151 */ "final_number ::= less_than_thousand THOUSAND AND less_than_hundred",
+ /* 152 */ "final_number ::= THOUSAND AND less_than_hundred",
+ /* 153 */ "less_than_thousandth_end_only ::= AND less_than_hundredth",
+ /* 154 */ "less_than_thousandth_end_only ::= less_than_thousandth",
+ /* 155 */ "less_than_thousandth ::= HUNDRED AND less_than_hundredth",
+ /* 156 */ "less_than_thousandth ::= less_than_hundred HUNDRED AND less_than_hundredth",
+ /* 157 */ "less_than_thousandth ::= less_than_hundred HUNDRED less_than_hundredth",
+ /* 158 */ "less_than_thousandth ::= less_than_hundred HUNDREDTH",
+ /* 159 */ "less_than_thousandth ::= less_than_hundredth",
+ /* 160 */ "final_number ::= HUNDREDTH",
+ /* 161 */ "final_number ::= DECIMAL HUNDREDTH",
+ /* 162 */ "less_than_thousandths_end_only ::= AND less_than_hundredths",
+ /* 163 */ "less_than_thousandths_end_only ::= less_than_thousandths",
+ /* 164 */ "less_than_thousandths ::= HUNDRED AND less_than_hundredths",
+ /* 165 */ "less_than_thousandths ::= less_than_hundred HUNDRED AND less_than_hundredths",
+ /* 166 */ "less_than_thousandths ::= less_than_hundred HUNDRED less_than_hundredths",
+ /* 167 */ "less_than_thousandths ::= less_than_hundred HUNDREDTHS",
+ /* 168 */ "less_than_thousandths ::= less_than_hundredths",
+ /* 169 */ "final_number ::= HUNDREDTHS",
+ /* 170 */ "final_number ::= DECIMAL HUNDREDTHS",
+ /* 171 */ "less_than_thousand_end_only ::= AND less_than_hundred",
+ /* 172 */ "less_than_thousand_end_only ::= less_than_thousand",
+ /* 173 */ "less_than_thousand ::= HUNDRED AND less_than_hundred",
+ /* 174 */ "less_than_thousand ::= less_than_hundred HUNDRED AND less_than_hundred",
+ /* 175 */ "less_than_thousand ::= less_than_hundred HUNDRED less_than_hundred",
+ /* 176 */ "less_than_thousand ::= less_than_hundred HUNDRED",
+ /* 177 */ "less_than_thousand ::= less_than_hundred",
+ /* 178 */ "final_number ::= HUNDRED",
+ /* 179 */ "final_number ::= DECIMAL HUNDRED",
+ /* 180 */ "final_number ::= WHOLE_NUMBER HUNDRED",
+ /* 181 */ "less_than_hundredth ::= tens less_than_tenth",
+ /* 182 */ "less_than_hundredth ::= tenth",
+ /* 183 */ "less_than_hundredth ::= less_than_twentieth",
+ /* 184 */ "less_than_hundredths ::= tens less_than_tenths",
+ /* 185 */ "less_than_hundredths ::= tenths",
+ /* 186 */ "less_than_hundredths ::= less_than_twentieths",
+ /* 187 */ "less_than_hundred ::= tens less_than_ten",
+ /* 188 */ "less_than_hundred ::= tens",
+ /* 189 */ "less_than_hundred ::= less_than_twenty",
+ /* 190 */ "less_than_twentieth ::= tenth_to_19th",
+ /* 191 */ "less_than_twentieth ::= less_than_tenth",
+ /* 192 */ "less_than_twentieths ::= tenths_to_19ths",
+ /* 193 */ "less_than_twentieths ::= less_than_tenths",
+ /* 194 */ "less_than_twenty ::= ten_to_19",
+ /* 195 */ "less_than_twenty ::= less_than_ten",
+ /* 196 */ "less_than_ten ::= ONE",
+ /* 197 */ "less_than_ten ::= TWO",
+ /* 198 */ "less_than_ten ::= THREE",
+ /* 199 */ "less_than_ten ::= FOUR",
+ /* 200 */ "less_than_ten ::= FIVE",
+ /* 201 */ "less_than_ten ::= SIX",
+ /* 202 */ "less_than_ten ::= SEVEN",
+ /* 203 */ "less_than_ten ::= EIGHT",
+ /* 204 */ "less_than_ten ::= NINE",
+ /* 205 */ "ten_to_19 ::= TEN",
+ /* 206 */ "ten_to_19 ::= ELEVEN",
+ /* 207 */ "ten_to_19 ::= TWELVE",
+ /* 208 */ "ten_to_19 ::= THIRTEEN",
+ /* 209 */ "ten_to_19 ::= FOURTEEN",
+ /* 210 */ "ten_to_19 ::= FIFTEEN",
+ /* 211 */ "ten_to_19 ::= SIXTEEN",
+ /* 212 */ "ten_to_19 ::= SEVENTEEN",
+ /* 213 */ "ten_to_19 ::= EIGHTEEN",
+ /* 214 */ "ten_to_19 ::= NINETEEN",
+ /* 215 */ "tens ::= TWENTY",
+ /* 216 */ "tens ::= THIRTY",
+ /* 217 */ "tens ::= FORTY",
+ /* 218 */ "tens ::= FIFTY",
+ /* 219 */ "tens ::= SIXTY",
+ /* 220 */ "tens ::= SEVENTY",
+ /* 221 */ "tens ::= EIGHTY",
+ /* 222 */ "tens ::= NINETY",
+ /* 223 */ "less_than_tenth ::= FIRST",
+ /* 224 */ "less_than_tenth ::= SECOND",
+ /* 225 */ "less_than_tenth ::= THIRD",
+ /* 226 */ "less_than_tenth ::= FOURTH",
+ /* 227 */ "less_than_tenth ::= FIFTH",
+ /* 228 */ "less_than_tenth ::= SIXTH",
+ /* 229 */ "less_than_tenth ::= SEVENTH",
+ /* 230 */ "less_than_tenth ::= EIGHTH",
+ /* 231 */ "less_than_tenth ::= NINTH",
+ /* 232 */ "tenth_to_19th ::= TENTH",
+ /* 233 */ "tenth_to_19th ::= ELEVENTH",
+ /* 234 */ "tenth_to_19th ::= TWELFTH",
+ /* 235 */ "tenth_to_19th ::= THIRTEENTH",
+ /* 236 */ "tenth_to_19th ::= FOURTEENTH",
+ /* 237 */ "tenth_to_19th ::= FIFTEENTH",
+ /* 238 */ "tenth_to_19th ::= SIXTEENTH",
+ /* 239 */ "tenth_to_19th ::= SEVENTEENTH",
+ /* 240 */ "tenth_to_19th ::= EIGHTEENTH",
+ /* 241 */ "tenth_to_19th ::= NINETEENTH",
+ /* 242 */ "tenth ::= TWENTIETH",
+ /* 243 */ "tenth ::= THIRTIETH",
+ /* 244 */ "tenth ::= FOURTIETH",
+ /* 245 */ "tenth ::= FIFTIETH",
+ /* 246 */ "tenth ::= SIXTIETH",
+ /* 247 */ "tenth ::= SEVENTIETH",
+ /* 248 */ "tenth ::= EIGHTIETH",
+ /* 249 */ "tenth ::= NINETIETH",
+ /* 250 */ "less_than_tenths ::= FIRSTS",
+ /* 251 */ "less_than_tenths ::= SECONDS",
+ /* 252 */ "less_than_tenths ::= THIRDS",
+ /* 253 */ "less_than_tenths ::= FOURTHS",
+ /* 254 */ "less_than_tenths ::= FIFTHS",
+ /* 255 */ "less_than_tenths ::= SIXTHS",
+ /* 256 */ "less_than_tenths ::= SEVENTHS",
+ /* 257 */ "less_than_tenths ::= EIGHTHS",
+ /* 258 */ "less_than_tenths ::= NINTHS",
+ /* 259 */ "tenths_to_19ths ::= TENTHS",
+ /* 260 */ "tenths_to_19ths ::= ELEVENTHS",
+ /* 261 */ "tenths_to_19ths ::= TWELFTHS",
+ /* 262 */ "tenths_to_19ths ::= THIRTEENTHS",
+ /* 263 */ "tenths_to_19ths ::= FOURTEENTHS",
+ /* 264 */ "tenths_to_19ths ::= FIFTEENTHS",
+ /* 265 */ "tenths_to_19ths ::= SIXTEENTHS",
+ /* 266 */ "tenths_to_19ths ::= SEVENTEENTHS",
+ /* 267 */ "tenths_to_19ths ::= EIGHTEENTHS",
+ /* 268 */ "tenths_to_19ths ::= NINETEENTHS",
+ /* 269 */ "tenths ::= TWENTIETHS",
+ /* 270 */ "tenths ::= THIRTIETHS",
+ /* 271 */ "tenths ::= FOURTIETHS",
+ /* 272 */ "tenths ::= FIFTIETHS",
+ /* 273 */ "tenths ::= SIXTIETHS",
+ /* 274 */ "tenths ::= SEVENTIETHS",
+ /* 275 */ "tenths ::= EIGHTIETHS",
+ /* 276 */ "tenths ::= NINETIETHS",
+ /* 277 */ "program ::= numbers",
+ /* 278 */ "numbers ::= numbers number",
+ /* 279 */ "numbers ::= number",
 };
 #endif /* NDEBUG */
 
@@ -2398,267 +2531,274 @@ static const YYCODETYPE yyRuleInfoLhs[] = {
    117,  /* (9) final_number ::= less_than_quadrillion HALVES */
    117,  /* (10) final_number ::= ONE HALF */
    117,  /* (11) final_number ::= A HALF */
-   117,  /* (12) final_number ::= less_than_quadrillion */
-   117,  /* (13) final_number ::= FRACTION */
-   117,  /* (14) final_number ::= less_than_quadrillionth */
-   117,  /* (15) final_number ::= less_than_quadrillionths */
-   117,  /* (16) final_number ::= less_than_quadrillion AND fraction */
-   117,  /* (17) final_number ::= fraction */
-   121,  /* (18) fraction ::= less_than_quadrillion less_than_quadrillionths */
-   121,  /* (19) fraction ::= less_than_quadrillion less_than_quadrillionth */
-   121,  /* (20) fraction ::= A less_than_quadrillionth */
-   121,  /* (21) fraction ::= AN less_than_quadrillionth */
-   117,  /* (22) final_number ::= ZERO_WHOLE_NUMBER */
-   117,  /* (23) final_number ::= WHOLE_NUMBER */
-   117,  /* (24) final_number ::= DECIMAL */
-   117,  /* (25) final_number ::= ZERO */
-   122,  /* (26) less_than_quintillionth_end_only ::= less_than_quintillionth */
-   122,  /* (27) less_than_quintillionth_end_only ::= less_than_quadrillionth_end_only */
-   123,  /* (28) less_than_quintillionth ::= QUADRILLION less_than_quadrillionth_end_only */
-   123,  /* (29) less_than_quintillionth ::= less_than_thousand QUADRILLION less_than_quadrillionth_end_only */
-   123,  /* (30) less_than_quintillionth ::= less_than_thousand QUADRILLIONTH */
-   123,  /* (31) less_than_quintillionth ::= less_than_quadrillionth */
-   117,  /* (32) final_number ::= QUADRILLIONTH */
-   117,  /* (33) final_number ::= DECIMAL QUADRILLIONTH */
-   126,  /* (34) less_than_quintillionths_end_only ::= less_than_quintillionths */
-   126,  /* (35) less_than_quintillionths_end_only ::= less_than_quadrillionths_end_only */
-   127,  /* (36) less_than_quintillionths ::= QUADRILLION less_than_quadrillionths_end_only */
-   127,  /* (37) less_than_quintillionths ::= less_than_thousand QUADRILLION less_than_quadrillionths_end_only */
-   127,  /* (38) less_than_quintillionths ::= less_than_thousand QUADRILLIONTHS */
-   127,  /* (39) less_than_quintillionths ::= less_than_quadrillionths */
-   117,  /* (40) final_number ::= QUADRILLIONTHS */
-   117,  /* (41) final_number ::= DECIMAL QUADRILLIONTHS */
-   129,  /* (42) less_than_quintillion_end_only ::= less_than_quintillion */
-   129,  /* (43) less_than_quintillion_end_only ::= less_than_quadrillion_end_only */
-   130,  /* (44) less_than_quintillion ::= QUADRILLION less_than_quadrillion_end_only */
-   130,  /* (45) less_than_quintillion ::= less_than_thousand QUADRILLION less_than_quadrillion_end_only */
-   130,  /* (46) less_than_quintillion ::= less_than_thousand QUADRILLION */
-   130,  /* (47) less_than_quintillion ::= less_than_quadrillion */
-   117,  /* (48) final_number ::= QUADRILLION less_than_quadrillion_end_only */
-   117,  /* (49) final_number ::= less_than_thousand QUADRILLION less_than_quadrillion_end_only */
-   117,  /* (50) final_number ::= less_than_thousand QUADRILLION */
-   117,  /* (51) final_number ::= DECIMAL QUADRILLION */
-   119,  /* (52) less_than_quadrillionth ::= TRILLION less_than_trillionth_end_only */
-   119,  /* (53) less_than_quadrillionth ::= less_than_thousand TRILLION less_than_trillionth_end_only */
-   119,  /* (54) less_than_quadrillionth ::= less_than_thousand TRILLIONTH */
-   119,  /* (55) less_than_quadrillionth ::= less_than_trillionth */
-   117,  /* (56) final_number ::= TRILLIONTH */
-   117,  /* (57) final_number ::= DECIMAL TRILLIONTH */
-   120,  /* (58) less_than_quadrillionths ::= TRILLION less_than_trillionths_end_only */
-   120,  /* (59) less_than_quadrillionths ::= less_than_thousand TRILLION less_than_trillionths_end_only */
-   120,  /* (60) less_than_quadrillionths ::= less_than_thousand TRILLIONTHS */
-   120,  /* (61) less_than_quadrillionths ::= less_than_trillionths */
-   117,  /* (62) final_number ::= TRILLIONTHS */
-   117,  /* (63) final_number ::= DECIMAL TRILLIONTHS */
-   118,  /* (64) less_than_quadrillion ::= TRILLION less_than_trillion_end_only */
-   118,  /* (65) less_than_quadrillion ::= less_than_thousand TRILLION less_than_trillion_end_only */
-   118,  /* (66) less_than_quadrillion ::= less_than_thousand TRILLION */
-   118,  /* (67) less_than_quadrillion ::= less_than_trillion */
-   117,  /* (68) final_number ::= TRILLION */
-   117,  /* (69) final_number ::= DECIMAL TRILLION */
-   117,  /* (70) final_number ::= WHOLE_NUMBER TRILLION */
-   132,  /* (71) less_than_trillionth_end_only ::= less_than_trillionth */
-   132,  /* (72) less_than_trillionth_end_only ::= less_than_billionth_end_only */
-   133,  /* (73) less_than_trillionth ::= BILLION less_than_billionth_end_only */
-   133,  /* (74) less_than_trillionth ::= less_than_thousand BILLION less_than_billionth_end_only */
-   133,  /* (75) less_than_trillionth ::= less_than_thousand BILLIONTH */
-   133,  /* (76) less_than_trillionth ::= less_than_billionth */
-   117,  /* (77) final_number ::= BILLIONTH */
-   117,  /* (78) final_number ::= DECIMAL BILLIONTH */
-   134,  /* (79) less_than_trillionths_end_only ::= less_than_trillionths */
-   134,  /* (80) less_than_trillionths_end_only ::= less_than_billionths_end_only */
-   135,  /* (81) less_than_trillionths ::= BILLION less_than_billionths_end_only */
-   135,  /* (82) less_than_trillionths ::= less_than_thousand BILLION less_than_billionths_end_only */
-   135,  /* (83) less_than_trillionths ::= less_than_thousand BILLIONTHS */
-   135,  /* (84) less_than_trillionths ::= less_than_billionths */
-   117,  /* (85) final_number ::= BILLIONTHS */
-   117,  /* (86) final_number ::= DECIMAL BILLIONTHS */
-   136,  /* (87) less_than_trillion_end_only ::= less_than_trillion */
-   136,  /* (88) less_than_trillion_end_only ::= less_than_billion_end_only */
-   137,  /* (89) less_than_trillion ::= BILLION less_than_billion_end_only */
-   137,  /* (90) less_than_trillion ::= less_than_thousand BILLION less_than_billion_end_only */
-   137,  /* (91) less_than_trillion ::= less_than_thousand BILLION */
-   137,  /* (92) less_than_trillion ::= less_than_billion */
-   117,  /* (93) final_number ::= BILLION */
-   117,  /* (94) final_number ::= DECIMAL BILLION */
-   117,  /* (95) final_number ::= WHOLE_NUMBER BILLION */
-   138,  /* (96) less_than_billionth_end_only ::= less_than_billionth */
-   138,  /* (97) less_than_billionth_end_only ::= less_than_millionth_end_only */
-   139,  /* (98) less_than_billionth ::= MILLION less_than_millionth_end_only */
-   139,  /* (99) less_than_billionth ::= less_than_thousand MILLION less_than_millionth_end_only */
-   139,  /* (100) less_than_billionth ::= less_than_thousand MILLIONTH */
-   139,  /* (101) less_than_billionth ::= less_than_millionth */
-   117,  /* (102) final_number ::= MILLIONTH */
-   117,  /* (103) final_number ::= DECIMAL MILLIONTH */
-   140,  /* (104) less_than_billionths_end_only ::= less_than_billionths */
-   140,  /* (105) less_than_billionths_end_only ::= less_than_millionths_end_only */
-   141,  /* (106) less_than_billionths ::= MILLION less_than_millionths_end_only */
-   141,  /* (107) less_than_billionths ::= less_than_thousand MILLION less_than_millionths_end_only */
-   141,  /* (108) less_than_billionths ::= less_than_thousand MILLIONTHS */
-   141,  /* (109) less_than_billionths ::= less_than_millionths */
-   117,  /* (110) final_number ::= MILLIONTHS */
-   117,  /* (111) final_number ::= DECIMAL MILLIONTHS */
-   142,  /* (112) less_than_billion_end_only ::= less_than_billion */
-   142,  /* (113) less_than_billion_end_only ::= less_than_million_end_only */
-   143,  /* (114) less_than_billion ::= MILLION less_than_million_end_only */
-   143,  /* (115) less_than_billion ::= less_than_thousand MILLION less_than_million_end_only */
-   143,  /* (116) less_than_billion ::= less_than_thousand MILLION */
-   143,  /* (117) less_than_billion ::= less_than_million */
-   117,  /* (118) final_number ::= MILLION */
-   117,  /* (119) final_number ::= DECIMAL MILLION */
-   117,  /* (120) final_number ::= WHOLE_NUMBER MILLION */
-   144,  /* (121) less_than_millionth_end_only ::= less_than_millionth */
-   144,  /* (122) less_than_millionth_end_only ::= less_than_thousandth_end_only */
-   145,  /* (123) less_than_millionth ::= THOUSAND less_than_thousandth_end_only */
-   145,  /* (124) less_than_millionth ::= less_than_thousand THOUSAND less_than_thousandth_end_only */
-   145,  /* (125) less_than_millionth ::= less_than_thousand THOUSANDTH */
-   145,  /* (126) less_than_millionth ::= less_than_thousandth */
-   117,  /* (127) final_number ::= THOUSANDTH */
-   117,  /* (128) final_number ::= DECIMAL THOUSANDTH */
-   146,  /* (129) less_than_millionths_end_only ::= less_than_millionths */
-   146,  /* (130) less_than_millionths_end_only ::= less_than_thousandths_end_only */
-   147,  /* (131) less_than_millionths ::= THOUSAND less_than_thousandths_end_only */
-   147,  /* (132) less_than_millionths ::= less_than_thousand THOUSAND less_than_thousandths_end_only */
-   147,  /* (133) less_than_millionths ::= less_than_thousand THOUSANDTHS */
-   147,  /* (134) less_than_millionths ::= less_than_thousandths */
-   117,  /* (135) final_number ::= THOUSANDTHS */
-   117,  /* (136) final_number ::= DECIMAL THOUSANDTHS */
-   148,  /* (137) less_than_million_end_only ::= less_than_million */
-   148,  /* (138) less_than_million_end_only ::= less_than_thousand_end_only */
-   149,  /* (139) less_than_million ::= THOUSAND less_than_thousand_end_only */
-   149,  /* (140) less_than_million ::= less_than_thousand THOUSAND less_than_thousand_end_only */
-   149,  /* (141) less_than_million ::= less_than_thousand THOUSAND */
-   149,  /* (142) less_than_million ::= less_than_thousand */
-   117,  /* (143) final_number ::= THOUSAND */
-   117,  /* (144) final_number ::= DECIMAL THOUSAND */
-   117,  /* (145) final_number ::= WHOLE_NUMBER THOUSAND */
-   150,  /* (146) less_than_thousandth_end_only ::= AND less_than_hundredth */
-   150,  /* (147) less_than_thousandth_end_only ::= less_than_thousandth */
-   151,  /* (148) less_than_thousandth ::= HUNDRED AND less_than_hundredth */
-   151,  /* (149) less_than_thousandth ::= less_than_hundred HUNDRED AND less_than_hundredth */
-   151,  /* (150) less_than_thousandth ::= less_than_hundred HUNDRED less_than_hundredth */
-   151,  /* (151) less_than_thousandth ::= less_than_hundred HUNDREDTH */
-   151,  /* (152) less_than_thousandth ::= less_than_hundredth */
-   117,  /* (153) final_number ::= HUNDREDTH */
-   117,  /* (154) final_number ::= DECIMAL HUNDREDTH */
-   152,  /* (155) less_than_thousandths_end_only ::= AND less_than_hundredths */
-   152,  /* (156) less_than_thousandths_end_only ::= less_than_thousandths */
-   153,  /* (157) less_than_thousandths ::= HUNDRED AND less_than_hundredths */
-   153,  /* (158) less_than_thousandths ::= less_than_hundred HUNDRED AND less_than_hundredths */
-   153,  /* (159) less_than_thousandths ::= less_than_hundred HUNDRED less_than_hundredths */
-   153,  /* (160) less_than_thousandths ::= less_than_hundred HUNDREDTHS */
-   153,  /* (161) less_than_thousandths ::= less_than_hundredths */
-   117,  /* (162) final_number ::= HUNDREDTHS */
-   117,  /* (163) final_number ::= DECIMAL HUNDREDTHS */
-   154,  /* (164) less_than_thousand_end_only ::= AND less_than_hundred */
-   154,  /* (165) less_than_thousand_end_only ::= less_than_thousand */
-   125,  /* (166) less_than_thousand ::= HUNDRED AND less_than_hundred */
-   125,  /* (167) less_than_thousand ::= less_than_hundred HUNDRED AND less_than_hundred */
-   125,  /* (168) less_than_thousand ::= less_than_hundred HUNDRED less_than_hundred */
-   125,  /* (169) less_than_thousand ::= less_than_hundred HUNDRED */
-   125,  /* (170) less_than_thousand ::= less_than_hundred */
-   117,  /* (171) final_number ::= HUNDRED */
-   117,  /* (172) final_number ::= DECIMAL HUNDRED */
-   117,  /* (173) final_number ::= WHOLE_NUMBER HUNDRED */
-   155,  /* (174) less_than_hundredth ::= tens less_than_tenth */
-   155,  /* (175) less_than_hundredth ::= tenth */
-   155,  /* (176) less_than_hundredth ::= less_than_twentieth */
-   157,  /* (177) less_than_hundredths ::= tens less_than_tenths */
-   157,  /* (178) less_than_hundredths ::= tenths */
-   157,  /* (179) less_than_hundredths ::= less_than_twentieths */
-   156,  /* (180) less_than_hundred ::= tens less_than_ten */
-   156,  /* (181) less_than_hundred ::= tens */
-   156,  /* (182) less_than_hundred ::= less_than_twenty */
-   161,  /* (183) less_than_twentieth ::= tenth_to_19th */
-   161,  /* (184) less_than_twentieth ::= less_than_tenth */
-   164,  /* (185) less_than_twentieths ::= tenths_to_19ths */
-   164,  /* (186) less_than_twentieths ::= less_than_tenths */
-   166,  /* (187) less_than_twenty ::= ten_to_19 */
-   166,  /* (188) less_than_twenty ::= less_than_ten */
-   165,  /* (189) less_than_ten ::= ONE */
-   165,  /* (190) less_than_ten ::= TWO */
-   165,  /* (191) less_than_ten ::= THREE */
-   165,  /* (192) less_than_ten ::= FOUR */
-   165,  /* (193) less_than_ten ::= FIVE */
-   165,  /* (194) less_than_ten ::= SIX */
-   165,  /* (195) less_than_ten ::= SEVEN */
-   165,  /* (196) less_than_ten ::= EIGHT */
-   165,  /* (197) less_than_ten ::= NINE */
-   169,  /* (198) ten_to_19 ::= TEN */
-   169,  /* (199) ten_to_19 ::= ELEVEN */
-   169,  /* (200) ten_to_19 ::= TWELVE */
-   169,  /* (201) ten_to_19 ::= THIRTEEN */
-   169,  /* (202) ten_to_19 ::= FOURTEEN */
-   169,  /* (203) ten_to_19 ::= FIFTEEN */
-   169,  /* (204) ten_to_19 ::= SIXTEEN */
-   169,  /* (205) ten_to_19 ::= SEVENTEEN */
-   169,  /* (206) ten_to_19 ::= EIGHTEEN */
-   169,  /* (207) ten_to_19 ::= NINETEEN */
-   158,  /* (208) tens ::= TWENTY */
-   158,  /* (209) tens ::= THIRTY */
-   158,  /* (210) tens ::= FORTY */
-   158,  /* (211) tens ::= FIFTY */
-   158,  /* (212) tens ::= SIXTY */
-   158,  /* (213) tens ::= SEVENTY */
-   158,  /* (214) tens ::= EIGHTY */
-   158,  /* (215) tens ::= NINETY */
-   159,  /* (216) less_than_tenth ::= FIRST */
-   159,  /* (217) less_than_tenth ::= SECOND */
-   159,  /* (218) less_than_tenth ::= THIRD */
-   159,  /* (219) less_than_tenth ::= FOURTH */
-   159,  /* (220) less_than_tenth ::= FIFTH */
-   159,  /* (221) less_than_tenth ::= SIXTH */
-   159,  /* (222) less_than_tenth ::= SEVENTH */
-   159,  /* (223) less_than_tenth ::= EIGHTH */
-   159,  /* (224) less_than_tenth ::= NINTH */
-   167,  /* (225) tenth_to_19th ::= TENTH */
-   167,  /* (226) tenth_to_19th ::= ELEVENTH */
-   167,  /* (227) tenth_to_19th ::= TWELFTH */
-   167,  /* (228) tenth_to_19th ::= THIRTEENTH */
-   167,  /* (229) tenth_to_19th ::= FOURTEENTH */
-   167,  /* (230) tenth_to_19th ::= FIFTEENTH */
-   167,  /* (231) tenth_to_19th ::= SIXTEENTH */
-   167,  /* (232) tenth_to_19th ::= SEVENTEENTH */
-   167,  /* (233) tenth_to_19th ::= EIGHTEENTH */
-   167,  /* (234) tenth_to_19th ::= NINETEENTH */
-   160,  /* (235) tenth ::= TWENTIETH */
-   160,  /* (236) tenth ::= THIRTIETH */
-   160,  /* (237) tenth ::= FOURTIETH */
-   160,  /* (238) tenth ::= FIFTIETH */
-   160,  /* (239) tenth ::= SIXTIETH */
-   160,  /* (240) tenth ::= SEVENTIETH */
-   160,  /* (241) tenth ::= EIGHTIETH */
-   160,  /* (242) tenth ::= NINETIETH */
-   162,  /* (243) less_than_tenths ::= FIRSTS */
-   162,  /* (244) less_than_tenths ::= SECONDS */
-   162,  /* (245) less_than_tenths ::= THIRDS */
-   162,  /* (246) less_than_tenths ::= FOURTHS */
-   162,  /* (247) less_than_tenths ::= FIFTHS */
-   162,  /* (248) less_than_tenths ::= SIXTHS */
-   162,  /* (249) less_than_tenths ::= SEVENTHS */
-   162,  /* (250) less_than_tenths ::= EIGHTHS */
-   162,  /* (251) less_than_tenths ::= NINTHS */
-   168,  /* (252) tenths_to_19ths ::= TENTHS */
-   168,  /* (253) tenths_to_19ths ::= ELEVENTHS */
-   168,  /* (254) tenths_to_19ths ::= TWELFTHS */
-   168,  /* (255) tenths_to_19ths ::= THIRTEENTHS */
-   168,  /* (256) tenths_to_19ths ::= FOURTEENTHS */
-   168,  /* (257) tenths_to_19ths ::= FIFTEENTHS */
-   168,  /* (258) tenths_to_19ths ::= SIXTEENTHS */
-   168,  /* (259) tenths_to_19ths ::= SEVENTEENTHS */
-   168,  /* (260) tenths_to_19ths ::= EIGHTEENTHS */
-   168,  /* (261) tenths_to_19ths ::= NINETEENTHS */
-   163,  /* (262) tenths ::= TWENTIETHS */
-   163,  /* (263) tenths ::= THIRTIETHS */
-   163,  /* (264) tenths ::= FOURTIETHS */
-   163,  /* (265) tenths ::= FIFTIETHS */
-   163,  /* (266) tenths ::= SIXTIETHS */
-   163,  /* (267) tenths ::= SEVENTIETHS */
-   163,  /* (268) tenths ::= EIGHTIETHS */
-   163,  /* (269) tenths ::= NINETIETHS */
-   114,  /* (270) program ::= numbers */
-   115,  /* (271) numbers ::= numbers number */
-   115,  /* (272) numbers ::= number */
+   117,  /* (12) final_number ::= ONE HUNDREDTH */
+   117,  /* (13) final_number ::= A HUNDREDTH */
+   117,  /* (14) final_number ::= less_than_hundred HUNDREDTHS */
+   117,  /* (15) final_number ::= less_than_quadrillion */
+   117,  /* (16) final_number ::= FRACTION */
+   117,  /* (17) final_number ::= less_than_quadrillionth */
+   117,  /* (18) final_number ::= less_than_quadrillionths */
+   117,  /* (19) final_number ::= less_than_quadrillion AND fraction */
+   117,  /* (20) final_number ::= fraction */
+   122,  /* (21) fraction ::= less_than_quadrillion less_than_quadrillionths */
+   122,  /* (22) fraction ::= less_than_quadrillion less_than_quadrillionth */
+   122,  /* (23) fraction ::= A less_than_quadrillionth */
+   122,  /* (24) fraction ::= AN less_than_quadrillionth */
+   117,  /* (25) final_number ::= ZERO_WHOLE_NUMBER */
+   117,  /* (26) final_number ::= WHOLE_NUMBER */
+   117,  /* (27) final_number ::= DECIMAL */
+   117,  /* (28) final_number ::= ZERO */
+   123,  /* (29) less_than_quintillionth_end_only ::= less_than_quintillionth */
+   123,  /* (30) less_than_quintillionth_end_only ::= less_than_quadrillionth_end_only */
+   124,  /* (31) less_than_quintillionth ::= QUADRILLION less_than_quadrillionth_end_only */
+   124,  /* (32) less_than_quintillionth ::= less_than_thousand QUADRILLION less_than_quadrillionth_end_only */
+   124,  /* (33) less_than_quintillionth ::= less_than_thousand QUADRILLIONTH */
+   124,  /* (34) less_than_quintillionth ::= less_than_quadrillionth */
+   117,  /* (35) final_number ::= QUADRILLIONTH */
+   117,  /* (36) final_number ::= DECIMAL QUADRILLIONTH */
+   127,  /* (37) less_than_quintillionths_end_only ::= less_than_quintillionths */
+   127,  /* (38) less_than_quintillionths_end_only ::= less_than_quadrillionths_end_only */
+   128,  /* (39) less_than_quintillionths ::= QUADRILLION less_than_quadrillionths_end_only */
+   128,  /* (40) less_than_quintillionths ::= less_than_thousand QUADRILLION less_than_quadrillionths_end_only */
+   128,  /* (41) less_than_quintillionths ::= less_than_thousand QUADRILLIONTHS */
+   128,  /* (42) less_than_quintillionths ::= less_than_quadrillionths */
+   117,  /* (43) final_number ::= QUADRILLIONTHS */
+   117,  /* (44) final_number ::= DECIMAL QUADRILLIONTHS */
+   130,  /* (45) less_than_quintillion_end_only ::= less_than_quintillion */
+   130,  /* (46) less_than_quintillion_end_only ::= less_than_quadrillion_end_only */
+   131,  /* (47) less_than_quintillion ::= QUADRILLION less_than_quadrillion_end_only */
+   131,  /* (48) less_than_quintillion ::= less_than_thousand QUADRILLION less_than_quadrillion_end_only */
+   131,  /* (49) less_than_quintillion ::= less_than_thousand QUADRILLION */
+   131,  /* (50) less_than_quintillion ::= less_than_quadrillion */
+   117,  /* (51) final_number ::= QUADRILLION less_than_quadrillion_end_only */
+   117,  /* (52) final_number ::= less_than_thousand QUADRILLION less_than_quadrillion_end_only */
+   117,  /* (53) final_number ::= less_than_thousand QUADRILLION */
+   117,  /* (54) final_number ::= DECIMAL QUADRILLION */
+   132,  /* (55) less_than_quadrillion_end_only ::= less_than_quadrillion */
+   132,  /* (56) less_than_quadrillion_end_only ::= less_than_trillion_end_only */
+   120,  /* (57) less_than_quadrillionth ::= TRILLION less_than_trillionth_end_only */
+   120,  /* (58) less_than_quadrillionth ::= less_than_thousand TRILLION less_than_trillionth_end_only */
+   120,  /* (59) less_than_quadrillionth ::= less_than_thousand TRILLIONTH */
+   120,  /* (60) less_than_quadrillionth ::= less_than_trillionth */
+   117,  /* (61) final_number ::= TRILLIONTH */
+   117,  /* (62) final_number ::= DECIMAL TRILLIONTH */
+   121,  /* (63) less_than_quadrillionths ::= TRILLION less_than_trillionths_end_only */
+   121,  /* (64) less_than_quadrillionths ::= less_than_thousand TRILLION less_than_trillionths_end_only */
+   121,  /* (65) less_than_quadrillionths ::= less_than_thousand TRILLIONTHS */
+   121,  /* (66) less_than_quadrillionths ::= less_than_trillionths */
+   117,  /* (67) final_number ::= TRILLIONTHS */
+   117,  /* (68) final_number ::= DECIMAL TRILLIONTHS */
+   118,  /* (69) less_than_quadrillion ::= TRILLION less_than_trillion_end_only */
+   118,  /* (70) less_than_quadrillion ::= less_than_thousand TRILLION less_than_trillion_end_only */
+   118,  /* (71) less_than_quadrillion ::= less_than_thousand TRILLION */
+   118,  /* (72) less_than_quadrillion ::= less_than_trillion */
+   117,  /* (73) final_number ::= TRILLION */
+   117,  /* (74) final_number ::= DECIMAL TRILLION */
+   117,  /* (75) final_number ::= WHOLE_NUMBER TRILLION */
+   134,  /* (76) less_than_trillionth_end_only ::= less_than_trillionth */
+   134,  /* (77) less_than_trillionth_end_only ::= less_than_billionth_end_only */
+   135,  /* (78) less_than_trillionth ::= BILLION less_than_billionth_end_only */
+   135,  /* (79) less_than_trillionth ::= less_than_thousand BILLION less_than_billionth_end_only */
+   135,  /* (80) less_than_trillionth ::= less_than_thousand BILLIONTH */
+   135,  /* (81) less_than_trillionth ::= less_than_billionth */
+   117,  /* (82) final_number ::= BILLIONTH */
+   117,  /* (83) final_number ::= DECIMAL BILLIONTH */
+   136,  /* (84) less_than_trillionths_end_only ::= less_than_trillionths */
+   136,  /* (85) less_than_trillionths_end_only ::= less_than_billionths_end_only */
+   137,  /* (86) less_than_trillionths ::= BILLION less_than_billionths_end_only */
+   137,  /* (87) less_than_trillionths ::= less_than_thousand BILLION less_than_billionths_end_only */
+   137,  /* (88) less_than_trillionths ::= less_than_thousand BILLIONTHS */
+   137,  /* (89) less_than_trillionths ::= less_than_billionths */
+   117,  /* (90) final_number ::= BILLIONTHS */
+   117,  /* (91) final_number ::= DECIMAL BILLIONTHS */
+   133,  /* (92) less_than_trillion_end_only ::= less_than_trillion */
+   133,  /* (93) less_than_trillion_end_only ::= less_than_billion_end_only */
+   138,  /* (94) less_than_trillion ::= BILLION less_than_billion_end_only */
+   138,  /* (95) less_than_trillion ::= less_than_thousand BILLION less_than_billion_end_only */
+   138,  /* (96) less_than_trillion ::= less_than_thousand BILLION */
+   138,  /* (97) less_than_trillion ::= less_than_billion */
+   117,  /* (98) final_number ::= BILLION */
+   117,  /* (99) final_number ::= DECIMAL BILLION */
+   117,  /* (100) final_number ::= WHOLE_NUMBER BILLION */
+   139,  /* (101) less_than_billionth_end_only ::= less_than_billionth */
+   139,  /* (102) less_than_billionth_end_only ::= less_than_millionth_end_only */
+   140,  /* (103) less_than_billionth ::= MILLION less_than_millionth_end_only */
+   140,  /* (104) less_than_billionth ::= less_than_thousand MILLION less_than_millionth_end_only */
+   140,  /* (105) less_than_billionth ::= less_than_thousand MILLIONTH */
+   140,  /* (106) less_than_billionth ::= less_than_millionth */
+   117,  /* (107) final_number ::= MILLIONTH */
+   117,  /* (108) final_number ::= DECIMAL MILLIONTH */
+   141,  /* (109) less_than_billionths_end_only ::= less_than_billionths */
+   141,  /* (110) less_than_billionths_end_only ::= less_than_millionths_end_only */
+   142,  /* (111) less_than_billionths ::= MILLION less_than_millionths_end_only */
+   142,  /* (112) less_than_billionths ::= less_than_thousand MILLION less_than_millionths_end_only */
+   142,  /* (113) less_than_billionths ::= less_than_thousand MILLIONTHS */
+   142,  /* (114) less_than_billionths ::= less_than_millionths */
+   117,  /* (115) final_number ::= MILLIONTHS */
+   117,  /* (116) final_number ::= DECIMAL MILLIONTHS */
+   143,  /* (117) less_than_billion_end_only ::= less_than_billion */
+   143,  /* (118) less_than_billion_end_only ::= less_than_million_end_only */
+   144,  /* (119) less_than_billion ::= MILLION less_than_million_end_only */
+   144,  /* (120) less_than_billion ::= less_than_thousand MILLION less_than_million_end_only */
+   144,  /* (121) less_than_billion ::= less_than_thousand MILLION */
+   144,  /* (122) less_than_billion ::= less_than_million */
+   117,  /* (123) final_number ::= MILLION */
+   117,  /* (124) final_number ::= DECIMAL MILLION */
+   117,  /* (125) final_number ::= WHOLE_NUMBER MILLION */
+   145,  /* (126) less_than_millionth_end_only ::= less_than_millionth */
+   145,  /* (127) less_than_millionth_end_only ::= less_than_thousandth_end_only */
+   146,  /* (128) less_than_millionth ::= THOUSAND less_than_thousandth_end_only */
+   146,  /* (129) less_than_millionth ::= less_than_thousand THOUSAND less_than_thousandth_end_only */
+   146,  /* (130) less_than_millionth ::= less_than_thousand THOUSANDTH */
+   146,  /* (131) less_than_millionth ::= less_than_thousandth */
+   117,  /* (132) final_number ::= THOUSANDTH */
+   117,  /* (133) final_number ::= DECIMAL THOUSANDTH */
+   147,  /* (134) less_than_millionths_end_only ::= less_than_millionths */
+   147,  /* (135) less_than_millionths_end_only ::= less_than_thousandths_end_only */
+   148,  /* (136) less_than_millionths ::= THOUSAND less_than_thousandths_end_only */
+   148,  /* (137) less_than_millionths ::= less_than_thousand THOUSAND less_than_thousandths_end_only */
+   148,  /* (138) less_than_millionths ::= less_than_thousand THOUSANDTHS */
+   148,  /* (139) less_than_millionths ::= less_than_thousandths */
+   117,  /* (140) final_number ::= THOUSANDTHS */
+   117,  /* (141) final_number ::= DECIMAL THOUSANDTHS */
+   149,  /* (142) less_than_million_end_only ::= less_than_million */
+   149,  /* (143) less_than_million_end_only ::= less_than_thousand_end_only */
+   150,  /* (144) less_than_million ::= THOUSAND less_than_thousand_end_only */
+   150,  /* (145) less_than_million ::= less_than_thousand THOUSAND less_than_thousand_end_only */
+   150,  /* (146) less_than_million ::= less_than_thousand THOUSAND */
+   150,  /* (147) less_than_million ::= less_than_thousand */
+   117,  /* (148) final_number ::= THOUSAND */
+   117,  /* (149) final_number ::= DECIMAL THOUSAND */
+   117,  /* (150) final_number ::= WHOLE_NUMBER THOUSAND */
+   117,  /* (151) final_number ::= less_than_thousand THOUSAND AND less_than_hundred */
+   117,  /* (152) final_number ::= THOUSAND AND less_than_hundred */
+   151,  /* (153) less_than_thousandth_end_only ::= AND less_than_hundredth */
+   151,  /* (154) less_than_thousandth_end_only ::= less_than_thousandth */
+   152,  /* (155) less_than_thousandth ::= HUNDRED AND less_than_hundredth */
+   152,  /* (156) less_than_thousandth ::= less_than_hundred HUNDRED AND less_than_hundredth */
+   152,  /* (157) less_than_thousandth ::= less_than_hundred HUNDRED less_than_hundredth */
+   152,  /* (158) less_than_thousandth ::= less_than_hundred HUNDREDTH */
+   152,  /* (159) less_than_thousandth ::= less_than_hundredth */
+   117,  /* (160) final_number ::= HUNDREDTH */
+   117,  /* (161) final_number ::= DECIMAL HUNDREDTH */
+   153,  /* (162) less_than_thousandths_end_only ::= AND less_than_hundredths */
+   153,  /* (163) less_than_thousandths_end_only ::= less_than_thousandths */
+   154,  /* (164) less_than_thousandths ::= HUNDRED AND less_than_hundredths */
+   154,  /* (165) less_than_thousandths ::= less_than_hundred HUNDRED AND less_than_hundredths */
+   154,  /* (166) less_than_thousandths ::= less_than_hundred HUNDRED less_than_hundredths */
+   154,  /* (167) less_than_thousandths ::= less_than_hundred HUNDREDTHS */
+   154,  /* (168) less_than_thousandths ::= less_than_hundredths */
+   117,  /* (169) final_number ::= HUNDREDTHS */
+   117,  /* (170) final_number ::= DECIMAL HUNDREDTHS */
+   155,  /* (171) less_than_thousand_end_only ::= AND less_than_hundred */
+   155,  /* (172) less_than_thousand_end_only ::= less_than_thousand */
+   126,  /* (173) less_than_thousand ::= HUNDRED AND less_than_hundred */
+   126,  /* (174) less_than_thousand ::= less_than_hundred HUNDRED AND less_than_hundred */
+   126,  /* (175) less_than_thousand ::= less_than_hundred HUNDRED less_than_hundred */
+   126,  /* (176) less_than_thousand ::= less_than_hundred HUNDRED */
+   126,  /* (177) less_than_thousand ::= less_than_hundred */
+   117,  /* (178) final_number ::= HUNDRED */
+   117,  /* (179) final_number ::= DECIMAL HUNDRED */
+   117,  /* (180) final_number ::= WHOLE_NUMBER HUNDRED */
+   156,  /* (181) less_than_hundredth ::= tens less_than_tenth */
+   156,  /* (182) less_than_hundredth ::= tenth */
+   156,  /* (183) less_than_hundredth ::= less_than_twentieth */
+   157,  /* (184) less_than_hundredths ::= tens less_than_tenths */
+   157,  /* (185) less_than_hundredths ::= tenths */
+   157,  /* (186) less_than_hundredths ::= less_than_twentieths */
+   119,  /* (187) less_than_hundred ::= tens less_than_ten */
+   119,  /* (188) less_than_hundred ::= tens */
+   119,  /* (189) less_than_hundred ::= less_than_twenty */
+   161,  /* (190) less_than_twentieth ::= tenth_to_19th */
+   161,  /* (191) less_than_twentieth ::= less_than_tenth */
+   164,  /* (192) less_than_twentieths ::= tenths_to_19ths */
+   164,  /* (193) less_than_twentieths ::= less_than_tenths */
+   166,  /* (194) less_than_twenty ::= ten_to_19 */
+   166,  /* (195) less_than_twenty ::= less_than_ten */
+   165,  /* (196) less_than_ten ::= ONE */
+   165,  /* (197) less_than_ten ::= TWO */
+   165,  /* (198) less_than_ten ::= THREE */
+   165,  /* (199) less_than_ten ::= FOUR */
+   165,  /* (200) less_than_ten ::= FIVE */
+   165,  /* (201) less_than_ten ::= SIX */
+   165,  /* (202) less_than_ten ::= SEVEN */
+   165,  /* (203) less_than_ten ::= EIGHT */
+   165,  /* (204) less_than_ten ::= NINE */
+   169,  /* (205) ten_to_19 ::= TEN */
+   169,  /* (206) ten_to_19 ::= ELEVEN */
+   169,  /* (207) ten_to_19 ::= TWELVE */
+   169,  /* (208) ten_to_19 ::= THIRTEEN */
+   169,  /* (209) ten_to_19 ::= FOURTEEN */
+   169,  /* (210) ten_to_19 ::= FIFTEEN */
+   169,  /* (211) ten_to_19 ::= SIXTEEN */
+   169,  /* (212) ten_to_19 ::= SEVENTEEN */
+   169,  /* (213) ten_to_19 ::= EIGHTEEN */
+   169,  /* (214) ten_to_19 ::= NINETEEN */
+   158,  /* (215) tens ::= TWENTY */
+   158,  /* (216) tens ::= THIRTY */
+   158,  /* (217) tens ::= FORTY */
+   158,  /* (218) tens ::= FIFTY */
+   158,  /* (219) tens ::= SIXTY */
+   158,  /* (220) tens ::= SEVENTY */
+   158,  /* (221) tens ::= EIGHTY */
+   158,  /* (222) tens ::= NINETY */
+   159,  /* (223) less_than_tenth ::= FIRST */
+   159,  /* (224) less_than_tenth ::= SECOND */
+   159,  /* (225) less_than_tenth ::= THIRD */
+   159,  /* (226) less_than_tenth ::= FOURTH */
+   159,  /* (227) less_than_tenth ::= FIFTH */
+   159,  /* (228) less_than_tenth ::= SIXTH */
+   159,  /* (229) less_than_tenth ::= SEVENTH */
+   159,  /* (230) less_than_tenth ::= EIGHTH */
+   159,  /* (231) less_than_tenth ::= NINTH */
+   167,  /* (232) tenth_to_19th ::= TENTH */
+   167,  /* (233) tenth_to_19th ::= ELEVENTH */
+   167,  /* (234) tenth_to_19th ::= TWELFTH */
+   167,  /* (235) tenth_to_19th ::= THIRTEENTH */
+   167,  /* (236) tenth_to_19th ::= FOURTEENTH */
+   167,  /* (237) tenth_to_19th ::= FIFTEENTH */
+   167,  /* (238) tenth_to_19th ::= SIXTEENTH */
+   167,  /* (239) tenth_to_19th ::= SEVENTEENTH */
+   167,  /* (240) tenth_to_19th ::= EIGHTEENTH */
+   167,  /* (241) tenth_to_19th ::= NINETEENTH */
+   160,  /* (242) tenth ::= TWENTIETH */
+   160,  /* (243) tenth ::= THIRTIETH */
+   160,  /* (244) tenth ::= FOURTIETH */
+   160,  /* (245) tenth ::= FIFTIETH */
+   160,  /* (246) tenth ::= SIXTIETH */
+   160,  /* (247) tenth ::= SEVENTIETH */
+   160,  /* (248) tenth ::= EIGHTIETH */
+   160,  /* (249) tenth ::= NINETIETH */
+   162,  /* (250) less_than_tenths ::= FIRSTS */
+   162,  /* (251) less_than_tenths ::= SECONDS */
+   162,  /* (252) less_than_tenths ::= THIRDS */
+   162,  /* (253) less_than_tenths ::= FOURTHS */
+   162,  /* (254) less_than_tenths ::= FIFTHS */
+   162,  /* (255) less_than_tenths ::= SIXTHS */
+   162,  /* (256) less_than_tenths ::= SEVENTHS */
+   162,  /* (257) less_than_tenths ::= EIGHTHS */
+   162,  /* (258) less_than_tenths ::= NINTHS */
+   168,  /* (259) tenths_to_19ths ::= TENTHS */
+   168,  /* (260) tenths_to_19ths ::= ELEVENTHS */
+   168,  /* (261) tenths_to_19ths ::= TWELFTHS */
+   168,  /* (262) tenths_to_19ths ::= THIRTEENTHS */
+   168,  /* (263) tenths_to_19ths ::= FOURTEENTHS */
+   168,  /* (264) tenths_to_19ths ::= FIFTEENTHS */
+   168,  /* (265) tenths_to_19ths ::= SIXTEENTHS */
+   168,  /* (266) tenths_to_19ths ::= SEVENTEENTHS */
+   168,  /* (267) tenths_to_19ths ::= EIGHTEENTHS */
+   168,  /* (268) tenths_to_19ths ::= NINETEENTHS */
+   163,  /* (269) tenths ::= TWENTIETHS */
+   163,  /* (270) tenths ::= THIRTIETHS */
+   163,  /* (271) tenths ::= FOURTIETHS */
+   163,  /* (272) tenths ::= FIFTIETHS */
+   163,  /* (273) tenths ::= SIXTIETHS */
+   163,  /* (274) tenths ::= SEVENTIETHS */
+   163,  /* (275) tenths ::= EIGHTIETHS */
+   163,  /* (276) tenths ::= NINETIETHS */
+   114,  /* (277) program ::= numbers */
+   115,  /* (278) numbers ::= numbers number */
+   115,  /* (279) numbers ::= number */
 };
 
 /* For rule J, yyRuleInfoNRhs[J] contains the negative of the number
@@ -2676,267 +2816,274 @@ static const signed char yyRuleInfoNRhs[] = {
    -2,  /* (9) final_number ::= less_than_quadrillion HALVES */
    -2,  /* (10) final_number ::= ONE HALF */
    -2,  /* (11) final_number ::= A HALF */
-   -1,  /* (12) final_number ::= less_than_quadrillion */
-   -1,  /* (13) final_number ::= FRACTION */
-   -1,  /* (14) final_number ::= less_than_quadrillionth */
-   -1,  /* (15) final_number ::= less_than_quadrillionths */
-   -3,  /* (16) final_number ::= less_than_quadrillion AND fraction */
-   -1,  /* (17) final_number ::= fraction */
-   -2,  /* (18) fraction ::= less_than_quadrillion less_than_quadrillionths */
-   -2,  /* (19) fraction ::= less_than_quadrillion less_than_quadrillionth */
-   -2,  /* (20) fraction ::= A less_than_quadrillionth */
-   -2,  /* (21) fraction ::= AN less_than_quadrillionth */
-   -1,  /* (22) final_number ::= ZERO_WHOLE_NUMBER */
-   -1,  /* (23) final_number ::= WHOLE_NUMBER */
-   -1,  /* (24) final_number ::= DECIMAL */
-   -1,  /* (25) final_number ::= ZERO */
-   -1,  /* (26) less_than_quintillionth_end_only ::= less_than_quintillionth */
-   -1,  /* (27) less_than_quintillionth_end_only ::= less_than_quadrillionth_end_only */
-   -2,  /* (28) less_than_quintillionth ::= QUADRILLION less_than_quadrillionth_end_only */
-   -3,  /* (29) less_than_quintillionth ::= less_than_thousand QUADRILLION less_than_quadrillionth_end_only */
-   -2,  /* (30) less_than_quintillionth ::= less_than_thousand QUADRILLIONTH */
-   -1,  /* (31) less_than_quintillionth ::= less_than_quadrillionth */
-   -1,  /* (32) final_number ::= QUADRILLIONTH */
-   -2,  /* (33) final_number ::= DECIMAL QUADRILLIONTH */
-   -1,  /* (34) less_than_quintillionths_end_only ::= less_than_quintillionths */
-   -1,  /* (35) less_than_quintillionths_end_only ::= less_than_quadrillionths_end_only */
-   -2,  /* (36) less_than_quintillionths ::= QUADRILLION less_than_quadrillionths_end_only */
-   -3,  /* (37) less_than_quintillionths ::= less_than_thousand QUADRILLION less_than_quadrillionths_end_only */
-   -2,  /* (38) less_than_quintillionths ::= less_than_thousand QUADRILLIONTHS */
-   -1,  /* (39) less_than_quintillionths ::= less_than_quadrillionths */
-   -1,  /* (40) final_number ::= QUADRILLIONTHS */
-   -2,  /* (41) final_number ::= DECIMAL QUADRILLIONTHS */
-   -1,  /* (42) less_than_quintillion_end_only ::= less_than_quintillion */
-   -1,  /* (43) less_than_quintillion_end_only ::= less_than_quadrillion_end_only */
-   -2,  /* (44) less_than_quintillion ::= QUADRILLION less_than_quadrillion_end_only */
-   -3,  /* (45) less_than_quintillion ::= less_than_thousand QUADRILLION less_than_quadrillion_end_only */
-   -2,  /* (46) less_than_quintillion ::= less_than_thousand QUADRILLION */
-   -1,  /* (47) less_than_quintillion ::= less_than_quadrillion */
-   -2,  /* (48) final_number ::= QUADRILLION less_than_quadrillion_end_only */
-   -3,  /* (49) final_number ::= less_than_thousand QUADRILLION less_than_quadrillion_end_only */
-   -2,  /* (50) final_number ::= less_than_thousand QUADRILLION */
-   -2,  /* (51) final_number ::= DECIMAL QUADRILLION */
-   -2,  /* (52) less_than_quadrillionth ::= TRILLION less_than_trillionth_end_only */
-   -3,  /* (53) less_than_quadrillionth ::= less_than_thousand TRILLION less_than_trillionth_end_only */
-   -2,  /* (54) less_than_quadrillionth ::= less_than_thousand TRILLIONTH */
-   -1,  /* (55) less_than_quadrillionth ::= less_than_trillionth */
-   -1,  /* (56) final_number ::= TRILLIONTH */
-   -2,  /* (57) final_number ::= DECIMAL TRILLIONTH */
-   -2,  /* (58) less_than_quadrillionths ::= TRILLION less_than_trillionths_end_only */
-   -3,  /* (59) less_than_quadrillionths ::= less_than_thousand TRILLION less_than_trillionths_end_only */
-   -2,  /* (60) less_than_quadrillionths ::= less_than_thousand TRILLIONTHS */
-   -1,  /* (61) less_than_quadrillionths ::= less_than_trillionths */
-   -1,  /* (62) final_number ::= TRILLIONTHS */
-   -2,  /* (63) final_number ::= DECIMAL TRILLIONTHS */
-   -2,  /* (64) less_than_quadrillion ::= TRILLION less_than_trillion_end_only */
-   -3,  /* (65) less_than_quadrillion ::= less_than_thousand TRILLION less_than_trillion_end_only */
-   -2,  /* (66) less_than_quadrillion ::= less_than_thousand TRILLION */
-   -1,  /* (67) less_than_quadrillion ::= less_than_trillion */
-   -1,  /* (68) final_number ::= TRILLION */
-   -2,  /* (69) final_number ::= DECIMAL TRILLION */
-   -2,  /* (70) final_number ::= WHOLE_NUMBER TRILLION */
-   -1,  /* (71) less_than_trillionth_end_only ::= less_than_trillionth */
-   -1,  /* (72) less_than_trillionth_end_only ::= less_than_billionth_end_only */
-   -2,  /* (73) less_than_trillionth ::= BILLION less_than_billionth_end_only */
-   -3,  /* (74) less_than_trillionth ::= less_than_thousand BILLION less_than_billionth_end_only */
-   -2,  /* (75) less_than_trillionth ::= less_than_thousand BILLIONTH */
-   -1,  /* (76) less_than_trillionth ::= less_than_billionth */
-   -1,  /* (77) final_number ::= BILLIONTH */
-   -2,  /* (78) final_number ::= DECIMAL BILLIONTH */
-   -1,  /* (79) less_than_trillionths_end_only ::= less_than_trillionths */
-   -1,  /* (80) less_than_trillionths_end_only ::= less_than_billionths_end_only */
-   -2,  /* (81) less_than_trillionths ::= BILLION less_than_billionths_end_only */
-   -3,  /* (82) less_than_trillionths ::= less_than_thousand BILLION less_than_billionths_end_only */
-   -2,  /* (83) less_than_trillionths ::= less_than_thousand BILLIONTHS */
-   -1,  /* (84) less_than_trillionths ::= less_than_billionths */
-   -1,  /* (85) final_number ::= BILLIONTHS */
-   -2,  /* (86) final_number ::= DECIMAL BILLIONTHS */
-   -1,  /* (87) less_than_trillion_end_only ::= less_than_trillion */
-   -1,  /* (88) less_than_trillion_end_only ::= less_than_billion_end_only */
-   -2,  /* (89) less_than_trillion ::= BILLION less_than_billion_end_only */
-   -3,  /* (90) less_than_trillion ::= less_than_thousand BILLION less_than_billion_end_only */
-   -2,  /* (91) less_than_trillion ::= less_than_thousand BILLION */
-   -1,  /* (92) less_than_trillion ::= less_than_billion */
-   -1,  /* (93) final_number ::= BILLION */
-   -2,  /* (94) final_number ::= DECIMAL BILLION */
-   -2,  /* (95) final_number ::= WHOLE_NUMBER BILLION */
-   -1,  /* (96) less_than_billionth_end_only ::= less_than_billionth */
-   -1,  /* (97) less_than_billionth_end_only ::= less_than_millionth_end_only */
-   -2,  /* (98) less_than_billionth ::= MILLION less_than_millionth_end_only */
-   -3,  /* (99) less_than_billionth ::= less_than_thousand MILLION less_than_millionth_end_only */
-   -2,  /* (100) less_than_billionth ::= less_than_thousand MILLIONTH */
-   -1,  /* (101) less_than_billionth ::= less_than_millionth */
-   -1,  /* (102) final_number ::= MILLIONTH */
-   -2,  /* (103) final_number ::= DECIMAL MILLIONTH */
-   -1,  /* (104) less_than_billionths_end_only ::= less_than_billionths */
-   -1,  /* (105) less_than_billionths_end_only ::= less_than_millionths_end_only */
-   -2,  /* (106) less_than_billionths ::= MILLION less_than_millionths_end_only */
-   -3,  /* (107) less_than_billionths ::= less_than_thousand MILLION less_than_millionths_end_only */
-   -2,  /* (108) less_than_billionths ::= less_than_thousand MILLIONTHS */
-   -1,  /* (109) less_than_billionths ::= less_than_millionths */
-   -1,  /* (110) final_number ::= MILLIONTHS */
-   -2,  /* (111) final_number ::= DECIMAL MILLIONTHS */
-   -1,  /* (112) less_than_billion_end_only ::= less_than_billion */
-   -1,  /* (113) less_than_billion_end_only ::= less_than_million_end_only */
-   -2,  /* (114) less_than_billion ::= MILLION less_than_million_end_only */
-   -3,  /* (115) less_than_billion ::= less_than_thousand MILLION less_than_million_end_only */
-   -2,  /* (116) less_than_billion ::= less_than_thousand MILLION */
-   -1,  /* (117) less_than_billion ::= less_than_million */
-   -1,  /* (118) final_number ::= MILLION */
-   -2,  /* (119) final_number ::= DECIMAL MILLION */
-   -2,  /* (120) final_number ::= WHOLE_NUMBER MILLION */
-   -1,  /* (121) less_than_millionth_end_only ::= less_than_millionth */
-   -1,  /* (122) less_than_millionth_end_only ::= less_than_thousandth_end_only */
-   -2,  /* (123) less_than_millionth ::= THOUSAND less_than_thousandth_end_only */
-   -3,  /* (124) less_than_millionth ::= less_than_thousand THOUSAND less_than_thousandth_end_only */
-   -2,  /* (125) less_than_millionth ::= less_than_thousand THOUSANDTH */
-   -1,  /* (126) less_than_millionth ::= less_than_thousandth */
-   -1,  /* (127) final_number ::= THOUSANDTH */
-   -2,  /* (128) final_number ::= DECIMAL THOUSANDTH */
-   -1,  /* (129) less_than_millionths_end_only ::= less_than_millionths */
-   -1,  /* (130) less_than_millionths_end_only ::= less_than_thousandths_end_only */
-   -2,  /* (131) less_than_millionths ::= THOUSAND less_than_thousandths_end_only */
-   -3,  /* (132) less_than_millionths ::= less_than_thousand THOUSAND less_than_thousandths_end_only */
-   -2,  /* (133) less_than_millionths ::= less_than_thousand THOUSANDTHS */
-   -1,  /* (134) less_than_millionths ::= less_than_thousandths */
-   -1,  /* (135) final_number ::= THOUSANDTHS */
-   -2,  /* (136) final_number ::= DECIMAL THOUSANDTHS */
-   -1,  /* (137) less_than_million_end_only ::= less_than_million */
-   -1,  /* (138) less_than_million_end_only ::= less_than_thousand_end_only */
-   -2,  /* (139) less_than_million ::= THOUSAND less_than_thousand_end_only */
-   -3,  /* (140) less_than_million ::= less_than_thousand THOUSAND less_than_thousand_end_only */
-   -2,  /* (141) less_than_million ::= less_than_thousand THOUSAND */
-   -1,  /* (142) less_than_million ::= less_than_thousand */
-   -1,  /* (143) final_number ::= THOUSAND */
-   -2,  /* (144) final_number ::= DECIMAL THOUSAND */
-   -2,  /* (145) final_number ::= WHOLE_NUMBER THOUSAND */
-   -2,  /* (146) less_than_thousandth_end_only ::= AND less_than_hundredth */
-   -1,  /* (147) less_than_thousandth_end_only ::= less_than_thousandth */
-   -3,  /* (148) less_than_thousandth ::= HUNDRED AND less_than_hundredth */
-   -4,  /* (149) less_than_thousandth ::= less_than_hundred HUNDRED AND less_than_hundredth */
-   -3,  /* (150) less_than_thousandth ::= less_than_hundred HUNDRED less_than_hundredth */
-   -2,  /* (151) less_than_thousandth ::= less_than_hundred HUNDREDTH */
-   -1,  /* (152) less_than_thousandth ::= less_than_hundredth */
-   -1,  /* (153) final_number ::= HUNDREDTH */
-   -2,  /* (154) final_number ::= DECIMAL HUNDREDTH */
-   -2,  /* (155) less_than_thousandths_end_only ::= AND less_than_hundredths */
-   -1,  /* (156) less_than_thousandths_end_only ::= less_than_thousandths */
-   -3,  /* (157) less_than_thousandths ::= HUNDRED AND less_than_hundredths */
-   -4,  /* (158) less_than_thousandths ::= less_than_hundred HUNDRED AND less_than_hundredths */
-   -3,  /* (159) less_than_thousandths ::= less_than_hundred HUNDRED less_than_hundredths */
-   -2,  /* (160) less_than_thousandths ::= less_than_hundred HUNDREDTHS */
-   -1,  /* (161) less_than_thousandths ::= less_than_hundredths */
-   -1,  /* (162) final_number ::= HUNDREDTHS */
-   -2,  /* (163) final_number ::= DECIMAL HUNDREDTHS */
-   -2,  /* (164) less_than_thousand_end_only ::= AND less_than_hundred */
-   -1,  /* (165) less_than_thousand_end_only ::= less_than_thousand */
-   -3,  /* (166) less_than_thousand ::= HUNDRED AND less_than_hundred */
-   -4,  /* (167) less_than_thousand ::= less_than_hundred HUNDRED AND less_than_hundred */
-   -3,  /* (168) less_than_thousand ::= less_than_hundred HUNDRED less_than_hundred */
-   -2,  /* (169) less_than_thousand ::= less_than_hundred HUNDRED */
-   -1,  /* (170) less_than_thousand ::= less_than_hundred */
-   -1,  /* (171) final_number ::= HUNDRED */
-   -2,  /* (172) final_number ::= DECIMAL HUNDRED */
-   -2,  /* (173) final_number ::= WHOLE_NUMBER HUNDRED */
-   -2,  /* (174) less_than_hundredth ::= tens less_than_tenth */
-   -1,  /* (175) less_than_hundredth ::= tenth */
-   -1,  /* (176) less_than_hundredth ::= less_than_twentieth */
-   -2,  /* (177) less_than_hundredths ::= tens less_than_tenths */
-   -1,  /* (178) less_than_hundredths ::= tenths */
-   -1,  /* (179) less_than_hundredths ::= less_than_twentieths */
-   -2,  /* (180) less_than_hundred ::= tens less_than_ten */
-   -1,  /* (181) less_than_hundred ::= tens */
-   -1,  /* (182) less_than_hundred ::= less_than_twenty */
-   -1,  /* (183) less_than_twentieth ::= tenth_to_19th */
-   -1,  /* (184) less_than_twentieth ::= less_than_tenth */
-   -1,  /* (185) less_than_twentieths ::= tenths_to_19ths */
-   -1,  /* (186) less_than_twentieths ::= less_than_tenths */
-   -1,  /* (187) less_than_twenty ::= ten_to_19 */
-   -1,  /* (188) less_than_twenty ::= less_than_ten */
-   -1,  /* (189) less_than_ten ::= ONE */
-   -1,  /* (190) less_than_ten ::= TWO */
-   -1,  /* (191) less_than_ten ::= THREE */
-   -1,  /* (192) less_than_ten ::= FOUR */
-   -1,  /* (193) less_than_ten ::= FIVE */
-   -1,  /* (194) less_than_ten ::= SIX */
-   -1,  /* (195) less_than_ten ::= SEVEN */
-   -1,  /* (196) less_than_ten ::= EIGHT */
-   -1,  /* (197) less_than_ten ::= NINE */
-   -1,  /* (198) ten_to_19 ::= TEN */
-   -1,  /* (199) ten_to_19 ::= ELEVEN */
-   -1,  /* (200) ten_to_19 ::= TWELVE */
-   -1,  /* (201) ten_to_19 ::= THIRTEEN */
-   -1,  /* (202) ten_to_19 ::= FOURTEEN */
-   -1,  /* (203) ten_to_19 ::= FIFTEEN */
-   -1,  /* (204) ten_to_19 ::= SIXTEEN */
-   -1,  /* (205) ten_to_19 ::= SEVENTEEN */
-   -1,  /* (206) ten_to_19 ::= EIGHTEEN */
-   -1,  /* (207) ten_to_19 ::= NINETEEN */
-   -1,  /* (208) tens ::= TWENTY */
-   -1,  /* (209) tens ::= THIRTY */
-   -1,  /* (210) tens ::= FORTY */
-   -1,  /* (211) tens ::= FIFTY */
-   -1,  /* (212) tens ::= SIXTY */
-   -1,  /* (213) tens ::= SEVENTY */
-   -1,  /* (214) tens ::= EIGHTY */
-   -1,  /* (215) tens ::= NINETY */
-   -1,  /* (216) less_than_tenth ::= FIRST */
-   -1,  /* (217) less_than_tenth ::= SECOND */
-   -1,  /* (218) less_than_tenth ::= THIRD */
-   -1,  /* (219) less_than_tenth ::= FOURTH */
-   -1,  /* (220) less_than_tenth ::= FIFTH */
-   -1,  /* (221) less_than_tenth ::= SIXTH */
-   -1,  /* (222) less_than_tenth ::= SEVENTH */
-   -1,  /* (223) less_than_tenth ::= EIGHTH */
-   -1,  /* (224) less_than_tenth ::= NINTH */
-   -1,  /* (225) tenth_to_19th ::= TENTH */
-   -1,  /* (226) tenth_to_19th ::= ELEVENTH */
-   -1,  /* (227) tenth_to_19th ::= TWELFTH */
-   -1,  /* (228) tenth_to_19th ::= THIRTEENTH */
-   -1,  /* (229) tenth_to_19th ::= FOURTEENTH */
-   -1,  /* (230) tenth_to_19th ::= FIFTEENTH */
-   -1,  /* (231) tenth_to_19th ::= SIXTEENTH */
-   -1,  /* (232) tenth_to_19th ::= SEVENTEENTH */
-   -1,  /* (233) tenth_to_19th ::= EIGHTEENTH */
-   -1,  /* (234) tenth_to_19th ::= NINETEENTH */
-   -1,  /* (235) tenth ::= TWENTIETH */
-   -1,  /* (236) tenth ::= THIRTIETH */
-   -1,  /* (237) tenth ::= FOURTIETH */
-   -1,  /* (238) tenth ::= FIFTIETH */
-   -1,  /* (239) tenth ::= SIXTIETH */
-   -1,  /* (240) tenth ::= SEVENTIETH */
-   -1,  /* (241) tenth ::= EIGHTIETH */
-   -1,  /* (242) tenth ::= NINETIETH */
-   -1,  /* (243) less_than_tenths ::= FIRSTS */
-   -1,  /* (244) less_than_tenths ::= SECONDS */
-   -1,  /* (245) less_than_tenths ::= THIRDS */
-   -1,  /* (246) less_than_tenths ::= FOURTHS */
-   -1,  /* (247) less_than_tenths ::= FIFTHS */
-   -1,  /* (248) less_than_tenths ::= SIXTHS */
-   -1,  /* (249) less_than_tenths ::= SEVENTHS */
-   -1,  /* (250) less_than_tenths ::= EIGHTHS */
-   -1,  /* (251) less_than_tenths ::= NINTHS */
-   -1,  /* (252) tenths_to_19ths ::= TENTHS */
-   -1,  /* (253) tenths_to_19ths ::= ELEVENTHS */
-   -1,  /* (254) tenths_to_19ths ::= TWELFTHS */
-   -1,  /* (255) tenths_to_19ths ::= THIRTEENTHS */
-   -1,  /* (256) tenths_to_19ths ::= FOURTEENTHS */
-   -1,  /* (257) tenths_to_19ths ::= FIFTEENTHS */
-   -1,  /* (258) tenths_to_19ths ::= SIXTEENTHS */
-   -1,  /* (259) tenths_to_19ths ::= SEVENTEENTHS */
-   -1,  /* (260) tenths_to_19ths ::= EIGHTEENTHS */
-   -1,  /* (261) tenths_to_19ths ::= NINETEENTHS */
-   -1,  /* (262) tenths ::= TWENTIETHS */
-   -1,  /* (263) tenths ::= THIRTIETHS */
-   -1,  /* (264) tenths ::= FOURTIETHS */
-   -1,  /* (265) tenths ::= FIFTIETHS */
-   -1,  /* (266) tenths ::= SIXTIETHS */
-   -1,  /* (267) tenths ::= SEVENTIETHS */
-   -1,  /* (268) tenths ::= EIGHTIETHS */
-   -1,  /* (269) tenths ::= NINETIETHS */
-   -1,  /* (270) program ::= numbers */
-   -2,  /* (271) numbers ::= numbers number */
-   -1,  /* (272) numbers ::= number */
+   -2,  /* (12) final_number ::= ONE HUNDREDTH */
+   -2,  /* (13) final_number ::= A HUNDREDTH */
+   -2,  /* (14) final_number ::= less_than_hundred HUNDREDTHS */
+   -1,  /* (15) final_number ::= less_than_quadrillion */
+   -1,  /* (16) final_number ::= FRACTION */
+   -1,  /* (17) final_number ::= less_than_quadrillionth */
+   -1,  /* (18) final_number ::= less_than_quadrillionths */
+   -3,  /* (19) final_number ::= less_than_quadrillion AND fraction */
+   -1,  /* (20) final_number ::= fraction */
+   -2,  /* (21) fraction ::= less_than_quadrillion less_than_quadrillionths */
+   -2,  /* (22) fraction ::= less_than_quadrillion less_than_quadrillionth */
+   -2,  /* (23) fraction ::= A less_than_quadrillionth */
+   -2,  /* (24) fraction ::= AN less_than_quadrillionth */
+   -1,  /* (25) final_number ::= ZERO_WHOLE_NUMBER */
+   -1,  /* (26) final_number ::= WHOLE_NUMBER */
+   -1,  /* (27) final_number ::= DECIMAL */
+   -1,  /* (28) final_number ::= ZERO */
+   -1,  /* (29) less_than_quintillionth_end_only ::= less_than_quintillionth */
+   -1,  /* (30) less_than_quintillionth_end_only ::= less_than_quadrillionth_end_only */
+   -2,  /* (31) less_than_quintillionth ::= QUADRILLION less_than_quadrillionth_end_only */
+   -3,  /* (32) less_than_quintillionth ::= less_than_thousand QUADRILLION less_than_quadrillionth_end_only */
+   -2,  /* (33) less_than_quintillionth ::= less_than_thousand QUADRILLIONTH */
+   -1,  /* (34) less_than_quintillionth ::= less_than_quadrillionth */
+   -1,  /* (35) final_number ::= QUADRILLIONTH */
+   -2,  /* (36) final_number ::= DECIMAL QUADRILLIONTH */
+   -1,  /* (37) less_than_quintillionths_end_only ::= less_than_quintillionths */
+   -1,  /* (38) less_than_quintillionths_end_only ::= less_than_quadrillionths_end_only */
+   -2,  /* (39) less_than_quintillionths ::= QUADRILLION less_than_quadrillionths_end_only */
+   -3,  /* (40) less_than_quintillionths ::= less_than_thousand QUADRILLION less_than_quadrillionths_end_only */
+   -2,  /* (41) less_than_quintillionths ::= less_than_thousand QUADRILLIONTHS */
+   -1,  /* (42) less_than_quintillionths ::= less_than_quadrillionths */
+   -1,  /* (43) final_number ::= QUADRILLIONTHS */
+   -2,  /* (44) final_number ::= DECIMAL QUADRILLIONTHS */
+   -1,  /* (45) less_than_quintillion_end_only ::= less_than_quintillion */
+   -1,  /* (46) less_than_quintillion_end_only ::= less_than_quadrillion_end_only */
+   -2,  /* (47) less_than_quintillion ::= QUADRILLION less_than_quadrillion_end_only */
+   -3,  /* (48) less_than_quintillion ::= less_than_thousand QUADRILLION less_than_quadrillion_end_only */
+   -2,  /* (49) less_than_quintillion ::= less_than_thousand QUADRILLION */
+   -1,  /* (50) less_than_quintillion ::= less_than_quadrillion */
+   -2,  /* (51) final_number ::= QUADRILLION less_than_quadrillion_end_only */
+   -3,  /* (52) final_number ::= less_than_thousand QUADRILLION less_than_quadrillion_end_only */
+   -2,  /* (53) final_number ::= less_than_thousand QUADRILLION */
+   -2,  /* (54) final_number ::= DECIMAL QUADRILLION */
+   -1,  /* (55) less_than_quadrillion_end_only ::= less_than_quadrillion */
+   -1,  /* (56) less_than_quadrillion_end_only ::= less_than_trillion_end_only */
+   -2,  /* (57) less_than_quadrillionth ::= TRILLION less_than_trillionth_end_only */
+   -3,  /* (58) less_than_quadrillionth ::= less_than_thousand TRILLION less_than_trillionth_end_only */
+   -2,  /* (59) less_than_quadrillionth ::= less_than_thousand TRILLIONTH */
+   -1,  /* (60) less_than_quadrillionth ::= less_than_trillionth */
+   -1,  /* (61) final_number ::= TRILLIONTH */
+   -2,  /* (62) final_number ::= DECIMAL TRILLIONTH */
+   -2,  /* (63) less_than_quadrillionths ::= TRILLION less_than_trillionths_end_only */
+   -3,  /* (64) less_than_quadrillionths ::= less_than_thousand TRILLION less_than_trillionths_end_only */
+   -2,  /* (65) less_than_quadrillionths ::= less_than_thousand TRILLIONTHS */
+   -1,  /* (66) less_than_quadrillionths ::= less_than_trillionths */
+   -1,  /* (67) final_number ::= TRILLIONTHS */
+   -2,  /* (68) final_number ::= DECIMAL TRILLIONTHS */
+   -2,  /* (69) less_than_quadrillion ::= TRILLION less_than_trillion_end_only */
+   -3,  /* (70) less_than_quadrillion ::= less_than_thousand TRILLION less_than_trillion_end_only */
+   -2,  /* (71) less_than_quadrillion ::= less_than_thousand TRILLION */
+   -1,  /* (72) less_than_quadrillion ::= less_than_trillion */
+   -1,  /* (73) final_number ::= TRILLION */
+   -2,  /* (74) final_number ::= DECIMAL TRILLION */
+   -2,  /* (75) final_number ::= WHOLE_NUMBER TRILLION */
+   -1,  /* (76) less_than_trillionth_end_only ::= less_than_trillionth */
+   -1,  /* (77) less_than_trillionth_end_only ::= less_than_billionth_end_only */
+   -2,  /* (78) less_than_trillionth ::= BILLION less_than_billionth_end_only */
+   -3,  /* (79) less_than_trillionth ::= less_than_thousand BILLION less_than_billionth_end_only */
+   -2,  /* (80) less_than_trillionth ::= less_than_thousand BILLIONTH */
+   -1,  /* (81) less_than_trillionth ::= less_than_billionth */
+   -1,  /* (82) final_number ::= BILLIONTH */
+   -2,  /* (83) final_number ::= DECIMAL BILLIONTH */
+   -1,  /* (84) less_than_trillionths_end_only ::= less_than_trillionths */
+   -1,  /* (85) less_than_trillionths_end_only ::= less_than_billionths_end_only */
+   -2,  /* (86) less_than_trillionths ::= BILLION less_than_billionths_end_only */
+   -3,  /* (87) less_than_trillionths ::= less_than_thousand BILLION less_than_billionths_end_only */
+   -2,  /* (88) less_than_trillionths ::= less_than_thousand BILLIONTHS */
+   -1,  /* (89) less_than_trillionths ::= less_than_billionths */
+   -1,  /* (90) final_number ::= BILLIONTHS */
+   -2,  /* (91) final_number ::= DECIMAL BILLIONTHS */
+   -1,  /* (92) less_than_trillion_end_only ::= less_than_trillion */
+   -1,  /* (93) less_than_trillion_end_only ::= less_than_billion_end_only */
+   -2,  /* (94) less_than_trillion ::= BILLION less_than_billion_end_only */
+   -3,  /* (95) less_than_trillion ::= less_than_thousand BILLION less_than_billion_end_only */
+   -2,  /* (96) less_than_trillion ::= less_than_thousand BILLION */
+   -1,  /* (97) less_than_trillion ::= less_than_billion */
+   -1,  /* (98) final_number ::= BILLION */
+   -2,  /* (99) final_number ::= DECIMAL BILLION */
+   -2,  /* (100) final_number ::= WHOLE_NUMBER BILLION */
+   -1,  /* (101) less_than_billionth_end_only ::= less_than_billionth */
+   -1,  /* (102) less_than_billionth_end_only ::= less_than_millionth_end_only */
+   -2,  /* (103) less_than_billionth ::= MILLION less_than_millionth_end_only */
+   -3,  /* (104) less_than_billionth ::= less_than_thousand MILLION less_than_millionth_end_only */
+   -2,  /* (105) less_than_billionth ::= less_than_thousand MILLIONTH */
+   -1,  /* (106) less_than_billionth ::= less_than_millionth */
+   -1,  /* (107) final_number ::= MILLIONTH */
+   -2,  /* (108) final_number ::= DECIMAL MILLIONTH */
+   -1,  /* (109) less_than_billionths_end_only ::= less_than_billionths */
+   -1,  /* (110) less_than_billionths_end_only ::= less_than_millionths_end_only */
+   -2,  /* (111) less_than_billionths ::= MILLION less_than_millionths_end_only */
+   -3,  /* (112) less_than_billionths ::= less_than_thousand MILLION less_than_millionths_end_only */
+   -2,  /* (113) less_than_billionths ::= less_than_thousand MILLIONTHS */
+   -1,  /* (114) less_than_billionths ::= less_than_millionths */
+   -1,  /* (115) final_number ::= MILLIONTHS */
+   -2,  /* (116) final_number ::= DECIMAL MILLIONTHS */
+   -1,  /* (117) less_than_billion_end_only ::= less_than_billion */
+   -1,  /* (118) less_than_billion_end_only ::= less_than_million_end_only */
+   -2,  /* (119) less_than_billion ::= MILLION less_than_million_end_only */
+   -3,  /* (120) less_than_billion ::= less_than_thousand MILLION less_than_million_end_only */
+   -2,  /* (121) less_than_billion ::= less_than_thousand MILLION */
+   -1,  /* (122) less_than_billion ::= less_than_million */
+   -1,  /* (123) final_number ::= MILLION */
+   -2,  /* (124) final_number ::= DECIMAL MILLION */
+   -2,  /* (125) final_number ::= WHOLE_NUMBER MILLION */
+   -1,  /* (126) less_than_millionth_end_only ::= less_than_millionth */
+   -1,  /* (127) less_than_millionth_end_only ::= less_than_thousandth_end_only */
+   -2,  /* (128) less_than_millionth ::= THOUSAND less_than_thousandth_end_only */
+   -3,  /* (129) less_than_millionth ::= less_than_thousand THOUSAND less_than_thousandth_end_only */
+   -2,  /* (130) less_than_millionth ::= less_than_thousand THOUSANDTH */
+   -1,  /* (131) less_than_millionth ::= less_than_thousandth */
+   -1,  /* (132) final_number ::= THOUSANDTH */
+   -2,  /* (133) final_number ::= DECIMAL THOUSANDTH */
+   -1,  /* (134) less_than_millionths_end_only ::= less_than_millionths */
+   -1,  /* (135) less_than_millionths_end_only ::= less_than_thousandths_end_only */
+   -2,  /* (136) less_than_millionths ::= THOUSAND less_than_thousandths_end_only */
+   -3,  /* (137) less_than_millionths ::= less_than_thousand THOUSAND less_than_thousandths_end_only */
+   -2,  /* (138) less_than_millionths ::= less_than_thousand THOUSANDTHS */
+   -1,  /* (139) less_than_millionths ::= less_than_thousandths */
+   -1,  /* (140) final_number ::= THOUSANDTHS */
+   -2,  /* (141) final_number ::= DECIMAL THOUSANDTHS */
+   -1,  /* (142) less_than_million_end_only ::= less_than_million */
+   -1,  /* (143) less_than_million_end_only ::= less_than_thousand_end_only */
+   -2,  /* (144) less_than_million ::= THOUSAND less_than_thousand_end_only */
+   -3,  /* (145) less_than_million ::= less_than_thousand THOUSAND less_than_thousand_end_only */
+   -2,  /* (146) less_than_million ::= less_than_thousand THOUSAND */
+   -1,  /* (147) less_than_million ::= less_than_thousand */
+   -1,  /* (148) final_number ::= THOUSAND */
+   -2,  /* (149) final_number ::= DECIMAL THOUSAND */
+   -2,  /* (150) final_number ::= WHOLE_NUMBER THOUSAND */
+   -4,  /* (151) final_number ::= less_than_thousand THOUSAND AND less_than_hundred */
+   -3,  /* (152) final_number ::= THOUSAND AND less_than_hundred */
+   -2,  /* (153) less_than_thousandth_end_only ::= AND less_than_hundredth */
+   -1,  /* (154) less_than_thousandth_end_only ::= less_than_thousandth */
+   -3,  /* (155) less_than_thousandth ::= HUNDRED AND less_than_hundredth */
+   -4,  /* (156) less_than_thousandth ::= less_than_hundred HUNDRED AND less_than_hundredth */
+   -3,  /* (157) less_than_thousandth ::= less_than_hundred HUNDRED less_than_hundredth */
+   -2,  /* (158) less_than_thousandth ::= less_than_hundred HUNDREDTH */
+   -1,  /* (159) less_than_thousandth ::= less_than_hundredth */
+   -1,  /* (160) final_number ::= HUNDREDTH */
+   -2,  /* (161) final_number ::= DECIMAL HUNDREDTH */
+   -2,  /* (162) less_than_thousandths_end_only ::= AND less_than_hundredths */
+   -1,  /* (163) less_than_thousandths_end_only ::= less_than_thousandths */
+   -3,  /* (164) less_than_thousandths ::= HUNDRED AND less_than_hundredths */
+   -4,  /* (165) less_than_thousandths ::= less_than_hundred HUNDRED AND less_than_hundredths */
+   -3,  /* (166) less_than_thousandths ::= less_than_hundred HUNDRED less_than_hundredths */
+   -2,  /* (167) less_than_thousandths ::= less_than_hundred HUNDREDTHS */
+   -1,  /* (168) less_than_thousandths ::= less_than_hundredths */
+   -1,  /* (169) final_number ::= HUNDREDTHS */
+   -2,  /* (170) final_number ::= DECIMAL HUNDREDTHS */
+   -2,  /* (171) less_than_thousand_end_only ::= AND less_than_hundred */
+   -1,  /* (172) less_than_thousand_end_only ::= less_than_thousand */
+   -3,  /* (173) less_than_thousand ::= HUNDRED AND less_than_hundred */
+   -4,  /* (174) less_than_thousand ::= less_than_hundred HUNDRED AND less_than_hundred */
+   -3,  /* (175) less_than_thousand ::= less_than_hundred HUNDRED less_than_hundred */
+   -2,  /* (176) less_than_thousand ::= less_than_hundred HUNDRED */
+   -1,  /* (177) less_than_thousand ::= less_than_hundred */
+   -1,  /* (178) final_number ::= HUNDRED */
+   -2,  /* (179) final_number ::= DECIMAL HUNDRED */
+   -2,  /* (180) final_number ::= WHOLE_NUMBER HUNDRED */
+   -2,  /* (181) less_than_hundredth ::= tens less_than_tenth */
+   -1,  /* (182) less_than_hundredth ::= tenth */
+   -1,  /* (183) less_than_hundredth ::= less_than_twentieth */
+   -2,  /* (184) less_than_hundredths ::= tens less_than_tenths */
+   -1,  /* (185) less_than_hundredths ::= tenths */
+   -1,  /* (186) less_than_hundredths ::= less_than_twentieths */
+   -2,  /* (187) less_than_hundred ::= tens less_than_ten */
+   -1,  /* (188) less_than_hundred ::= tens */
+   -1,  /* (189) less_than_hundred ::= less_than_twenty */
+   -1,  /* (190) less_than_twentieth ::= tenth_to_19th */
+   -1,  /* (191) less_than_twentieth ::= less_than_tenth */
+   -1,  /* (192) less_than_twentieths ::= tenths_to_19ths */
+   -1,  /* (193) less_than_twentieths ::= less_than_tenths */
+   -1,  /* (194) less_than_twenty ::= ten_to_19 */
+   -1,  /* (195) less_than_twenty ::= less_than_ten */
+   -1,  /* (196) less_than_ten ::= ONE */
+   -1,  /* (197) less_than_ten ::= TWO */
+   -1,  /* (198) less_than_ten ::= THREE */
+   -1,  /* (199) less_than_ten ::= FOUR */
+   -1,  /* (200) less_than_ten ::= FIVE */
+   -1,  /* (201) less_than_ten ::= SIX */
+   -1,  /* (202) less_than_ten ::= SEVEN */
+   -1,  /* (203) less_than_ten ::= EIGHT */
+   -1,  /* (204) less_than_ten ::= NINE */
+   -1,  /* (205) ten_to_19 ::= TEN */
+   -1,  /* (206) ten_to_19 ::= ELEVEN */
+   -1,  /* (207) ten_to_19 ::= TWELVE */
+   -1,  /* (208) ten_to_19 ::= THIRTEEN */
+   -1,  /* (209) ten_to_19 ::= FOURTEEN */
+   -1,  /* (210) ten_to_19 ::= FIFTEEN */
+   -1,  /* (211) ten_to_19 ::= SIXTEEN */
+   -1,  /* (212) ten_to_19 ::= SEVENTEEN */
+   -1,  /* (213) ten_to_19 ::= EIGHTEEN */
+   -1,  /* (214) ten_to_19 ::= NINETEEN */
+   -1,  /* (215) tens ::= TWENTY */
+   -1,  /* (216) tens ::= THIRTY */
+   -1,  /* (217) tens ::= FORTY */
+   -1,  /* (218) tens ::= FIFTY */
+   -1,  /* (219) tens ::= SIXTY */
+   -1,  /* (220) tens ::= SEVENTY */
+   -1,  /* (221) tens ::= EIGHTY */
+   -1,  /* (222) tens ::= NINETY */
+   -1,  /* (223) less_than_tenth ::= FIRST */
+   -1,  /* (224) less_than_tenth ::= SECOND */
+   -1,  /* (225) less_than_tenth ::= THIRD */
+   -1,  /* (226) less_than_tenth ::= FOURTH */
+   -1,  /* (227) less_than_tenth ::= FIFTH */
+   -1,  /* (228) less_than_tenth ::= SIXTH */
+   -1,  /* (229) less_than_tenth ::= SEVENTH */
+   -1,  /* (230) less_than_tenth ::= EIGHTH */
+   -1,  /* (231) less_than_tenth ::= NINTH */
+   -1,  /* (232) tenth_to_19th ::= TENTH */
+   -1,  /* (233) tenth_to_19th ::= ELEVENTH */
+   -1,  /* (234) tenth_to_19th ::= TWELFTH */
+   -1,  /* (235) tenth_to_19th ::= THIRTEENTH */
+   -1,  /* (236) tenth_to_19th ::= FOURTEENTH */
+   -1,  /* (237) tenth_to_19th ::= FIFTEENTH */
+   -1,  /* (238) tenth_to_19th ::= SIXTEENTH */
+   -1,  /* (239) tenth_to_19th ::= SEVENTEENTH */
+   -1,  /* (240) tenth_to_19th ::= EIGHTEENTH */
+   -1,  /* (241) tenth_to_19th ::= NINETEENTH */
+   -1,  /* (242) tenth ::= TWENTIETH */
+   -1,  /* (243) tenth ::= THIRTIETH */
+   -1,  /* (244) tenth ::= FOURTIETH */
+   -1,  /* (245) tenth ::= FIFTIETH */
+   -1,  /* (246) tenth ::= SIXTIETH */
+   -1,  /* (247) tenth ::= SEVENTIETH */
+   -1,  /* (248) tenth ::= EIGHTIETH */
+   -1,  /* (249) tenth ::= NINETIETH */
+   -1,  /* (250) less_than_tenths ::= FIRSTS */
+   -1,  /* (251) less_than_tenths ::= SECONDS */
+   -1,  /* (252) less_than_tenths ::= THIRDS */
+   -1,  /* (253) less_than_tenths ::= FOURTHS */
+   -1,  /* (254) less_than_tenths ::= FIFTHS */
+   -1,  /* (255) less_than_tenths ::= SIXTHS */
+   -1,  /* (256) less_than_tenths ::= SEVENTHS */
+   -1,  /* (257) less_than_tenths ::= EIGHTHS */
+   -1,  /* (258) less_than_tenths ::= NINTHS */
+   -1,  /* (259) tenths_to_19ths ::= TENTHS */
+   -1,  /* (260) tenths_to_19ths ::= ELEVENTHS */
+   -1,  /* (261) tenths_to_19ths ::= TWELFTHS */
+   -1,  /* (262) tenths_to_19ths ::= THIRTEENTHS */
+   -1,  /* (263) tenths_to_19ths ::= FOURTEENTHS */
+   -1,  /* (264) tenths_to_19ths ::= FIFTEENTHS */
+   -1,  /* (265) tenths_to_19ths ::= SIXTEENTHS */
+   -1,  /* (266) tenths_to_19ths ::= SEVENTEENTHS */
+   -1,  /* (267) tenths_to_19ths ::= EIGHTEENTHS */
+   -1,  /* (268) tenths_to_19ths ::= NINETEENTHS */
+   -1,  /* (269) tenths ::= TWENTIETHS */
+   -1,  /* (270) tenths ::= THIRTIETHS */
+   -1,  /* (271) tenths ::= FOURTIETHS */
+   -1,  /* (272) tenths ::= FIFTIETHS */
+   -1,  /* (273) tenths ::= SIXTIETHS */
+   -1,  /* (274) tenths ::= SEVENTIETHS */
+   -1,  /* (275) tenths ::= EIGHTIETHS */
+   -1,  /* (276) tenths ::= NINETIETHS */
+   -1,  /* (277) program ::= numbers */
+   -2,  /* (278) numbers ::= numbers number */
+   -1,  /* (279) numbers ::= number */
 };
 
 static void yy_accept(yyParser*);  /* Forward Declaration */
@@ -2985,7 +3132,7 @@ static YYACTIONTYPE yy_reduce(
         insertYYSTYPE(&(state->yystypeList), yymsp[0].minor.yy0);
     }
 }
-#line 2989 "parser.c"
+#line 3136 "parser.c"
         break;
       case 1: /* number ::= NEGATIVE final_number */
 #line 225 "parser.yy"
@@ -2997,1201 +3144,1228 @@ static YYACTIONTYPE yy_reduce(
     yymsp[0].minor.yy0.end = yymsp[0].minor.yy0.end;
     insertYYSTYPE(&state->yystypeList, yymsp[0].minor.yy0);
 }
-#line 3001 "parser.c"
+#line 3148 "parser.c"
         break;
       case 2: /* final_number ::= less_than_quadrillion AND_A QUARTER */
 #line 234 "parser.yy"
 { COPY_YYSTYPE_FRAC_SET_MULT(yylhsminor.yy0, yymsp[-2].minor.yy0, yymsp[0].minor.yy0, 1.0, 4.0); }
-#line 3006 "parser.c"
+#line 3153 "parser.c"
   yymsp[-2].minor.yy0 = yylhsminor.yy0;
         break;
       case 3: /* final_number ::= less_than_quadrillion AND_A HALF */
 #line 235 "parser.yy"
 { COPY_YYSTYPE_FRAC_SET_MULT(yylhsminor.yy0, yymsp[-2].minor.yy0, yymsp[0].minor.yy0, 1.0, 2.0); }
-#line 3012 "parser.c"
+#line 3159 "parser.c"
   yymsp[-2].minor.yy0 = yylhsminor.yy0;
         break;
       case 4: /* final_number ::= less_than_quadrillion AND A QUARTER */
 #line 236 "parser.yy"
 { COPY_YYSTYPE_FRAC_SET_MULT(yylhsminor.yy0, yymsp[-3].minor.yy0, yymsp[0].minor.yy0, 1.0, 4.0); }
-#line 3018 "parser.c"
+#line 3165 "parser.c"
   yymsp[-3].minor.yy0 = yylhsminor.yy0;
         break;
       case 5: /* final_number ::= less_than_quadrillion AND A HALF */
 #line 237 "parser.yy"
 { COPY_YYSTYPE_FRAC_SET_MULT(yylhsminor.yy0, yymsp[-3].minor.yy0, yymsp[0].minor.yy0, 1.0, 2.0); }
-#line 3024 "parser.c"
+#line 3171 "parser.c"
   yymsp[-3].minor.yy0 = yylhsminor.yy0;
         break;
       case 6: /* final_number ::= less_than_quadrillion QUARTERS */
 #line 239 "parser.yy"
 { COPY_YYSTYPE_FRAC_SET(yylhsminor.yy0, yymsp[-1].minor.yy0, yymsp[0].minor.yy0, yymsp[-1].minor.yy0.dbl, 4.0); }
-#line 3030 "parser.c"
+#line 3177 "parser.c"
   yymsp[-1].minor.yy0 = yylhsminor.yy0;
         break;
       case 7: /* final_number ::= ONE QUARTER */
       case 8: /* final_number ::= A QUARTER */ yytestcase(yyruleno==8);
 #line 240 "parser.yy"
 { COPY_YYSTYPE_FRAC_SET(yylhsminor.yy0, yymsp[-1].minor.yy0, yymsp[0].minor.yy0, 1.0, 4.0); }
-#line 3037 "parser.c"
+#line 3184 "parser.c"
   yymsp[-1].minor.yy0 = yylhsminor.yy0;
         break;
       case 9: /* final_number ::= less_than_quadrillion HALVES */
 #line 243 "parser.yy"
 { COPY_YYSTYPE_FRAC_SET(yylhsminor.yy0, yymsp[-1].minor.yy0, yymsp[0].minor.yy0, yymsp[-1].minor.yy0.dbl, 2.0); }
-#line 3043 "parser.c"
+#line 3190 "parser.c"
   yymsp[-1].minor.yy0 = yylhsminor.yy0;
         break;
       case 10: /* final_number ::= ONE HALF */
 #line 244 "parser.yy"
 { COPY_YYSTYPE_FRAC_SET(yylhsminor.yy0, yymsp[-1].minor.yy0, yymsp[0].minor.yy0, 1.0, 2.0);  }
-#line 3049 "parser.c"
+#line 3196 "parser.c"
   yymsp[-1].minor.yy0 = yylhsminor.yy0;
         break;
       case 11: /* final_number ::= A HALF */
 #line 245 "parser.yy"
 { COPY_YYSTYPE_FRAC_SET(yylhsminor.yy0, yymsp[-1].minor.yy0, yymsp[0].minor.yy0, 1.0, 2.0); }
-#line 3055 "parser.c"
+#line 3202 "parser.c"
+  yymsp[-1].minor.yy0 = yylhsminor.yy0;
+        break;
+      case 12: /* final_number ::= ONE HUNDREDTH */
+      case 13: /* final_number ::= A HUNDREDTH */ yytestcase(yyruleno==13);
+#line 248 "parser.yy"
+{ COPY_YYSTYPE_FRAC_SET(yylhsminor.yy0, yymsp[-1].minor.yy0, yymsp[0].minor.yy0, 1.0, 100.0); }
+#line 3209 "parser.c"
+  yymsp[-1].minor.yy0 = yylhsminor.yy0;
+        break;
+      case 14: /* final_number ::= less_than_hundred HUNDREDTHS */
+#line 250 "parser.yy"
+{ COPY_YYSTYPE_FRAC_SET(yylhsminor.yy0, yymsp[-1].minor.yy0, yymsp[0].minor.yy0, yymsp[-1].minor.yy0.dbl, 100.0); }
+#line 3215 "parser.c"
   yymsp[-1].minor.yy0 = yylhsminor.yy0;
         break;
-      case 12: /* final_number ::= less_than_quadrillion */
-      case 42: /* less_than_quintillion_end_only ::= less_than_quintillion */ yytestcase(yyruleno==42);
-      case 43: /* less_than_quintillion_end_only ::= less_than_quadrillion_end_only */ yytestcase(yyruleno==43);
-      case 47: /* less_than_quintillion ::= less_than_quadrillion */ yytestcase(yyruleno==47);
-      case 67: /* less_than_quadrillion ::= less_than_trillion */ yytestcase(yyruleno==67);
-      case 87: /* less_than_trillion_end_only ::= less_than_trillion */ yytestcase(yyruleno==87);
-      case 88: /* less_than_trillion_end_only ::= less_than_billion_end_only */ yytestcase(yyruleno==88);
-      case 92: /* less_than_trillion ::= less_than_billion */ yytestcase(yyruleno==92);
-      case 112: /* less_than_billion_end_only ::= less_than_billion */ yytestcase(yyruleno==112);
-      case 113: /* less_than_billion_end_only ::= less_than_million_end_only */ yytestcase(yyruleno==113);
-      case 117: /* less_than_billion ::= less_than_million */ yytestcase(yyruleno==117);
-      case 137: /* less_than_million_end_only ::= less_than_million */ yytestcase(yyruleno==137);
-      case 138: /* less_than_million_end_only ::= less_than_thousand_end_only */ yytestcase(yyruleno==138);
-      case 142: /* less_than_million ::= less_than_thousand */ yytestcase(yyruleno==142);
-      case 165: /* less_than_thousand_end_only ::= less_than_thousand */ yytestcase(yyruleno==165);
-      case 170: /* less_than_thousand ::= less_than_hundred */ yytestcase(yyruleno==170);
-      case 181: /* less_than_hundred ::= tens */ yytestcase(yyruleno==181);
-      case 182: /* less_than_hundred ::= less_than_twenty */ yytestcase(yyruleno==182);
-      case 187: /* less_than_twenty ::= ten_to_19 */ yytestcase(yyruleno==187);
-      case 188: /* less_than_twenty ::= less_than_ten */ yytestcase(yyruleno==188);
-#line 247 "parser.yy"
+      case 15: /* final_number ::= less_than_quadrillion */
+      case 45: /* less_than_quintillion_end_only ::= less_than_quintillion */ yytestcase(yyruleno==45);
+      case 46: /* less_than_quintillion_end_only ::= less_than_quadrillion_end_only */ yytestcase(yyruleno==46);
+      case 50: /* less_than_quintillion ::= less_than_quadrillion */ yytestcase(yyruleno==50);
+      case 55: /* less_than_quadrillion_end_only ::= less_than_quadrillion */ yytestcase(yyruleno==55);
+      case 56: /* less_than_quadrillion_end_only ::= less_than_trillion_end_only */ yytestcase(yyruleno==56);
+      case 72: /* less_than_quadrillion ::= less_than_trillion */ yytestcase(yyruleno==72);
+      case 92: /* less_than_trillion_end_only ::= less_than_trillion */ yytestcase(yyruleno==92);
+      case 93: /* less_than_trillion_end_only ::= less_than_billion_end_only */ yytestcase(yyruleno==93);
+      case 97: /* less_than_trillion ::= less_than_billion */ yytestcase(yyruleno==97);
+      case 117: /* less_than_billion_end_only ::= less_than_billion */ yytestcase(yyruleno==117);
+      case 118: /* less_than_billion_end_only ::= less_than_million_end_only */ yytestcase(yyruleno==118);
+      case 122: /* less_than_billion ::= less_than_million */ yytestcase(yyruleno==122);
+      case 142: /* less_than_million_end_only ::= less_than_million */ yytestcase(yyruleno==142);
+      case 143: /* less_than_million_end_only ::= less_than_thousand_end_only */ yytestcase(yyruleno==143);
+      case 147: /* less_than_million ::= less_than_thousand */ yytestcase(yyruleno==147);
+      case 172: /* less_than_thousand_end_only ::= less_than_thousand */ yytestcase(yyruleno==172);
+      case 177: /* less_than_thousand ::= less_than_hundred */ yytestcase(yyruleno==177);
+      case 188: /* less_than_hundred ::= tens */ yytestcase(yyruleno==188);
+      case 189: /* less_than_hundred ::= less_than_twenty */ yytestcase(yyruleno==189);
+      case 194: /* less_than_twenty ::= ten_to_19 */ yytestcase(yyruleno==194);
+      case 195: /* less_than_twenty ::= less_than_ten */ yytestcase(yyruleno==195);
+#line 252 "parser.yy"
 { COPY_YYSTYPE_BE_DBL(yylhsminor.yy0, yymsp[0].minor.yy0); }
-#line 3080 "parser.c"
+#line 3242 "parser.c"
   yymsp[0].minor.yy0 = yylhsminor.yy0;
         break;
-      case 13: /* final_number ::= FRACTION */
-#line 248 "parser.yy"
+      case 16: /* final_number ::= FRACTION */
+#line 253 "parser.yy"
 { COPY_YYSTYPE_BE(yylhsminor.yy0, yymsp[0].minor.yy0); yylhsminor.yy0.frac_num = yymsp[0].minor.yy0.frac_num; yylhsminor.yy0.frac_denom = yymsp[0].minor.yy0.frac_denom; yylhsminor.yy0.is_frac = true; }
-#line 3086 "parser.c"
+#line 3248 "parser.c"
   yymsp[0].minor.yy0 = yylhsminor.yy0;
         break;
-      case 14: /* final_number ::= less_than_quadrillionth */
-      case 15: /* final_number ::= less_than_quadrillionths */ yytestcase(yyruleno==15);
-      case 26: /* less_than_quintillionth_end_only ::= less_than_quintillionth */ yytestcase(yyruleno==26);
-      case 27: /* less_than_quintillionth_end_only ::= less_than_quadrillionth_end_only */ yytestcase(yyruleno==27);
-      case 31: /* less_than_quintillionth ::= less_than_quadrillionth */ yytestcase(yyruleno==31);
-      case 34: /* less_than_quintillionths_end_only ::= less_than_quintillionths */ yytestcase(yyruleno==34);
-      case 35: /* less_than_quintillionths_end_only ::= less_than_quadrillionths_end_only */ yytestcase(yyruleno==35);
-      case 39: /* less_than_quintillionths ::= less_than_quadrillionths */ yytestcase(yyruleno==39);
-      case 55: /* less_than_quadrillionth ::= less_than_trillionth */ yytestcase(yyruleno==55);
-      case 61: /* less_than_quadrillionths ::= less_than_trillionths */ yytestcase(yyruleno==61);
-      case 71: /* less_than_trillionth_end_only ::= less_than_trillionth */ yytestcase(yyruleno==71);
-      case 72: /* less_than_trillionth_end_only ::= less_than_billionth_end_only */ yytestcase(yyruleno==72);
-      case 76: /* less_than_trillionth ::= less_than_billionth */ yytestcase(yyruleno==76);
-      case 79: /* less_than_trillionths_end_only ::= less_than_trillionths */ yytestcase(yyruleno==79);
-      case 80: /* less_than_trillionths_end_only ::= less_than_billionths_end_only */ yytestcase(yyruleno==80);
-      case 84: /* less_than_trillionths ::= less_than_billionths */ yytestcase(yyruleno==84);
-      case 96: /* less_than_billionth_end_only ::= less_than_billionth */ yytestcase(yyruleno==96);
-      case 97: /* less_than_billionth_end_only ::= less_than_millionth_end_only */ yytestcase(yyruleno==97);
-      case 101: /* less_than_billionth ::= less_than_millionth */ yytestcase(yyruleno==101);
-      case 104: /* less_than_billionths_end_only ::= less_than_billionths */ yytestcase(yyruleno==104);
-      case 105: /* less_than_billionths_end_only ::= less_than_millionths_end_only */ yytestcase(yyruleno==105);
-      case 109: /* less_than_billionths ::= less_than_millionths */ yytestcase(yyruleno==109);
-      case 121: /* less_than_millionth_end_only ::= less_than_millionth */ yytestcase(yyruleno==121);
-      case 122: /* less_than_millionth_end_only ::= less_than_thousandth_end_only */ yytestcase(yyruleno==122);
-      case 126: /* less_than_millionth ::= less_than_thousandth */ yytestcase(yyruleno==126);
-      case 129: /* less_than_millionths_end_only ::= less_than_millionths */ yytestcase(yyruleno==129);
-      case 130: /* less_than_millionths_end_only ::= less_than_thousandths_end_only */ yytestcase(yyruleno==130);
-      case 134: /* less_than_millionths ::= less_than_thousandths */ yytestcase(yyruleno==134);
-      case 147: /* less_than_thousandth_end_only ::= less_than_thousandth */ yytestcase(yyruleno==147);
-      case 152: /* less_than_thousandth ::= less_than_hundredth */ yytestcase(yyruleno==152);
-      case 156: /* less_than_thousandths_end_only ::= less_than_thousandths */ yytestcase(yyruleno==156);
-      case 161: /* less_than_thousandths ::= less_than_hundredths */ yytestcase(yyruleno==161);
-      case 175: /* less_than_hundredth ::= tenth */ yytestcase(yyruleno==175);
-      case 176: /* less_than_hundredth ::= less_than_twentieth */ yytestcase(yyruleno==176);
-      case 178: /* less_than_hundredths ::= tenths */ yytestcase(yyruleno==178);
-      case 179: /* less_than_hundredths ::= less_than_twentieths */ yytestcase(yyruleno==179);
-      case 183: /* less_than_twentieth ::= tenth_to_19th */ yytestcase(yyruleno==183);
-      case 184: /* less_than_twentieth ::= less_than_tenth */ yytestcase(yyruleno==184);
-      case 185: /* less_than_twentieths ::= tenths_to_19ths */ yytestcase(yyruleno==185);
-      case 186: /* less_than_twentieths ::= less_than_tenths */ yytestcase(yyruleno==186);
-#line 249 "parser.yy"
+      case 17: /* final_number ::= less_than_quadrillionth */
+      case 18: /* final_number ::= less_than_quadrillionths */ yytestcase(yyruleno==18);
+      case 29: /* less_than_quintillionth_end_only ::= less_than_quintillionth */ yytestcase(yyruleno==29);
+      case 30: /* less_than_quintillionth_end_only ::= less_than_quadrillionth_end_only */ yytestcase(yyruleno==30);
+      case 34: /* less_than_quintillionth ::= less_than_quadrillionth */ yytestcase(yyruleno==34);
+      case 37: /* less_than_quintillionths_end_only ::= less_than_quintillionths */ yytestcase(yyruleno==37);
+      case 38: /* less_than_quintillionths_end_only ::= less_than_quadrillionths_end_only */ yytestcase(yyruleno==38);
+      case 42: /* less_than_quintillionths ::= less_than_quadrillionths */ yytestcase(yyruleno==42);
+      case 60: /* less_than_quadrillionth ::= less_than_trillionth */ yytestcase(yyruleno==60);
+      case 66: /* less_than_quadrillionths ::= less_than_trillionths */ yytestcase(yyruleno==66);
+      case 76: /* less_than_trillionth_end_only ::= less_than_trillionth */ yytestcase(yyruleno==76);
+      case 77: /* less_than_trillionth_end_only ::= less_than_billionth_end_only */ yytestcase(yyruleno==77);
+      case 81: /* less_than_trillionth ::= less_than_billionth */ yytestcase(yyruleno==81);
+      case 84: /* less_than_trillionths_end_only ::= less_than_trillionths */ yytestcase(yyruleno==84);
+      case 85: /* less_than_trillionths_end_only ::= less_than_billionths_end_only */ yytestcase(yyruleno==85);
+      case 89: /* less_than_trillionths ::= less_than_billionths */ yytestcase(yyruleno==89);
+      case 101: /* less_than_billionth_end_only ::= less_than_billionth */ yytestcase(yyruleno==101);
+      case 102: /* less_than_billionth_end_only ::= less_than_millionth_end_only */ yytestcase(yyruleno==102);
+      case 106: /* less_than_billionth ::= less_than_millionth */ yytestcase(yyruleno==106);
+      case 109: /* less_than_billionths_end_only ::= less_than_billionths */ yytestcase(yyruleno==109);
+      case 110: /* less_than_billionths_end_only ::= less_than_millionths_end_only */ yytestcase(yyruleno==110);
+      case 114: /* less_than_billionths ::= less_than_millionths */ yytestcase(yyruleno==114);
+      case 126: /* less_than_millionth_end_only ::= less_than_millionth */ yytestcase(yyruleno==126);
+      case 127: /* less_than_millionth_end_only ::= less_than_thousandth_end_only */ yytestcase(yyruleno==127);
+      case 131: /* less_than_millionth ::= less_than_thousandth */ yytestcase(yyruleno==131);
+      case 134: /* less_than_millionths_end_only ::= less_than_millionths */ yytestcase(yyruleno==134);
+      case 135: /* less_than_millionths_end_only ::= less_than_thousandths_end_only */ yytestcase(yyruleno==135);
+      case 139: /* less_than_millionths ::= less_than_thousandths */ yytestcase(yyruleno==139);
+      case 154: /* less_than_thousandth_end_only ::= less_than_thousandth */ yytestcase(yyruleno==154);
+      case 159: /* less_than_thousandth ::= less_than_hundredth */ yytestcase(yyruleno==159);
+      case 163: /* less_than_thousandths_end_only ::= less_than_thousandths */ yytestcase(yyruleno==163);
+      case 168: /* less_than_thousandths ::= less_than_hundredths */ yytestcase(yyruleno==168);
+      case 182: /* less_than_hundredth ::= tenth */ yytestcase(yyruleno==182);
+      case 183: /* less_than_hundredth ::= less_than_twentieth */ yytestcase(yyruleno==183);
+      case 185: /* less_than_hundredths ::= tenths */ yytestcase(yyruleno==185);
+      case 186: /* less_than_hundredths ::= less_than_twentieths */ yytestcase(yyruleno==186);
+      case 190: /* less_than_twentieth ::= tenth_to_19th */ yytestcase(yyruleno==190);
+      case 191: /* less_than_twentieth ::= less_than_tenth */ yytestcase(yyruleno==191);
+      case 192: /* less_than_twentieths ::= tenths_to_19ths */ yytestcase(yyruleno==192);
+      case 193: /* less_than_twentieths ::= less_than_tenths */ yytestcase(yyruleno==193);
+#line 254 "parser.yy"
 { COPY_YYSTYPE_BE_DBL_SUFF(yylhsminor.yy0, yymsp[0].minor.yy0); }
-#line 3131 "parser.c"
+#line 3293 "parser.c"
   yymsp[0].minor.yy0 = yylhsminor.yy0;
         break;
-      case 16: /* final_number ::= less_than_quadrillion AND fraction */
-#line 252 "parser.yy"
+      case 19: /* final_number ::= less_than_quadrillion AND fraction */
+#line 257 "parser.yy"
 { COPY_YYSTYPE_FRAC_SET_MULT(yylhsminor.yy0, yymsp[-2].minor.yy0, yymsp[0].minor.yy0, yymsp[0].minor.yy0.frac_num, yymsp[0].minor.yy0.frac_denom); }
-#line 3137 "parser.c"
+#line 3299 "parser.c"
   yymsp[-2].minor.yy0 = yylhsminor.yy0;
         break;
-      case 17: /* final_number ::= fraction */
-#line 255 "parser.yy"
+      case 20: /* final_number ::= fraction */
+#line 260 "parser.yy"
 { COPY_YYSTYPE_BE(yylhsminor.yy0, yymsp[0].minor.yy0); yylhsminor.yy0.frac_num = yymsp[0].minor.yy0.frac_num; yylhsminor.yy0.frac_denom = yymsp[0].minor.yy0.frac_denom; yylhsminor.yy0.is_frac = yymsp[0].minor.yy0.is_frac; }
-#line 3143 "parser.c"
+#line 3305 "parser.c"
   yymsp[0].minor.yy0 = yylhsminor.yy0;
         break;
-      case 18: /* fraction ::= less_than_quadrillion less_than_quadrillionths */
-      case 19: /* fraction ::= less_than_quadrillion less_than_quadrillionth */ yytestcase(yyruleno==19);
-#line 258 "parser.yy"
+      case 21: /* fraction ::= less_than_quadrillion less_than_quadrillionths */
+      case 22: /* fraction ::= less_than_quadrillion less_than_quadrillionth */ yytestcase(yyruleno==22);
+#line 263 "parser.yy"
 {
     COPY_YYSTYPE_BE2(yylhsminor.yy0, yymsp[-1].minor.yy0, yymsp[0].minor.yy0);
     COPY_YYSTYPE_FRAC(yylhsminor.yy0, yymsp[-1].minor.yy0, yymsp[0].minor.yy0);
 }
-#line 3153 "parser.c"
+#line 3315 "parser.c"
   yymsp[-1].minor.yy0 = yylhsminor.yy0;
         break;
-      case 20: /* fraction ::= A less_than_quadrillionth */
-      case 21: /* fraction ::= AN less_than_quadrillionth */ yytestcase(yyruleno==21);
-#line 267 "parser.yy"
+      case 23: /* fraction ::= A less_than_quadrillionth */
+      case 24: /* fraction ::= AN less_than_quadrillionth */ yytestcase(yyruleno==24);
+#line 272 "parser.yy"
 { COPY_YYSTYPE_FRAC_SET(yylhsminor.yy0, yymsp[-1].minor.yy0, yymsp[0].minor.yy0, 1.0, yymsp[0].minor.yy0.dbl); }
-#line 3160 "parser.c"
+#line 3322 "parser.c"
   yymsp[-1].minor.yy0 = yylhsminor.yy0;
         break;
-      case 22: /* final_number ::= ZERO_WHOLE_NUMBER */
-#line 273 "parser.yy"
+      case 25: /* final_number ::= ZERO_WHOLE_NUMBER */
+#line 278 "parser.yy"
 { COPY_YYSTYPE_BE(yylhsminor.yy0, yymsp[0].minor.yy0); yylhsminor.yy0.dbl = yymsp[0].minor.yy0.dbl; yylhsminor.yy0.leave_alone = true; }
-#line 3166 "parser.c"
+#line 3328 "parser.c"
   yymsp[0].minor.yy0 = yylhsminor.yy0;
         break;
-      case 23: /* final_number ::= WHOLE_NUMBER */
-#line 274 "parser.yy"
+      case 26: /* final_number ::= WHOLE_NUMBER */
+#line 279 "parser.yy"
 { COPY_YYSTYPE_BE(yylhsminor.yy0, yymsp[0].minor.yy0); yylhsminor.yy0.dbl = yymsp[0].minor.yy0.dbl; }
-#line 3172 "parser.c"
+#line 3334 "parser.c"
   yymsp[0].minor.yy0 = yylhsminor.yy0;
         break;
-      case 24: /* final_number ::= DECIMAL */
-#line 275 "parser.yy"
+      case 27: /* final_number ::= DECIMAL */
+#line 280 "parser.yy"
 { COPY_YYSTYPE_BE(yylhsminor.yy0, yymsp[0].minor.yy0); yylhsminor.yy0.dbl = yymsp[0].minor.yy0.dbl; yylhsminor.yy0.is_dbl = true; }
-#line 3178 "parser.c"
+#line 3340 "parser.c"
   yymsp[0].minor.yy0 = yylhsminor.yy0;
         break;
-      case 25: /* final_number ::= ZERO */
-#line 276 "parser.yy"
+      case 28: /* final_number ::= ZERO */
+#line 281 "parser.yy"
 { COPY_YYSTYPE_BE_VALUE(yylhsminor.yy0, yymsp[0].minor.yy0, 0.0); }
-#line 3184 "parser.c"
+#line 3346 "parser.c"
   yymsp[0].minor.yy0 = yylhsminor.yy0;
         break;
-      case 28: /* less_than_quintillionth ::= QUADRILLION less_than_quadrillionth_end_only */
-      case 36: /* less_than_quintillionths ::= QUADRILLION less_than_quadrillionths_end_only */ yytestcase(yyruleno==36);
-#line 285 "parser.yy"
+      case 31: /* less_than_quintillionth ::= QUADRILLION less_than_quadrillionth_end_only */
+      case 39: /* less_than_quintillionths ::= QUADRILLION less_than_quadrillionths_end_only */ yytestcase(yyruleno==39);
+#line 290 "parser.yy"
 { COPY_YYSTYPE_BE_ADD_SUFF_VALUE(yylhsminor.yy0, yymsp[-1].minor.yy0, yymsp[0].minor.yy0, QUADRILLION_F); }
-#line 3191 "parser.c"
+#line 3353 "parser.c"
   yymsp[-1].minor.yy0 = yylhsminor.yy0;
         break;
-      case 29: /* less_than_quintillionth ::= less_than_thousand QUADRILLION less_than_quadrillionth_end_only */
-      case 37: /* less_than_quintillionths ::= less_than_thousand QUADRILLION less_than_quadrillionths_end_only */ yytestcase(yyruleno==37);
-#line 286 "parser.yy"
+      case 32: /* less_than_quintillionth ::= less_than_thousand QUADRILLION less_than_quadrillionth_end_only */
+      case 40: /* less_than_quintillionths ::= less_than_thousand QUADRILLION less_than_quadrillionths_end_only */ yytestcase(yyruleno==40);
+#line 291 "parser.yy"
 { COPY_YYSTYPE_BE_MUL_ADD_SUFF(yylhsminor.yy0, yymsp[-2].minor.yy0, yymsp[0].minor.yy0, QUADRILLION_F); }
-#line 3198 "parser.c"
+#line 3360 "parser.c"
   yymsp[-2].minor.yy0 = yylhsminor.yy0;
         break;
-      case 30: /* less_than_quintillionth ::= less_than_thousand QUADRILLIONTH */
-#line 287 "parser.yy"
+      case 33: /* less_than_quintillionth ::= less_than_thousand QUADRILLIONTH */
+#line 292 "parser.yy"
 { COPY_YYSTYPE_BE_MUL_SUFF(yylhsminor.yy0, yymsp[-1].minor.yy0, yymsp[0].minor.yy0, QUADRILLION_F, TH); }
-#line 3204 "parser.c"
+#line 3366 "parser.c"
   yymsp[-1].minor.yy0 = yylhsminor.yy0;
         break;
-      case 32: /* final_number ::= QUADRILLIONTH */
-#line 290 "parser.yy"
+      case 35: /* final_number ::= QUADRILLIONTH */
+#line 295 "parser.yy"
 { COPY_YYSTYPE_BE_VALUE_SUFF(yylhsminor.yy0, yymsp[0].minor.yy0, QUADRILLION_F, TH); }
-#line 3210 "parser.c"
+#line 3372 "parser.c"
   yymsp[0].minor.yy0 = yylhsminor.yy0;
         break;
-      case 33: /* final_number ::= DECIMAL QUADRILLIONTH */
-#line 291 "parser.yy"
+      case 36: /* final_number ::= DECIMAL QUADRILLIONTH */
+#line 296 "parser.yy"
 { COPY_YYSTYPE_DBL_NUM_SUFF(yylhsminor.yy0, yymsp[-1].minor.yy0, yymsp[0].minor.yy0, QUADRILLION_F, TH); }
-#line 3216 "parser.c"
+#line 3378 "parser.c"
   yymsp[-1].minor.yy0 = yylhsminor.yy0;
         break;
-      case 38: /* less_than_quintillionths ::= less_than_thousand QUADRILLIONTHS */
-#line 300 "parser.yy"
+      case 41: /* less_than_quintillionths ::= less_than_thousand QUADRILLIONTHS */
+#line 305 "parser.yy"
 { COPY_YYSTYPE_BE_MUL_SUFF(yylhsminor.yy0, yymsp[-1].minor.yy0, yymsp[0].minor.yy0, QUADRILLION_F, THS); }
-#line 3222 "parser.c"
+#line 3384 "parser.c"
   yymsp[-1].minor.yy0 = yylhsminor.yy0;
         break;
-      case 40: /* final_number ::= QUADRILLIONTHS */
-#line 303 "parser.yy"
+      case 43: /* final_number ::= QUADRILLIONTHS */
+#line 308 "parser.yy"
 { COPY_YYSTYPE_BE_VALUE_SUFF(yylhsminor.yy0, yymsp[0].minor.yy0, QUADRILLION_F, THS); }
-#line 3228 "parser.c"
+#line 3390 "parser.c"
   yymsp[0].minor.yy0 = yylhsminor.yy0;
         break;
-      case 41: /* final_number ::= DECIMAL QUADRILLIONTHS */
-#line 304 "parser.yy"
+      case 44: /* final_number ::= DECIMAL QUADRILLIONTHS */
+#line 309 "parser.yy"
 { COPY_YYSTYPE_DBL_NUM_SUFF(yylhsminor.yy0, yymsp[-1].minor.yy0, yymsp[0].minor.yy0, QUADRILLION_F, THS); }
-#line 3234 "parser.c"
+#line 3396 "parser.c"
   yymsp[-1].minor.yy0 = yylhsminor.yy0;
         break;
-      case 44: /* less_than_quintillion ::= QUADRILLION less_than_quadrillion_end_only */
-      case 48: /* final_number ::= QUADRILLION less_than_quadrillion_end_only */ yytestcase(yyruleno==48);
-#line 313 "parser.yy"
+      case 47: /* less_than_quintillion ::= QUADRILLION less_than_quadrillion_end_only */
+      case 51: /* final_number ::= QUADRILLION less_than_quadrillion_end_only */ yytestcase(yyruleno==51);
+#line 318 "parser.yy"
 { COPY_YYSTYPE_BE_ADD_VALUE(yylhsminor.yy0, yymsp[-1].minor.yy0, yymsp[0].minor.yy0, QUADRILLION_F); }
-#line 3241 "parser.c"
+#line 3403 "parser.c"
   yymsp[-1].minor.yy0 = yylhsminor.yy0;
         break;
-      case 45: /* less_than_quintillion ::= less_than_thousand QUADRILLION less_than_quadrillion_end_only */
-      case 49: /* final_number ::= less_than_thousand QUADRILLION less_than_quadrillion_end_only */ yytestcase(yyruleno==49);
-#line 314 "parser.yy"
+      case 48: /* less_than_quintillion ::= less_than_thousand QUADRILLION less_than_quadrillion_end_only */
+      case 52: /* final_number ::= less_than_thousand QUADRILLION less_than_quadrillion_end_only */ yytestcase(yyruleno==52);
+#line 319 "parser.yy"
 { COPY_YYSTYPE_BE_MUL_ADD(yylhsminor.yy0, yymsp[-2].minor.yy0, yymsp[0].minor.yy0, QUADRILLION_F); }
-#line 3248 "parser.c"
+#line 3410 "parser.c"
   yymsp[-2].minor.yy0 = yylhsminor.yy0;
         break;
-      case 46: /* less_than_quintillion ::= less_than_thousand QUADRILLION */
-      case 50: /* final_number ::= less_than_thousand QUADRILLION */ yytestcase(yyruleno==50);
-#line 315 "parser.yy"
+      case 49: /* less_than_quintillion ::= less_than_thousand QUADRILLION */
+      case 53: /* final_number ::= less_than_thousand QUADRILLION */ yytestcase(yyruleno==53);
+#line 320 "parser.yy"
 { COPY_YYSTYPE_BE_MUL(yylhsminor.yy0, yymsp[-1].minor.yy0, yymsp[0].minor.yy0, QUADRILLION_F); }
-#line 3255 "parser.c"
+#line 3417 "parser.c"
   yymsp[-1].minor.yy0 = yylhsminor.yy0;
         break;
-      case 51: /* final_number ::= DECIMAL QUADRILLION */
-#line 323 "parser.yy"
+      case 54: /* final_number ::= DECIMAL QUADRILLION */
+#line 328 "parser.yy"
 { COPY_YYSTYPE_DBL_NUM(yylhsminor.yy0, yymsp[-1].minor.yy0, yymsp[0].minor.yy0, QUADRILLION_F); }
-#line 3261 "parser.c"
+#line 3423 "parser.c"
   yymsp[-1].minor.yy0 = yylhsminor.yy0;
         break;
-      case 52: /* less_than_quadrillionth ::= TRILLION less_than_trillionth_end_only */
-      case 58: /* less_than_quadrillionths ::= TRILLION less_than_trillionths_end_only */ yytestcase(yyruleno==58);
-#line 329 "parser.yy"
+      case 57: /* less_than_quadrillionth ::= TRILLION less_than_trillionth_end_only */
+      case 63: /* less_than_quadrillionths ::= TRILLION less_than_trillionths_end_only */ yytestcase(yyruleno==63);
+#line 338 "parser.yy"
 { COPY_YYSTYPE_BE_ADD_SUFF_VALUE(yylhsminor.yy0, yymsp[-1].minor.yy0, yymsp[0].minor.yy0, TRILLION_F); }
-#line 3268 "parser.c"
+#line 3430 "parser.c"
   yymsp[-1].minor.yy0 = yylhsminor.yy0;
         break;
-      case 53: /* less_than_quadrillionth ::= less_than_thousand TRILLION less_than_trillionth_end_only */
-      case 59: /* less_than_quadrillionths ::= less_than_thousand TRILLION less_than_trillionths_end_only */ yytestcase(yyruleno==59);
-#line 330 "parser.yy"
+      case 58: /* less_than_quadrillionth ::= less_than_thousand TRILLION less_than_trillionth_end_only */
+      case 64: /* less_than_quadrillionths ::= less_than_thousand TRILLION less_than_trillionths_end_only */ yytestcase(yyruleno==64);
+#line 339 "parser.yy"
 { COPY_YYSTYPE_BE_MUL_ADD_SUFF(yylhsminor.yy0, yymsp[-2].minor.yy0, yymsp[0].minor.yy0, TRILLION_F); }
-#line 3275 "parser.c"
+#line 3437 "parser.c"
   yymsp[-2].minor.yy0 = yylhsminor.yy0;
         break;
-      case 54: /* less_than_quadrillionth ::= less_than_thousand TRILLIONTH */
-#line 331 "parser.yy"
+      case 59: /* less_than_quadrillionth ::= less_than_thousand TRILLIONTH */
+#line 340 "parser.yy"
 { COPY_YYSTYPE_BE_MUL_SUFF(yylhsminor.yy0, yymsp[-1].minor.yy0, yymsp[0].minor.yy0, TRILLION_F, TH); }
-#line 3281 "parser.c"
+#line 3443 "parser.c"
   yymsp[-1].minor.yy0 = yylhsminor.yy0;
         break;
-      case 56: /* final_number ::= TRILLIONTH */
-#line 334 "parser.yy"
+      case 61: /* final_number ::= TRILLIONTH */
+#line 343 "parser.yy"
 { COPY_YYSTYPE_BE_VALUE_SUFF(yylhsminor.yy0, yymsp[0].minor.yy0, TRILLION_F, TH); }
-#line 3287 "parser.c"
+#line 3449 "parser.c"
   yymsp[0].minor.yy0 = yylhsminor.yy0;
         break;
-      case 57: /* final_number ::= DECIMAL TRILLIONTH */
-#line 335 "parser.yy"
+      case 62: /* final_number ::= DECIMAL TRILLIONTH */
+#line 344 "parser.yy"
 { COPY_YYSTYPE_DBL_NUM_SUFF(yylhsminor.yy0, yymsp[-1].minor.yy0, yymsp[0].minor.yy0, TRILLION_F, TH); }
-#line 3293 "parser.c"
+#line 3455 "parser.c"
   yymsp[-1].minor.yy0 = yylhsminor.yy0;
         break;
-      case 60: /* less_than_quadrillionths ::= less_than_thousand TRILLIONTHS */
-#line 341 "parser.yy"
+      case 65: /* less_than_quadrillionths ::= less_than_thousand TRILLIONTHS */
+#line 350 "parser.yy"
 { COPY_YYSTYPE_BE_MUL_SUFF(yylhsminor.yy0, yymsp[-1].minor.yy0, yymsp[0].minor.yy0, TRILLION_F, THS); }
-#line 3299 "parser.c"
+#line 3461 "parser.c"
   yymsp[-1].minor.yy0 = yylhsminor.yy0;
         break;
-      case 62: /* final_number ::= TRILLIONTHS */
-#line 344 "parser.yy"
+      case 67: /* final_number ::= TRILLIONTHS */
+#line 353 "parser.yy"
 { COPY_YYSTYPE_BE_VALUE_SUFF(yylhsminor.yy0, yymsp[0].minor.yy0, TRILLION_F, THS); }
-#line 3305 "parser.c"
+#line 3467 "parser.c"
   yymsp[0].minor.yy0 = yylhsminor.yy0;
         break;
-      case 63: /* final_number ::= DECIMAL TRILLIONTHS */
-#line 345 "parser.yy"
+      case 68: /* final_number ::= DECIMAL TRILLIONTHS */
+#line 354 "parser.yy"
 { COPY_YYSTYPE_DBL_NUM_SUFF(yylhsminor.yy0, yymsp[-1].minor.yy0, yymsp[0].minor.yy0, TRILLION_F, THS); }
-#line 3311 "parser.c"
+#line 3473 "parser.c"
   yymsp[-1].minor.yy0 = yylhsminor.yy0;
         break;
-      case 64: /* less_than_quadrillion ::= TRILLION less_than_trillion_end_only */
-#line 351 "parser.yy"
+      case 69: /* less_than_quadrillion ::= TRILLION less_than_trillion_end_only */
+#line 360 "parser.yy"
 { COPY_YYSTYPE_BE_ADD_VALUE(yylhsminor.yy0, yymsp[-1].minor.yy0, yymsp[0].minor.yy0, TRILLION_F); }
-#line 3317 "parser.c"
+#line 3479 "parser.c"
   yymsp[-1].minor.yy0 = yylhsminor.yy0;
         break;
-      case 65: /* less_than_quadrillion ::= less_than_thousand TRILLION less_than_trillion_end_only */
-#line 352 "parser.yy"
+      case 70: /* less_than_quadrillion ::= less_than_thousand TRILLION less_than_trillion_end_only */
+#line 361 "parser.yy"
 { COPY_YYSTYPE_BE_MUL_ADD(yylhsminor.yy0, yymsp[-2].minor.yy0, yymsp[0].minor.yy0, TRILLION_F); }
-#line 3323 "parser.c"
+#line 3485 "parser.c"
   yymsp[-2].minor.yy0 = yylhsminor.yy0;
         break;
-      case 66: /* less_than_quadrillion ::= less_than_thousand TRILLION */
-      case 70: /* final_number ::= WHOLE_NUMBER TRILLION */ yytestcase(yyruleno==70);
-#line 353 "parser.yy"
+      case 71: /* less_than_quadrillion ::= less_than_thousand TRILLION */
+      case 75: /* final_number ::= WHOLE_NUMBER TRILLION */ yytestcase(yyruleno==75);
+#line 362 "parser.yy"
 { COPY_YYSTYPE_BE_MUL(yylhsminor.yy0, yymsp[-1].minor.yy0, yymsp[0].minor.yy0, TRILLION_F); }
-#line 3330 "parser.c"
+#line 3492 "parser.c"
   yymsp[-1].minor.yy0 = yylhsminor.yy0;
         break;
-      case 68: /* final_number ::= TRILLION */
-#line 356 "parser.yy"
+      case 73: /* final_number ::= TRILLION */
+#line 365 "parser.yy"
 { COPY_YYSTYPE_BE_VALUE(yylhsminor.yy0, yymsp[0].minor.yy0, TRILLION_F); }
-#line 3336 "parser.c"
+#line 3498 "parser.c"
   yymsp[0].minor.yy0 = yylhsminor.yy0;
         break;
-      case 69: /* final_number ::= DECIMAL TRILLION */
-#line 357 "parser.yy"
+      case 74: /* final_number ::= DECIMAL TRILLION */
+#line 366 "parser.yy"
 { COPY_YYSTYPE_DBL_NUM(yylhsminor.yy0, yymsp[-1].minor.yy0, yymsp[0].minor.yy0, TRILLION_F); }
-#line 3342 "parser.c"
+#line 3504 "parser.c"
   yymsp[-1].minor.yy0 = yylhsminor.yy0;
         break;
-      case 73: /* less_than_trillionth ::= BILLION less_than_billionth_end_only */
-      case 81: /* less_than_trillionths ::= BILLION less_than_billionths_end_only */ yytestcase(yyruleno==81);
-#line 367 "parser.yy"
+      case 78: /* less_than_trillionth ::= BILLION less_than_billionth_end_only */
+      case 86: /* less_than_trillionths ::= BILLION less_than_billionths_end_only */ yytestcase(yyruleno==86);
+#line 376 "parser.yy"
 { COPY_YYSTYPE_BE_ADD_SUFF_VALUE(yylhsminor.yy0, yymsp[-1].minor.yy0, yymsp[0].minor.yy0, BILLION_F); }
-#line 3349 "parser.c"
+#line 3511 "parser.c"
   yymsp[-1].minor.yy0 = yylhsminor.yy0;
         break;
-      case 74: /* less_than_trillionth ::= less_than_thousand BILLION less_than_billionth_end_only */
-      case 82: /* less_than_trillionths ::= less_than_thousand BILLION less_than_billionths_end_only */ yytestcase(yyruleno==82);
-#line 368 "parser.yy"
+      case 79: /* less_than_trillionth ::= less_than_thousand BILLION less_than_billionth_end_only */
+      case 87: /* less_than_trillionths ::= less_than_thousand BILLION less_than_billionths_end_only */ yytestcase(yyruleno==87);
+#line 377 "parser.yy"
 { COPY_YYSTYPE_BE_MUL_ADD_SUFF(yylhsminor.yy0, yymsp[-2].minor.yy0, yymsp[0].minor.yy0, BILLION_F); }
-#line 3356 "parser.c"
+#line 3518 "parser.c"
   yymsp[-2].minor.yy0 = yylhsminor.yy0;
         break;
-      case 75: /* less_than_trillionth ::= less_than_thousand BILLIONTH */
-#line 369 "parser.yy"
+      case 80: /* less_than_trillionth ::= less_than_thousand BILLIONTH */
+#line 378 "parser.yy"
 { COPY_YYSTYPE_BE_MUL_SUFF(yylhsminor.yy0, yymsp[-1].minor.yy0, yymsp[0].minor.yy0, BILLION_F, TH); }
-#line 3362 "parser.c"
+#line 3524 "parser.c"
   yymsp[-1].minor.yy0 = yylhsminor.yy0;
         break;
-      case 77: /* final_number ::= BILLIONTH */
-#line 372 "parser.yy"
+      case 82: /* final_number ::= BILLIONTH */
+#line 381 "parser.yy"
 { COPY_YYSTYPE_BE_VALUE_SUFF(yylhsminor.yy0, yymsp[0].minor.yy0, BILLION_F, TH); }
-#line 3368 "parser.c"
+#line 3530 "parser.c"
   yymsp[0].minor.yy0 = yylhsminor.yy0;
         break;
-      case 78: /* final_number ::= DECIMAL BILLIONTH */
-#line 373 "parser.yy"
+      case 83: /* final_number ::= DECIMAL BILLIONTH */
+#line 382 "parser.yy"
 { COPY_YYSTYPE_DBL_NUM_SUFF(yylhsminor.yy0, yymsp[-1].minor.yy0, yymsp[0].minor.yy0, BILLION_F, TH); }
-#line 3374 "parser.c"
+#line 3536 "parser.c"
   yymsp[-1].minor.yy0 = yylhsminor.yy0;
         break;
-      case 83: /* less_than_trillionths ::= less_than_thousand BILLIONTHS */
-#line 382 "parser.yy"
+      case 88: /* less_than_trillionths ::= less_than_thousand BILLIONTHS */
+#line 391 "parser.yy"
 { COPY_YYSTYPE_BE_MUL_SUFF(yylhsminor.yy0, yymsp[-1].minor.yy0, yymsp[0].minor.yy0, BILLION_F, THS); }
-#line 3380 "parser.c"
+#line 3542 "parser.c"
   yymsp[-1].minor.yy0 = yylhsminor.yy0;
         break;
-      case 85: /* final_number ::= BILLIONTHS */
-#line 385 "parser.yy"
+      case 90: /* final_number ::= BILLIONTHS */
+#line 394 "parser.yy"
 { COPY_YYSTYPE_BE_VALUE_SUFF(yylhsminor.yy0, yymsp[0].minor.yy0, BILLION_F, THS); }
-#line 3386 "parser.c"
+#line 3548 "parser.c"
   yymsp[0].minor.yy0 = yylhsminor.yy0;
         break;
-      case 86: /* final_number ::= DECIMAL BILLIONTHS */
-#line 386 "parser.yy"
+      case 91: /* final_number ::= DECIMAL BILLIONTHS */
+#line 395 "parser.yy"
 { COPY_YYSTYPE_DBL_NUM_SUFF(yylhsminor.yy0, yymsp[-1].minor.yy0, yymsp[0].minor.yy0, BILLION_F, THS); }
-#line 3392 "parser.c"
+#line 3554 "parser.c"
   yymsp[-1].minor.yy0 = yylhsminor.yy0;
         break;
-      case 89: /* less_than_trillion ::= BILLION less_than_billion_end_only */
-#line 395 "parser.yy"
+      case 94: /* less_than_trillion ::= BILLION less_than_billion_end_only */
+#line 404 "parser.yy"
 { COPY_YYSTYPE_BE_ADD_VALUE(yylhsminor.yy0, yymsp[-1].minor.yy0, yymsp[0].minor.yy0, BILLION_F); }
-#line 3398 "parser.c"
+#line 3560 "parser.c"
   yymsp[-1].minor.yy0 = yylhsminor.yy0;
         break;
-      case 90: /* less_than_trillion ::= less_than_thousand BILLION less_than_billion_end_only */
-#line 396 "parser.yy"
+      case 95: /* less_than_trillion ::= less_than_thousand BILLION less_than_billion_end_only */
+#line 405 "parser.yy"
 { COPY_YYSTYPE_BE_MUL_ADD(yylhsminor.yy0, yymsp[-2].minor.yy0, yymsp[0].minor.yy0, BILLION_F); }
-#line 3404 "parser.c"
+#line 3566 "parser.c"
   yymsp[-2].minor.yy0 = yylhsminor.yy0;
         break;
-      case 91: /* less_than_trillion ::= less_than_thousand BILLION */
-      case 95: /* final_number ::= WHOLE_NUMBER BILLION */ yytestcase(yyruleno==95);
-#line 397 "parser.yy"
+      case 96: /* less_than_trillion ::= less_than_thousand BILLION */
+      case 100: /* final_number ::= WHOLE_NUMBER BILLION */ yytestcase(yyruleno==100);
+#line 406 "parser.yy"
 { COPY_YYSTYPE_BE_MUL(yylhsminor.yy0, yymsp[-1].minor.yy0, yymsp[0].minor.yy0, BILLION_F); }
-#line 3411 "parser.c"
+#line 3573 "parser.c"
   yymsp[-1].minor.yy0 = yylhsminor.yy0;
         break;
-      case 93: /* final_number ::= BILLION */
-#line 400 "parser.yy"
+      case 98: /* final_number ::= BILLION */
+#line 409 "parser.yy"
 { COPY_YYSTYPE_BE_VALUE(yylhsminor.yy0, yymsp[0].minor.yy0, BILLION_F); }
-#line 3417 "parser.c"
+#line 3579 "parser.c"
   yymsp[0].minor.yy0 = yylhsminor.yy0;
         break;
-      case 94: /* final_number ::= DECIMAL BILLION */
-#line 401 "parser.yy"
+      case 99: /* final_number ::= DECIMAL BILLION */
+#line 410 "parser.yy"
 { COPY_YYSTYPE_DBL_NUM(yylhsminor.yy0, yymsp[-1].minor.yy0, yymsp[0].minor.yy0, BILLION_F); }
-#line 3423 "parser.c"
+#line 3585 "parser.c"
   yymsp[-1].minor.yy0 = yylhsminor.yy0;
         break;
-      case 98: /* less_than_billionth ::= MILLION less_than_millionth_end_only */
-      case 106: /* less_than_billionths ::= MILLION less_than_millionths_end_only */ yytestcase(yyruleno==106);
-#line 411 "parser.yy"
+      case 103: /* less_than_billionth ::= MILLION less_than_millionth_end_only */
+      case 111: /* less_than_billionths ::= MILLION less_than_millionths_end_only */ yytestcase(yyruleno==111);
+#line 420 "parser.yy"
 { COPY_YYSTYPE_BE_ADD_SUFF_VALUE(yylhsminor.yy0, yymsp[-1].minor.yy0, yymsp[0].minor.yy0, MILLION_F); }
-#line 3430 "parser.c"
+#line 3592 "parser.c"
   yymsp[-1].minor.yy0 = yylhsminor.yy0;
         break;
-      case 99: /* less_than_billionth ::= less_than_thousand MILLION less_than_millionth_end_only */
-      case 107: /* less_than_billionths ::= less_than_thousand MILLION less_than_millionths_end_only */ yytestcase(yyruleno==107);
-#line 412 "parser.yy"
+      case 104: /* less_than_billionth ::= less_than_thousand MILLION less_than_millionth_end_only */
+      case 112: /* less_than_billionths ::= less_than_thousand MILLION less_than_millionths_end_only */ yytestcase(yyruleno==112);
+#line 421 "parser.yy"
 { COPY_YYSTYPE_BE_MUL_ADD_SUFF(yylhsminor.yy0, yymsp[-2].minor.yy0, yymsp[0].minor.yy0, MILLION_F); }
-#line 3437 "parser.c"
+#line 3599 "parser.c"
   yymsp[-2].minor.yy0 = yylhsminor.yy0;
         break;
-      case 100: /* less_than_billionth ::= less_than_thousand MILLIONTH */
-#line 413 "parser.yy"
+      case 105: /* less_than_billionth ::= less_than_thousand MILLIONTH */
+#line 422 "parser.yy"
 { COPY_YYSTYPE_BE_MUL_SUFF(yylhsminor.yy0, yymsp[-1].minor.yy0, yymsp[0].minor.yy0, MILLION_F, TH); }
-#line 3443 "parser.c"
+#line 3605 "parser.c"
   yymsp[-1].minor.yy0 = yylhsminor.yy0;
         break;
-      case 102: /* final_number ::= MILLIONTH */
-#line 416 "parser.yy"
+      case 107: /* final_number ::= MILLIONTH */
+#line 425 "parser.yy"
 { COPY_YYSTYPE_BE_VALUE_SUFF(yylhsminor.yy0, yymsp[0].minor.yy0, MILLION_F, TH); }
-#line 3449 "parser.c"
+#line 3611 "parser.c"
   yymsp[0].minor.yy0 = yylhsminor.yy0;
         break;
-      case 103: /* final_number ::= DECIMAL MILLIONTH */
-#line 417 "parser.yy"
+      case 108: /* final_number ::= DECIMAL MILLIONTH */
+#line 426 "parser.yy"
 { COPY_YYSTYPE_DBL_NUM_SUFF(yylhsminor.yy0, yymsp[-1].minor.yy0, yymsp[0].minor.yy0, MILLION_F, TH); }
-#line 3455 "parser.c"
+#line 3617 "parser.c"
   yymsp[-1].minor.yy0 = yylhsminor.yy0;
         break;
-      case 108: /* less_than_billionths ::= less_than_thousand MILLIONTHS */
-#line 426 "parser.yy"
+      case 113: /* less_than_billionths ::= less_than_thousand MILLIONTHS */
+#line 435 "parser.yy"
 { COPY_YYSTYPE_BE_MUL_SUFF(yylhsminor.yy0, yymsp[-1].minor.yy0, yymsp[0].minor.yy0, MILLION_F, THS); }
-#line 3461 "parser.c"
+#line 3623 "parser.c"
   yymsp[-1].minor.yy0 = yylhsminor.yy0;
         break;
-      case 110: /* final_number ::= MILLIONTHS */
-#line 429 "parser.yy"
+      case 115: /* final_number ::= MILLIONTHS */
+#line 438 "parser.yy"
 { COPY_YYSTYPE_BE_VALUE_SUFF(yylhsminor.yy0, yymsp[0].minor.yy0, MILLION_F, THS); }
-#line 3467 "parser.c"
+#line 3629 "parser.c"
   yymsp[0].minor.yy0 = yylhsminor.yy0;
         break;
-      case 111: /* final_number ::= DECIMAL MILLIONTHS */
-#line 430 "parser.yy"
+      case 116: /* final_number ::= DECIMAL MILLIONTHS */
+#line 439 "parser.yy"
 { COPY_YYSTYPE_DBL_NUM_SUFF(yylhsminor.yy0, yymsp[-1].minor.yy0, yymsp[0].minor.yy0, MILLION_F, THS); }
-#line 3473 "parser.c"
+#line 3635 "parser.c"
   yymsp[-1].minor.yy0 = yylhsminor.yy0;
         break;
-      case 114: /* less_than_billion ::= MILLION less_than_million_end_only */
-#line 439 "parser.yy"
+      case 119: /* less_than_billion ::= MILLION less_than_million_end_only */
+#line 448 "parser.yy"
 { COPY_YYSTYPE_BE_ADD_VALUE(yylhsminor.yy0, yymsp[-1].minor.yy0, yymsp[0].minor.yy0, MILLION_F); }
-#line 3479 "parser.c"
+#line 3641 "parser.c"
   yymsp[-1].minor.yy0 = yylhsminor.yy0;
         break;
-      case 115: /* less_than_billion ::= less_than_thousand MILLION less_than_million_end_only */
-#line 440 "parser.yy"
+      case 120: /* less_than_billion ::= less_than_thousand MILLION less_than_million_end_only */
+#line 449 "parser.yy"
 { COPY_YYSTYPE_BE_MUL_ADD(yylhsminor.yy0, yymsp[-2].minor.yy0, yymsp[0].minor.yy0, MILLION_F); }
-#line 3485 "parser.c"
+#line 3647 "parser.c"
   yymsp[-2].minor.yy0 = yylhsminor.yy0;
         break;
-      case 116: /* less_than_billion ::= less_than_thousand MILLION */
-      case 120: /* final_number ::= WHOLE_NUMBER MILLION */ yytestcase(yyruleno==120);
-#line 441 "parser.yy"
+      case 121: /* less_than_billion ::= less_than_thousand MILLION */
+      case 125: /* final_number ::= WHOLE_NUMBER MILLION */ yytestcase(yyruleno==125);
+#line 450 "parser.yy"
 { COPY_YYSTYPE_BE_MUL(yylhsminor.yy0, yymsp[-1].minor.yy0, yymsp[0].minor.yy0, MILLION_F); }
-#line 3492 "parser.c"
+#line 3654 "parser.c"
   yymsp[-1].minor.yy0 = yylhsminor.yy0;
         break;
-      case 118: /* final_number ::= MILLION */
-#line 444 "parser.yy"
+      case 123: /* final_number ::= MILLION */
+#line 453 "parser.yy"
 { COPY_YYSTYPE_BE_VALUE(yylhsminor.yy0, yymsp[0].minor.yy0, MILLION_F); }
-#line 3498 "parser.c"
+#line 3660 "parser.c"
   yymsp[0].minor.yy0 = yylhsminor.yy0;
         break;
-      case 119: /* final_number ::= DECIMAL MILLION */
-#line 445 "parser.yy"
+      case 124: /* final_number ::= DECIMAL MILLION */
+#line 454 "parser.yy"
 { COPY_YYSTYPE_DBL_NUM(yylhsminor.yy0, yymsp[-1].minor.yy0, yymsp[0].minor.yy0, MILLION_F); }
-#line 3504 "parser.c"
+#line 3666 "parser.c"
   yymsp[-1].minor.yy0 = yylhsminor.yy0;
         break;
-      case 123: /* less_than_millionth ::= THOUSAND less_than_thousandth_end_only */
-      case 131: /* less_than_millionths ::= THOUSAND less_than_thousandths_end_only */ yytestcase(yyruleno==131);
-#line 455 "parser.yy"
+      case 128: /* less_than_millionth ::= THOUSAND less_than_thousandth_end_only */
+      case 136: /* less_than_millionths ::= THOUSAND less_than_thousandths_end_only */ yytestcase(yyruleno==136);
+#line 464 "parser.yy"
 { COPY_YYSTYPE_BE_ADD_SUFF_VALUE(yylhsminor.yy0, yymsp[-1].minor.yy0, yymsp[0].minor.yy0, THOUSAND_F); }
-#line 3511 "parser.c"
+#line 3673 "parser.c"
   yymsp[-1].minor.yy0 = yylhsminor.yy0;
         break;
-      case 124: /* less_than_millionth ::= less_than_thousand THOUSAND less_than_thousandth_end_only */
-      case 132: /* less_than_millionths ::= less_than_thousand THOUSAND less_than_thousandths_end_only */ yytestcase(yyruleno==132);
-#line 456 "parser.yy"
+      case 129: /* less_than_millionth ::= less_than_thousand THOUSAND less_than_thousandth_end_only */
+      case 137: /* less_than_millionths ::= less_than_thousand THOUSAND less_than_thousandths_end_only */ yytestcase(yyruleno==137);
+#line 465 "parser.yy"
 { COPY_YYSTYPE_BE_MUL_ADD_SUFF(yylhsminor.yy0, yymsp[-2].minor.yy0, yymsp[0].minor.yy0, THOUSAND_F); }
-#line 3518 "parser.c"
+#line 3680 "parser.c"
   yymsp[-2].minor.yy0 = yylhsminor.yy0;
         break;
-      case 125: /* less_than_millionth ::= less_than_thousand THOUSANDTH */
-#line 457 "parser.yy"
+      case 130: /* less_than_millionth ::= less_than_thousand THOUSANDTH */
+#line 466 "parser.yy"
 { COPY_YYSTYPE_BE_MUL_SUFF(yylhsminor.yy0, yymsp[-1].minor.yy0, yymsp[0].minor.yy0, THOUSAND_F, TH); }
-#line 3524 "parser.c"
+#line 3686 "parser.c"
   yymsp[-1].minor.yy0 = yylhsminor.yy0;
         break;
-      case 127: /* final_number ::= THOUSANDTH */
-#line 460 "parser.yy"
+      case 132: /* final_number ::= THOUSANDTH */
+#line 469 "parser.yy"
 { COPY_YYSTYPE_BE_VALUE_SUFF(yylhsminor.yy0, yymsp[0].minor.yy0, THOUSAND_F, TH); }
-#line 3530 "parser.c"
+#line 3692 "parser.c"
   yymsp[0].minor.yy0 = yylhsminor.yy0;
         break;
-      case 128: /* final_number ::= DECIMAL THOUSANDTH */
-#line 461 "parser.yy"
+      case 133: /* final_number ::= DECIMAL THOUSANDTH */
+#line 470 "parser.yy"
 { COPY_YYSTYPE_DBL_NUM_SUFF(yylhsminor.yy0, yymsp[-1].minor.yy0, yymsp[0].minor.yy0, THOUSAND_F, TH); }
-#line 3536 "parser.c"
+#line 3698 "parser.c"
   yymsp[-1].minor.yy0 = yylhsminor.yy0;
         break;
-      case 133: /* less_than_millionths ::= less_than_thousand THOUSANDTHS */
-#line 470 "parser.yy"
+      case 138: /* less_than_millionths ::= less_than_thousand THOUSANDTHS */
+#line 479 "parser.yy"
 { COPY_YYSTYPE_BE_MUL_SUFF(yylhsminor.yy0, yymsp[-1].minor.yy0, yymsp[0].minor.yy0, THOUSAND_F, THS); }
-#line 3542 "parser.c"
+#line 3704 "parser.c"
   yymsp[-1].minor.yy0 = yylhsminor.yy0;
         break;
-      case 135: /* final_number ::= THOUSANDTHS */
-#line 473 "parser.yy"
+      case 140: /* final_number ::= THOUSANDTHS */
+#line 482 "parser.yy"
 { COPY_YYSTYPE_BE_VALUE_SUFF(yylhsminor.yy0, yymsp[0].minor.yy0, THOUSAND_F, THS); }
-#line 3548 "parser.c"
+#line 3710 "parser.c"
   yymsp[0].minor.yy0 = yylhsminor.yy0;
         break;
-      case 136: /* final_number ::= DECIMAL THOUSANDTHS */
-#line 474 "parser.yy"
+      case 141: /* final_number ::= DECIMAL THOUSANDTHS */
+#line 483 "parser.yy"
 { COPY_YYSTYPE_DBL_NUM_SUFF(yylhsminor.yy0, yymsp[-1].minor.yy0, yymsp[0].minor.yy0, THOUSAND_F, THS); }
-#line 3554 "parser.c"
+#line 3716 "parser.c"
   yymsp[-1].minor.yy0 = yylhsminor.yy0;
         break;
-      case 139: /* less_than_million ::= THOUSAND less_than_thousand_end_only */
-#line 483 "parser.yy"
+      case 144: /* less_than_million ::= THOUSAND less_than_thousand_end_only */
+#line 492 "parser.yy"
 { COPY_YYSTYPE_BE_ADD_VALUE(yylhsminor.yy0, yymsp[-1].minor.yy0, yymsp[0].minor.yy0, THOUSAND_F); }
-#line 3560 "parser.c"
+#line 3722 "parser.c"
   yymsp[-1].minor.yy0 = yylhsminor.yy0;
         break;
-      case 140: /* less_than_million ::= less_than_thousand THOUSAND less_than_thousand_end_only */
-#line 484 "parser.yy"
+      case 145: /* less_than_million ::= less_than_thousand THOUSAND less_than_thousand_end_only */
+#line 493 "parser.yy"
 { COPY_YYSTYPE_BE_MUL_ADD(yylhsminor.yy0, yymsp[-2].minor.yy0, yymsp[0].minor.yy0, THOUSAND_F); }
-#line 3566 "parser.c"
+#line 3728 "parser.c"
   yymsp[-2].minor.yy0 = yylhsminor.yy0;
         break;
-      case 141: /* less_than_million ::= less_than_thousand THOUSAND */
-      case 145: /* final_number ::= WHOLE_NUMBER THOUSAND */ yytestcase(yyruleno==145);
-#line 485 "parser.yy"
+      case 146: /* less_than_million ::= less_than_thousand THOUSAND */
+      case 150: /* final_number ::= WHOLE_NUMBER THOUSAND */ yytestcase(yyruleno==150);
+#line 494 "parser.yy"
 { COPY_YYSTYPE_BE_MUL(yylhsminor.yy0, yymsp[-1].minor.yy0, yymsp[0].minor.yy0, THOUSAND_F); }
-#line 3573 "parser.c"
+#line 3735 "parser.c"
   yymsp[-1].minor.yy0 = yylhsminor.yy0;
         break;
-      case 143: /* final_number ::= THOUSAND */
-#line 488 "parser.yy"
+      case 148: /* final_number ::= THOUSAND */
+#line 497 "parser.yy"
 { COPY_YYSTYPE_BE_VALUE(yylhsminor.yy0, yymsp[0].minor.yy0, THOUSAND_F); }
-#line 3579 "parser.c"
+#line 3741 "parser.c"
   yymsp[0].minor.yy0 = yylhsminor.yy0;
         break;
-      case 144: /* final_number ::= DECIMAL THOUSAND */
-#line 489 "parser.yy"
+      case 149: /* final_number ::= DECIMAL THOUSAND */
+#line 498 "parser.yy"
 { COPY_YYSTYPE_DBL_NUM(yylhsminor.yy0, yymsp[-1].minor.yy0, yymsp[0].minor.yy0, THOUSAND_F); }
-#line 3585 "parser.c"
+#line 3747 "parser.c"
   yymsp[-1].minor.yy0 = yylhsminor.yy0;
         break;
-      case 146: /* less_than_thousandth_end_only ::= AND less_than_hundredth */
-      case 155: /* less_than_thousandths_end_only ::= AND less_than_hundredths */ yytestcase(yyruleno==155);
-#line 496 "parser.yy"
+      case 151: /* final_number ::= less_than_thousand THOUSAND AND less_than_hundred */
+#line 501 "parser.yy"
+{ COPY_YYSTYPE_BE_MUL_ADD(yylhsminor.yy0, yymsp[-3].minor.yy0, yymsp[0].minor.yy0, THOUSAND_F); }
+#line 3753 "parser.c"
+  yymsp[-3].minor.yy0 = yylhsminor.yy0;
+        break;
+      case 152: /* final_number ::= THOUSAND AND less_than_hundred */
+#line 502 "parser.yy"
+{ COPY_YYSTYPE_BE_ADD_VALUE(yylhsminor.yy0, yymsp[-2].minor.yy0, yymsp[0].minor.yy0, THOUSAND_F); }
+#line 3759 "parser.c"
+  yymsp[-2].minor.yy0 = yylhsminor.yy0;
+        break;
+      case 153: /* less_than_thousandth_end_only ::= AND less_than_hundredth */
+      case 162: /* less_than_thousandths_end_only ::= AND less_than_hundredths */ yytestcase(yyruleno==162);
+#line 508 "parser.yy"
 { COPY_YYSTYPE_BE_DBL_SUFF(yymsp[-1].minor.yy0, yymsp[0].minor.yy0); }
-#line 3592 "parser.c"
+#line 3766 "parser.c"
         break;
-      case 148: /* less_than_thousandth ::= HUNDRED AND less_than_hundredth */
-      case 157: /* less_than_thousandths ::= HUNDRED AND less_than_hundredths */ yytestcase(yyruleno==157);
-#line 499 "parser.yy"
+      case 155: /* less_than_thousandth ::= HUNDRED AND less_than_hundredth */
+      case 164: /* less_than_thousandths ::= HUNDRED AND less_than_hundredths */ yytestcase(yyruleno==164);
+#line 511 "parser.yy"
 { COPY_YYSTYPE_BE_ADD_SUFF_VALUE(yylhsminor.yy0, yymsp[-2].minor.yy0, yymsp[0].minor.yy0, HUNDRED_F); }
-#line 3598 "parser.c"
+#line 3772 "parser.c"
   yymsp[-2].minor.yy0 = yylhsminor.yy0;
         break;
-      case 149: /* less_than_thousandth ::= less_than_hundred HUNDRED AND less_than_hundredth */
-      case 158: /* less_than_thousandths ::= less_than_hundred HUNDRED AND less_than_hundredths */ yytestcase(yyruleno==158);
-#line 500 "parser.yy"
+      case 156: /* less_than_thousandth ::= less_than_hundred HUNDRED AND less_than_hundredth */
+      case 165: /* less_than_thousandths ::= less_than_hundred HUNDRED AND less_than_hundredths */ yytestcase(yyruleno==165);
+#line 512 "parser.yy"
 { COPY_YYSTYPE_BE_MUL_ADD_SUFF(yylhsminor.yy0, yymsp[-3].minor.yy0, yymsp[0].minor.yy0, HUNDRED_F); }
-#line 3605 "parser.c"
+#line 3779 "parser.c"
   yymsp[-3].minor.yy0 = yylhsminor.yy0;
         break;
-      case 150: /* less_than_thousandth ::= less_than_hundred HUNDRED less_than_hundredth */
-      case 159: /* less_than_thousandths ::= less_than_hundred HUNDRED less_than_hundredths */ yytestcase(yyruleno==159);
-#line 501 "parser.yy"
+      case 157: /* less_than_thousandth ::= less_than_hundred HUNDRED less_than_hundredth */
+      case 166: /* less_than_thousandths ::= less_than_hundred HUNDRED less_than_hundredths */ yytestcase(yyruleno==166);
+#line 513 "parser.yy"
 { COPY_YYSTYPE_BE_MUL_ADD_SUFF(yylhsminor.yy0, yymsp[-2].minor.yy0, yymsp[0].minor.yy0, HUNDRED_F); }
-#line 3612 "parser.c"
+#line 3786 "parser.c"
   yymsp[-2].minor.yy0 = yylhsminor.yy0;
         break;
-      case 151: /* less_than_thousandth ::= less_than_hundred HUNDREDTH */
-#line 502 "parser.yy"
+      case 158: /* less_than_thousandth ::= less_than_hundred HUNDREDTH */
+#line 514 "parser.yy"
 { COPY_YYSTYPE_BE_MUL_SUFF(yylhsminor.yy0, yymsp[-1].minor.yy0, yymsp[0].minor.yy0, HUNDRED_F, TH); }
-#line 3618 "parser.c"
+#line 3792 "parser.c"
   yymsp[-1].minor.yy0 = yylhsminor.yy0;
         break;
-      case 153: /* final_number ::= HUNDREDTH */
-#line 505 "parser.yy"
+      case 160: /* final_number ::= HUNDREDTH */
+#line 517 "parser.yy"
 { COPY_YYSTYPE_BE_VALUE_SUFF(yylhsminor.yy0, yymsp[0].minor.yy0, HUNDRED_F, TH); }
-#line 3624 "parser.c"
+#line 3798 "parser.c"
   yymsp[0].minor.yy0 = yylhsminor.yy0;
         break;
-      case 154: /* final_number ::= DECIMAL HUNDREDTH */
-#line 506 "parser.yy"
+      case 161: /* final_number ::= DECIMAL HUNDREDTH */
+#line 518 "parser.yy"
 { COPY_YYSTYPE_DBL_NUM_SUFF(yylhsminor.yy0, yymsp[-1].minor.yy0, yymsp[0].minor.yy0, HUNDRED_F, TH); }
-#line 3630 "parser.c"
+#line 3804 "parser.c"
   yymsp[-1].minor.yy0 = yylhsminor.yy0;
         break;
-      case 160: /* less_than_thousandths ::= less_than_hundred HUNDREDTHS */
-#line 516 "parser.yy"
+      case 167: /* less_than_thousandths ::= less_than_hundred HUNDREDTHS */
+#line 528 "parser.yy"
 { COPY_YYSTYPE_BE_MUL_SUFF(yylhsminor.yy0, yymsp[-1].minor.yy0, yymsp[0].minor.yy0, HUNDRED_F, THS); }
-#line 3636 "parser.c"
+#line 3810 "parser.c"
   yymsp[-1].minor.yy0 = yylhsminor.yy0;
         break;
-      case 162: /* final_number ::= HUNDREDTHS */
-#line 519 "parser.yy"
+      case 169: /* final_number ::= HUNDREDTHS */
+#line 531 "parser.yy"
 { COPY_YYSTYPE_BE_VALUE_SUFF(yylhsminor.yy0, yymsp[0].minor.yy0, HUNDRED_F, THS); }
-#line 3642 "parser.c"
+#line 3816 "parser.c"
   yymsp[0].minor.yy0 = yylhsminor.yy0;
         break;
-      case 163: /* final_number ::= DECIMAL HUNDREDTHS */
-#line 521 "parser.yy"
+      case 170: /* final_number ::= DECIMAL HUNDREDTHS */
+#line 533 "parser.yy"
 { COPY_YYSTYPE_DBL_NUM_SUFF(yylhsminor.yy0, yymsp[-1].minor.yy0, yymsp[0].minor.yy0, HUNDRED_F, THS); }
-#line 3648 "parser.c"
+#line 3822 "parser.c"
   yymsp[-1].minor.yy0 = yylhsminor.yy0;
         break;
-      case 164: /* less_than_thousand_end_only ::= AND less_than_hundred */
-#line 527 "parser.yy"
+      case 171: /* less_than_thousand_end_only ::= AND less_than_hundred */
+#line 539 "parser.yy"
 { COPY_YYSTYPE_BE_DBL(yymsp[-1].minor.yy0, yymsp[0].minor.yy0); }
-#line 3654 "parser.c"
+#line 3828 "parser.c"
         break;
-      case 166: /* less_than_thousand ::= HUNDRED AND less_than_hundred */
-#line 530 "parser.yy"
+      case 173: /* less_than_thousand ::= HUNDRED AND less_than_hundred */
+#line 542 "parser.yy"
 { COPY_YYSTYPE_BE_ADD_VALUE(yylhsminor.yy0, yymsp[-2].minor.yy0, yymsp[0].minor.yy0, HUNDRED_F); }
-#line 3659 "parser.c"
+#line 3833 "parser.c"
   yymsp[-2].minor.yy0 = yylhsminor.yy0;
         break;
-      case 167: /* less_than_thousand ::= less_than_hundred HUNDRED AND less_than_hundred */
-#line 531 "parser.yy"
+      case 174: /* less_than_thousand ::= less_than_hundred HUNDRED AND less_than_hundred */
+#line 543 "parser.yy"
 { COPY_YYSTYPE_BE_MUL_ADD(yylhsminor.yy0, yymsp[-3].minor.yy0, yymsp[0].minor.yy0, HUNDRED_F); }
-#line 3665 "parser.c"
+#line 3839 "parser.c"
   yymsp[-3].minor.yy0 = yylhsminor.yy0;
         break;
-      case 168: /* less_than_thousand ::= less_than_hundred HUNDRED less_than_hundred */
-#line 532 "parser.yy"
+      case 175: /* less_than_thousand ::= less_than_hundred HUNDRED less_than_hundred */
+#line 544 "parser.yy"
 { COPY_YYSTYPE_BE_MUL_ADD(yylhsminor.yy0, yymsp[-2].minor.yy0, yymsp[0].minor.yy0, HUNDRED_F); }
-#line 3671 "parser.c"
+#line 3845 "parser.c"
   yymsp[-2].minor.yy0 = yylhsminor.yy0;
         break;
-      case 169: /* less_than_thousand ::= less_than_hundred HUNDRED */
-      case 173: /* final_number ::= WHOLE_NUMBER HUNDRED */ yytestcase(yyruleno==173);
-#line 533 "parser.yy"
+      case 176: /* less_than_thousand ::= less_than_hundred HUNDRED */
+      case 180: /* final_number ::= WHOLE_NUMBER HUNDRED */ yytestcase(yyruleno==180);
+#line 545 "parser.yy"
 { COPY_YYSTYPE_BE_MUL(yylhsminor.yy0, yymsp[-1].minor.yy0, yymsp[0].minor.yy0, HUNDRED_F); }
-#line 3678 "parser.c"
+#line 3852 "parser.c"
   yymsp[-1].minor.yy0 = yylhsminor.yy0;
         break;
-      case 171: /* final_number ::= HUNDRED */
-#line 536 "parser.yy"
+      case 178: /* final_number ::= HUNDRED */
+#line 548 "parser.yy"
 { COPY_YYSTYPE_BE_VALUE(yylhsminor.yy0, yymsp[0].minor.yy0, HUNDRED_F); }
-#line 3684 "parser.c"
+#line 3858 "parser.c"
   yymsp[0].minor.yy0 = yylhsminor.yy0;
         break;
-      case 172: /* final_number ::= DECIMAL HUNDRED */
-#line 537 "parser.yy"
+      case 179: /* final_number ::= DECIMAL HUNDRED */
+#line 549 "parser.yy"
 { COPY_YYSTYPE_DBL_NUM(yylhsminor.yy0, yymsp[-1].minor.yy0, yymsp[0].minor.yy0, HUNDRED_F); }
-#line 3690 "parser.c"
+#line 3864 "parser.c"
   yymsp[-1].minor.yy0 = yylhsminor.yy0;
         break;
-      case 174: /* less_than_hundredth ::= tens less_than_tenth */
-      case 177: /* less_than_hundredths ::= tens less_than_tenths */ yytestcase(yyruleno==177);
-#line 544 "parser.yy"
+      case 181: /* less_than_hundredth ::= tens less_than_tenth */
+      case 184: /* less_than_hundredths ::= tens less_than_tenths */ yytestcase(yyruleno==184);
+#line 556 "parser.yy"
 { COPY_YYSTYPE_BE_ADD_SUFF(yylhsminor.yy0, yymsp[-1].minor.yy0, yymsp[0].minor.yy0); }
-#line 3697 "parser.c"
+#line 3871 "parser.c"
   yymsp[-1].minor.yy0 = yylhsminor.yy0;
         break;
-      case 180: /* less_than_hundred ::= tens less_than_ten */
-#line 556 "parser.yy"
+      case 187: /* less_than_hundred ::= tens less_than_ten */
+#line 568 "parser.yy"
 { COPY_YYSTYPE_BE_ADD(yylhsminor.yy0, yymsp[-1].minor.yy0, yymsp[0].minor.yy0); }
-#line 3703 "parser.c"
+#line 3877 "parser.c"
   yymsp[-1].minor.yy0 = yylhsminor.yy0;
         break;
-      case 189: /* less_than_ten ::= ONE */
-#line 581 "parser.yy"
+      case 196: /* less_than_ten ::= ONE */
+#line 593 "parser.yy"
 { COPY_YYSTYPE_BE_VALUE(yylhsminor.yy0, yymsp[0].minor.yy0, 1.0); }
-#line 3709 "parser.c"
+#line 3883 "parser.c"
   yymsp[0].minor.yy0 = yylhsminor.yy0;
         break;
-      case 190: /* less_than_ten ::= TWO */
-#line 582 "parser.yy"
+      case 197: /* less_than_ten ::= TWO */
+#line 594 "parser.yy"
 { COPY_YYSTYPE_BE_VALUE(yylhsminor.yy0, yymsp[0].minor.yy0, 2.0); }
-#line 3715 "parser.c"
+#line 3889 "parser.c"
   yymsp[0].minor.yy0 = yylhsminor.yy0;
         break;
-      case 191: /* less_than_ten ::= THREE */
-#line 583 "parser.yy"
+      case 198: /* less_than_ten ::= THREE */
+#line 595 "parser.yy"
 { COPY_YYSTYPE_BE_VALUE(yylhsminor.yy0, yymsp[0].minor.yy0, 3.0); }
-#line 3721 "parser.c"
+#line 3895 "parser.c"
   yymsp[0].minor.yy0 = yylhsminor.yy0;
         break;
-      case 192: /* less_than_ten ::= FOUR */
-#line 584 "parser.yy"
+      case 199: /* less_than_ten ::= FOUR */
+#line 596 "parser.yy"
 { COPY_YYSTYPE_BE_VALUE(yylhsminor.yy0, yymsp[0].minor.yy0, 4.0); }
-#line 3727 "parser.c"
+#line 3901 "parser.c"
   yymsp[0].minor.yy0 = yylhsminor.yy0;
         break;
-      case 193: /* less_than_ten ::= FIVE */
-#line 585 "parser.yy"
+      case 200: /* less_than_ten ::= FIVE */
+#line 597 "parser.yy"
 { COPY_YYSTYPE_BE_VALUE(yylhsminor.yy0, yymsp[0].minor.yy0, 5.0); }
-#line 3733 "parser.c"
+#line 3907 "parser.c"
   yymsp[0].minor.yy0 = yylhsminor.yy0;
         break;
-      case 194: /* less_than_ten ::= SIX */
-#line 586 "parser.yy"
+      case 201: /* less_than_ten ::= SIX */
+#line 598 "parser.yy"
 { COPY_YYSTYPE_BE_VALUE(yylhsminor.yy0, yymsp[0].minor.yy0, 6.0); }
-#line 3739 "parser.c"
+#line 3913 "parser.c"
   yymsp[0].minor.yy0 = yylhsminor.yy0;
         break;
-      case 195: /* less_than_ten ::= SEVEN */
-#line 587 "parser.yy"
+      case 202: /* less_than_ten ::= SEVEN */
+#line 599 "parser.yy"
 { COPY_YYSTYPE_BE_VALUE(yylhsminor.yy0, yymsp[0].minor.yy0, 7.0); }
-#line 3745 "parser.c"
+#line 3919 "parser.c"
   yymsp[0].minor.yy0 = yylhsminor.yy0;
         break;
-      case 196: /* less_than_ten ::= EIGHT */
-#line 588 "parser.yy"
+      case 203: /* less_than_ten ::= EIGHT */
+#line 600 "parser.yy"
 { COPY_YYSTYPE_BE_VALUE(yylhsminor.yy0, yymsp[0].minor.yy0, 8.0); }
-#line 3751 "parser.c"
+#line 3925 "parser.c"
   yymsp[0].minor.yy0 = yylhsminor.yy0;
         break;
-      case 197: /* less_than_ten ::= NINE */
-#line 589 "parser.yy"
+      case 204: /* less_than_ten ::= NINE */
+#line 601 "parser.yy"
 { COPY_YYSTYPE_BE_VALUE(yylhsminor.yy0, yymsp[0].minor.yy0, 9.0); }
-#line 3757 "parser.c"
+#line 3931 "parser.c"
   yymsp[0].minor.yy0 = yylhsminor.yy0;
         break;
-      case 198: /* ten_to_19 ::= TEN */
-#line 591 "parser.yy"
+      case 205: /* ten_to_19 ::= TEN */
+#line 603 "parser.yy"
 { COPY_YYSTYPE_BE_VALUE(yylhsminor.yy0, yymsp[0].minor.yy0, 10.0); }
-#line 3763 "parser.c"
+#line 3937 "parser.c"
   yymsp[0].minor.yy0 = yylhsminor.yy0;
         break;
-      case 199: /* ten_to_19 ::= ELEVEN */
-#line 592 "parser.yy"
+      case 206: /* ten_to_19 ::= ELEVEN */
+#line 604 "parser.yy"
 { COPY_YYSTYPE_BE_VALUE(yylhsminor.yy0, yymsp[0].minor.yy0, 11.0); }
-#line 3769 "parser.c"
+#line 3943 "parser.c"
   yymsp[0].minor.yy0 = yylhsminor.yy0;
         break;
-      case 200: /* ten_to_19 ::= TWELVE */
-#line 593 "parser.yy"
+      case 207: /* ten_to_19 ::= TWELVE */
+#line 605 "parser.yy"
 { COPY_YYSTYPE_BE_VALUE(yylhsminor.yy0, yymsp[0].minor.yy0, 12.0); }
-#line 3775 "parser.c"
+#line 3949 "parser.c"
   yymsp[0].minor.yy0 = yylhsminor.yy0;
         break;
-      case 201: /* ten_to_19 ::= THIRTEEN */
-#line 594 "parser.yy"
+      case 208: /* ten_to_19 ::= THIRTEEN */
+#line 606 "parser.yy"
 { COPY_YYSTYPE_BE_VALUE(yylhsminor.yy0, yymsp[0].minor.yy0, 13.0); }
-#line 3781 "parser.c"
+#line 3955 "parser.c"
   yymsp[0].minor.yy0 = yylhsminor.yy0;
         break;
-      case 202: /* ten_to_19 ::= FOURTEEN */
-#line 595 "parser.yy"
+      case 209: /* ten_to_19 ::= FOURTEEN */
+#line 607 "parser.yy"
 { COPY_YYSTYPE_BE_VALUE(yylhsminor.yy0, yymsp[0].minor.yy0, 14.0); }
-#line 3787 "parser.c"
+#line 3961 "parser.c"
   yymsp[0].minor.yy0 = yylhsminor.yy0;
         break;
-      case 203: /* ten_to_19 ::= FIFTEEN */
-#line 596 "parser.yy"
+      case 210: /* ten_to_19 ::= FIFTEEN */
+#line 608 "parser.yy"
 { COPY_YYSTYPE_BE_VALUE(yylhsminor.yy0, yymsp[0].minor.yy0, 15.0); }
-#line 3793 "parser.c"
+#line 3967 "parser.c"
   yymsp[0].minor.yy0 = yylhsminor.yy0;
         break;
-      case 204: /* ten_to_19 ::= SIXTEEN */
-#line 597 "parser.yy"
+      case 211: /* ten_to_19 ::= SIXTEEN */
+#line 609 "parser.yy"
 { COPY_YYSTYPE_BE_VALUE(yylhsminor.yy0, yymsp[0].minor.yy0, 16.0); }
-#line 3799 "parser.c"
+#line 3973 "parser.c"
   yymsp[0].minor.yy0 = yylhsminor.yy0;
         break;
-      case 205: /* ten_to_19 ::= SEVENTEEN */
-#line 598 "parser.yy"
+      case 212: /* ten_to_19 ::= SEVENTEEN */
+#line 610 "parser.yy"
 { COPY_YYSTYPE_BE_VALUE(yylhsminor.yy0, yymsp[0].minor.yy0, 17.0); }
-#line 3805 "parser.c"
+#line 3979 "parser.c"
   yymsp[0].minor.yy0 = yylhsminor.yy0;
         break;
-      case 206: /* ten_to_19 ::= EIGHTEEN */
-#line 599 "parser.yy"
+      case 213: /* ten_to_19 ::= EIGHTEEN */
+#line 611 "parser.yy"
 { COPY_YYSTYPE_BE_VALUE(yylhsminor.yy0, yymsp[0].minor.yy0, 18.0); }
-#line 3811 "parser.c"
+#line 3985 "parser.c"
   yymsp[0].minor.yy0 = yylhsminor.yy0;
         break;
-      case 207: /* ten_to_19 ::= NINETEEN */
-#line 600 "parser.yy"
+      case 214: /* ten_to_19 ::= NINETEEN */
+#line 612 "parser.yy"
 { COPY_YYSTYPE_BE_VALUE(yylhsminor.yy0, yymsp[0].minor.yy0, 19.0); }
-#line 3817 "parser.c"
+#line 3991 "parser.c"
   yymsp[0].minor.yy0 = yylhsminor.yy0;
         break;
-      case 208: /* tens ::= TWENTY */
-#line 602 "parser.yy"
+      case 215: /* tens ::= TWENTY */
+#line 614 "parser.yy"
 { COPY_YYSTYPE_BE_VALUE(yylhsminor.yy0, yymsp[0].minor.yy0, 20.0); }
-#line 3823 "parser.c"
+#line 3997 "parser.c"
   yymsp[0].minor.yy0 = yylhsminor.yy0;
         break;
-      case 209: /* tens ::= THIRTY */
-#line 603 "parser.yy"
+      case 216: /* tens ::= THIRTY */
+#line 615 "parser.yy"
 { COPY_YYSTYPE_BE_VALUE(yylhsminor.yy0, yymsp[0].minor.yy0, 30.0); }
-#line 3829 "parser.c"
+#line 4003 "parser.c"
   yymsp[0].minor.yy0 = yylhsminor.yy0;
         break;
-      case 210: /* tens ::= FORTY */
-#line 604 "parser.yy"
+      case 217: /* tens ::= FORTY */
+#line 616 "parser.yy"
 { COPY_YYSTYPE_BE_VALUE(yylhsminor.yy0, yymsp[0].minor.yy0, 40.0); }
-#line 3835 "parser.c"
+#line 4009 "parser.c"
   yymsp[0].minor.yy0 = yylhsminor.yy0;
         break;
-      case 211: /* tens ::= FIFTY */
-#line 605 "parser.yy"
+      case 218: /* tens ::= FIFTY */
+#line 617 "parser.yy"
 { COPY_YYSTYPE_BE_VALUE(yylhsminor.yy0, yymsp[0].minor.yy0, 50.0); }
-#line 3841 "parser.c"
+#line 4015 "parser.c"
   yymsp[0].minor.yy0 = yylhsminor.yy0;
         break;
-      case 212: /* tens ::= SIXTY */
-#line 606 "parser.yy"
+      case 219: /* tens ::= SIXTY */
+#line 618 "parser.yy"
 { COPY_YYSTYPE_BE_VALUE(yylhsminor.yy0, yymsp[0].minor.yy0, 60.0); }
-#line 3847 "parser.c"
+#line 4021 "parser.c"
   yymsp[0].minor.yy0 = yylhsminor.yy0;
         break;
-      case 213: /* tens ::= SEVENTY */
-#line 607 "parser.yy"
+      case 220: /* tens ::= SEVENTY */
+#line 619 "parser.yy"
 { COPY_YYSTYPE_BE_VALUE(yylhsminor.yy0, yymsp[0].minor.yy0, 70.0); }
-#line 3853 "parser.c"
+#line 4027 "parser.c"
   yymsp[0].minor.yy0 = yylhsminor.yy0;
         break;
-      case 214: /* tens ::= EIGHTY */
-#line 608 "parser.yy"
+      case 221: /* tens ::= EIGHTY */
+#line 620 "parser.yy"
 { COPY_YYSTYPE_BE_VALUE(yylhsminor.yy0, yymsp[0].minor.yy0, 80.0); }
-#line 3859 "parser.c"
+#line 4033 "parser.c"
   yymsp[0].minor.yy0 = yylhsminor.yy0;
         break;
-      case 215: /* tens ::= NINETY */
-#line 609 "parser.yy"
+      case 222: /* tens ::= NINETY */
+#line 621 "parser.yy"
 { COPY_YYSTYPE_BE_VALUE(yylhsminor.yy0, yymsp[0].minor.yy0, 90.0); }
-#line 3865 "parser.c"
+#line 4039 "parser.c"
   yymsp[0].minor.yy0 = yylhsminor.yy0;
         break;
-      case 216: /* less_than_tenth ::= FIRST */
-#line 611 "parser.yy"
+      case 223: /* less_than_tenth ::= FIRST */
+#line 623 "parser.yy"
 { COPY_YYSTYPE_BE_VALUE_SUFF(yylhsminor.yy0, yymsp[0].minor.yy0, 1.0, ST); }
-#line 3871 "parser.c"
+#line 4045 "parser.c"
   yymsp[0].minor.yy0 = yylhsminor.yy0;
         break;
-      case 217: /* less_than_tenth ::= SECOND */
-#line 612 "parser.yy"
+      case 224: /* less_than_tenth ::= SECOND */
+#line 624 "parser.yy"
 { COPY_YYSTYPE_BE_VALUE_SUFF(yylhsminor.yy0, yymsp[0].minor.yy0, 2.0, ND); }
-#line 3877 "parser.c"
+#line 4051 "parser.c"
   yymsp[0].minor.yy0 = yylhsminor.yy0;
         break;
-      case 218: /* less_than_tenth ::= THIRD */
-#line 613 "parser.yy"
+      case 225: /* less_than_tenth ::= THIRD */
+#line 625 "parser.yy"
 { COPY_YYSTYPE_BE_VALUE_SUFF(yylhsminor.yy0, yymsp[0].minor.yy0, 3.0, RD); }
-#line 3883 "parser.c"
+#line 4057 "parser.c"
   yymsp[0].minor.yy0 = yylhsminor.yy0;
         break;
-      case 219: /* less_than_tenth ::= FOURTH */
-#line 614 "parser.yy"
+      case 226: /* less_than_tenth ::= FOURTH */
+#line 626 "parser.yy"
 { COPY_YYSTYPE_BE_VALUE_SUFF(yylhsminor.yy0, yymsp[0].minor.yy0, 4.0, TH); }
-#line 3889 "parser.c"
+#line 4063 "parser.c"
   yymsp[0].minor.yy0 = yylhsminor.yy0;
         break;
-      case 220: /* less_than_tenth ::= FIFTH */
-#line 615 "parser.yy"
+      case 227: /* less_than_tenth ::= FIFTH */
+#line 627 "parser.yy"
 { COPY_YYSTYPE_BE_VALUE_SUFF(yylhsminor.yy0, yymsp[0].minor.yy0, 5.0, TH); }
-#line 3895 "parser.c"
+#line 4069 "parser.c"
   yymsp[0].minor.yy0 = yylhsminor.yy0;
         break;
-      case 221: /* less_than_tenth ::= SIXTH */
-#line 616 "parser.yy"
+      case 228: /* less_than_tenth ::= SIXTH */
+#line 628 "parser.yy"
 { COPY_YYSTYPE_BE_VALUE_SUFF(yylhsminor.yy0, yymsp[0].minor.yy0, 6.0, TH); }
-#line 3901 "parser.c"
+#line 4075 "parser.c"
   yymsp[0].minor.yy0 = yylhsminor.yy0;
         break;
-      case 222: /* less_than_tenth ::= SEVENTH */
-#line 617 "parser.yy"
+      case 229: /* less_than_tenth ::= SEVENTH */
+#line 629 "parser.yy"
 { COPY_YYSTYPE_BE_VALUE_SUFF(yylhsminor.yy0, yymsp[0].minor.yy0, 7.0, TH); }
-#line 3907 "parser.c"
+#line 4081 "parser.c"
   yymsp[0].minor.yy0 = yylhsminor.yy0;
         break;
-      case 223: /* less_than_tenth ::= EIGHTH */
-#line 618 "parser.yy"
+      case 230: /* less_than_tenth ::= EIGHTH */
+#line 630 "parser.yy"
 { COPY_YYSTYPE_BE_VALUE_SUFF(yylhsminor.yy0, yymsp[0].minor.yy0, 8.0, TH); }
-#line 3913 "parser.c"
+#line 4087 "parser.c"
   yymsp[0].minor.yy0 = yylhsminor.yy0;
         break;
-      case 224: /* less_than_tenth ::= NINTH */
-#line 619 "parser.yy"
+      case 231: /* less_than_tenth ::= NINTH */
+#line 631 "parser.yy"
 { COPY_YYSTYPE_BE_VALUE_SUFF(yylhsminor.yy0, yymsp[0].minor.yy0, 9.0, TH); }
-#line 3919 "parser.c"
+#line 4093 "parser.c"
   yymsp[0].minor.yy0 = yylhsminor.yy0;
         break;
-      case 225: /* tenth_to_19th ::= TENTH */
-#line 621 "parser.yy"
+      case 232: /* tenth_to_19th ::= TENTH */
+#line 633 "parser.yy"
 { COPY_YYSTYPE_BE_VALUE_SUFF(yylhsminor.yy0, yymsp[0].minor.yy0, 10.0, TH); }
-#line 3925 "parser.c"
+#line 4099 "parser.c"
   yymsp[0].minor.yy0 = yylhsminor.yy0;
         break;
-      case 226: /* tenth_to_19th ::= ELEVENTH */
-#line 622 "parser.yy"
+      case 233: /* tenth_to_19th ::= ELEVENTH */
+#line 634 "parser.yy"
 { COPY_YYSTYPE_BE_VALUE_SUFF(yylhsminor.yy0, yymsp[0].minor.yy0, 11.0, TH); }
-#line 3931 "parser.c"
+#line 4105 "parser.c"
   yymsp[0].minor.yy0 = yylhsminor.yy0;
         break;
-      case 227: /* tenth_to_19th ::= TWELFTH */
-#line 623 "parser.yy"
+      case 234: /* tenth_to_19th ::= TWELFTH */
+#line 635 "parser.yy"
 { COPY_YYSTYPE_BE_VALUE_SUFF(yylhsminor.yy0, yymsp[0].minor.yy0, 12.0, TH); }
-#line 3937 "parser.c"
+#line 4111 "parser.c"
   yymsp[0].minor.yy0 = yylhsminor.yy0;
         break;
-      case 228: /* tenth_to_19th ::= THIRTEENTH */
-#line 624 "parser.yy"
+      case 235: /* tenth_to_19th ::= THIRTEENTH */
+#line 636 "parser.yy"
 { COPY_YYSTYPE_BE_VALUE_SUFF(yylhsminor.yy0, yymsp[0].minor.yy0, 13.0, TH); }
-#line 3943 "parser.c"
+#line 4117 "parser.c"
   yymsp[0].minor.yy0 = yylhsminor.yy0;
         break;
-      case 229: /* tenth_to_19th ::= FOURTEENTH */
-#line 625 "parser.yy"
+      case 236: /* tenth_to_19th ::= FOURTEENTH */
+#line 637 "parser.yy"
 { COPY_YYSTYPE_BE_VALUE_SUFF(yylhsminor.yy0, yymsp[0].minor.yy0, 14.0, TH); }
-#line 3949 "parser.c"
+#line 4123 "parser.c"
   yymsp[0].minor.yy0 = yylhsminor.yy0;
         break;
-      case 230: /* tenth_to_19th ::= FIFTEENTH */
-#line 626 "parser.yy"
+      case 237: /* tenth_to_19th ::= FIFTEENTH */
+#line 638 "parser.yy"
 { COPY_YYSTYPE_BE_VALUE_SUFF(yylhsminor.yy0, yymsp[0].minor.yy0, 15.0, TH); }
-#line 3955 "parser.c"
+#line 4129 "parser.c"
   yymsp[0].minor.yy0 = yylhsminor.yy0;
         break;
-      case 231: /* tenth_to_19th ::= SIXTEENTH */
-#line 627 "parser.yy"
+      case 238: /* tenth_to_19th ::= SIXTEENTH */
+#line 639 "parser.yy"
 { COPY_YYSTYPE_BE_VALUE_SUFF(yylhsminor.yy0, yymsp[0].minor.yy0, 16.0, TH); }
-#line 3961 "parser.c"
+#line 4135 "parser.c"
   yymsp[0].minor.yy0 = yylhsminor.yy0;
         break;
-      case 232: /* tenth_to_19th ::= SEVENTEENTH */
-#line 628 "parser.yy"
+      case 239: /* tenth_to_19th ::= SEVENTEENTH */
+#line 640 "parser.yy"
 { COPY_YYSTYPE_BE_VALUE_SUFF(yylhsminor.yy0, yymsp[0].minor.yy0, 17.0, TH); }
-#line 3967 "parser.c"
+#line 4141 "parser.c"
   yymsp[0].minor.yy0 = yylhsminor.yy0;
         break;
-      case 233: /* tenth_to_19th ::= EIGHTEENTH */
-#line 629 "parser.yy"
+      case 240: /* tenth_to_19th ::= EIGHTEENTH */
+#line 641 "parser.yy"
 { COPY_YYSTYPE_BE_VALUE_SUFF(yylhsminor.yy0, yymsp[0].minor.yy0, 18.0, TH); }
-#line 3973 "parser.c"
+#line 4147 "parser.c"
   yymsp[0].minor.yy0 = yylhsminor.yy0;
         break;
-      case 234: /* tenth_to_19th ::= NINETEENTH */
-#line 630 "parser.yy"
+      case 241: /* tenth_to_19th ::= NINETEENTH */
+#line 642 "parser.yy"
 { COPY_YYSTYPE_BE_VALUE_SUFF(yylhsminor.yy0, yymsp[0].minor.yy0, 19.0, TH); }
-#line 3979 "parser.c"
+#line 4153 "parser.c"
   yymsp[0].minor.yy0 = yylhsminor.yy0;
         break;
-      case 235: /* tenth ::= TWENTIETH */
-#line 632 "parser.yy"
+      case 242: /* tenth ::= TWENTIETH */
+#line 644 "parser.yy"
 { COPY_YYSTYPE_BE_VALUE_SUFF(yylhsminor.yy0, yymsp[0].minor.yy0, 20.0, TH); }
-#line 3985 "parser.c"
+#line 4159 "parser.c"
   yymsp[0].minor.yy0 = yylhsminor.yy0;
         break;
-      case 236: /* tenth ::= THIRTIETH */
-#line 633 "parser.yy"
+      case 243: /* tenth ::= THIRTIETH */
+#line 645 "parser.yy"
 { COPY_YYSTYPE_BE_VALUE_SUFF(yylhsminor.yy0, yymsp[0].minor.yy0, 30.0, TH); }
-#line 3991 "parser.c"
+#line 4165 "parser.c"
   yymsp[0].minor.yy0 = yylhsminor.yy0;
         break;
-      case 237: /* tenth ::= FOURTIETH */
-#line 634 "parser.yy"
+      case 244: /* tenth ::= FOURTIETH */
+#line 646 "parser.yy"
 { COPY_YYSTYPE_BE_VALUE_SUFF(yylhsminor.yy0, yymsp[0].minor.yy0, 40.0, TH); }
-#line 3997 "parser.c"
+#line 4171 "parser.c"
   yymsp[0].minor.yy0 = yylhsminor.yy0;
         break;
-      case 238: /* tenth ::= FIFTIETH */
-#line 635 "parser.yy"
+      case 245: /* tenth ::= FIFTIETH */
+#line 647 "parser.yy"
 { COPY_YYSTYPE_BE_VALUE_SUFF(yylhsminor.yy0, yymsp[0].minor.yy0, 50.0, TH); }
-#line 4003 "parser.c"
+#line 4177 "parser.c"
   yymsp[0].minor.yy0 = yylhsminor.yy0;
         break;
-      case 239: /* tenth ::= SIXTIETH */
-#line 636 "parser.yy"
+      case 246: /* tenth ::= SIXTIETH */
+#line 648 "parser.yy"
 { COPY_YYSTYPE_BE_VALUE_SUFF(yylhsminor.yy0, yymsp[0].minor.yy0, 60.0, TH); }
-#line 4009 "parser.c"
+#line 4183 "parser.c"
   yymsp[0].minor.yy0 = yylhsminor.yy0;
         break;
-      case 240: /* tenth ::= SEVENTIETH */
-#line 637 "parser.yy"
+      case 247: /* tenth ::= SEVENTIETH */
+#line 649 "parser.yy"
 { COPY_YYSTYPE_BE_VALUE_SUFF(yylhsminor.yy0, yymsp[0].minor.yy0, 70.0, TH); }
-#line 4015 "parser.c"
+#line 4189 "parser.c"
   yymsp[0].minor.yy0 = yylhsminor.yy0;
         break;
-      case 241: /* tenth ::= EIGHTIETH */
-#line 638 "parser.yy"
+      case 248: /* tenth ::= EIGHTIETH */
+#line 650 "parser.yy"
 { COPY_YYSTYPE_BE_VALUE_SUFF(yylhsminor.yy0, yymsp[0].minor.yy0, 80.0, TH); }
-#line 4021 "parser.c"
+#line 4195 "parser.c"
   yymsp[0].minor.yy0 = yylhsminor.yy0;
         break;
-      case 242: /* tenth ::= NINETIETH */
-#line 639 "parser.yy"
+      case 249: /* tenth ::= NINETIETH */
+#line 651 "parser.yy"
 { COPY_YYSTYPE_BE_VALUE_SUFF(yylhsminor.yy0, yymsp[0].minor.yy0, 90.0, TH); }
-#line 4027 "parser.c"
+#line 4201 "parser.c"
   yymsp[0].minor.yy0 = yylhsminor.yy0;
         break;
-      case 243: /* less_than_tenths ::= FIRSTS */
-#line 641 "parser.yy"
+      case 250: /* less_than_tenths ::= FIRSTS */
+#line 653 "parser.yy"
 { COPY_YYSTYPE_BE_VALUE_SUFF(yylhsminor.yy0, yymsp[0].minor.yy0, 1.0, STS); }
-#line 4033 "parser.c"
+#line 4207 "parser.c"
   yymsp[0].minor.yy0 = yylhsminor.yy0;
         break;
-      case 244: /* less_than_tenths ::= SECONDS */
-#line 642 "parser.yy"
+      case 251: /* less_than_tenths ::= SECONDS */
+#line 654 "parser.yy"
 { COPY_YYSTYPE_BE_VALUE_SUFF(yylhsminor.yy0, yymsp[0].minor.yy0, 2.0, NDS); }
-#line 4039 "parser.c"
+#line 4213 "parser.c"
   yymsp[0].minor.yy0 = yylhsminor.yy0;
         break;
-      case 245: /* less_than_tenths ::= THIRDS */
-#line 643 "parser.yy"
+      case 252: /* less_than_tenths ::= THIRDS */
+#line 655 "parser.yy"
 { COPY_YYSTYPE_BE_VALUE_SUFF(yylhsminor.yy0, yymsp[0].minor.yy0, 3.0, RDS); }
-#line 4045 "parser.c"
+#line 4219 "parser.c"
   yymsp[0].minor.yy0 = yylhsminor.yy0;
         break;
-      case 246: /* less_than_tenths ::= FOURTHS */
-#line 644 "parser.yy"
+      case 253: /* less_than_tenths ::= FOURTHS */
+#line 656 "parser.yy"
 { COPY_YYSTYPE_BE_VALUE_SUFF(yylhsminor.yy0, yymsp[0].minor.yy0, 4.0, THS); }
-#line 4051 "parser.c"
+#line 4225 "parser.c"
   yymsp[0].minor.yy0 = yylhsminor.yy0;
         break;
-      case 247: /* less_than_tenths ::= FIFTHS */
-#line 645 "parser.yy"
+      case 254: /* less_than_tenths ::= FIFTHS */
+#line 657 "parser.yy"
 { COPY_YYSTYPE_BE_VALUE_SUFF(yylhsminor.yy0, yymsp[0].minor.yy0, 5.0, THS); }
-#line 4057 "parser.c"
+#line 4231 "parser.c"
   yymsp[0].minor.yy0 = yylhsminor.yy0;
         break;
-      case 248: /* less_than_tenths ::= SIXTHS */
-#line 646 "parser.yy"
+      case 255: /* less_than_tenths ::= SIXTHS */
+#line 658 "parser.yy"
 { COPY_YYSTYPE_BE_VALUE_SUFF(yylhsminor.yy0, yymsp[0].minor.yy0, 6.0, THS); }
-#line 4063 "parser.c"
+#line 4237 "parser.c"
   yymsp[0].minor.yy0 = yylhsminor.yy0;
         break;
-      case 249: /* less_than_tenths ::= SEVENTHS */
-#line 647 "parser.yy"
+      case 256: /* less_than_tenths ::= SEVENTHS */
+#line 659 "parser.yy"
 { COPY_YYSTYPE_BE_VALUE_SUFF(yylhsminor.yy0, yymsp[0].minor.yy0, 7.0, THS); }
-#line 4069 "parser.c"
+#line 4243 "parser.c"
   yymsp[0].minor.yy0 = yylhsminor.yy0;
         break;
-      case 250: /* less_than_tenths ::= EIGHTHS */
-#line 648 "parser.yy"
+      case 257: /* less_than_tenths ::= EIGHTHS */
+#line 660 "parser.yy"
 { COPY_YYSTYPE_BE_VALUE_SUFF(yylhsminor.yy0, yymsp[0].minor.yy0, 8.0, THS); }
-#line 4075 "parser.c"
+#line 4249 "parser.c"
   yymsp[0].minor.yy0 = yylhsminor.yy0;
         break;
-      case 251: /* less_than_tenths ::= NINTHS */
-#line 649 "parser.yy"
+      case 258: /* less_than_tenths ::= NINTHS */
+#line 661 "parser.yy"
 { COPY_YYSTYPE_BE_VALUE_SUFF(yylhsminor.yy0, yymsp[0].minor.yy0, 9.0, THS); }
-#line 4081 "parser.c"
+#line 4255 "parser.c"
   yymsp[0].minor.yy0 = yylhsminor.yy0;
         break;
-      case 252: /* tenths_to_19ths ::= TENTHS */
-#line 651 "parser.yy"
+      case 259: /* tenths_to_19ths ::= TENTHS */
+#line 663 "parser.yy"
 { COPY_YYSTYPE_BE_VALUE_SUFF(yylhsminor.yy0, yymsp[0].minor.yy0, 10.0, THS); }
-#line 4087 "parser.c"
+#line 4261 "parser.c"
   yymsp[0].minor.yy0 = yylhsminor.yy0;
         break;
-      case 253: /* tenths_to_19ths ::= ELEVENTHS */
-#line 652 "parser.yy"
+      case 260: /* tenths_to_19ths ::= ELEVENTHS */
+#line 664 "parser.yy"
 { COPY_YYSTYPE_BE_VALUE_SUFF(yylhsminor.yy0, yymsp[0].minor.yy0, 11.0, THS); }
-#line 4093 "parser.c"
+#line 4267 "parser.c"
   yymsp[0].minor.yy0 = yylhsminor.yy0;
         break;
-      case 254: /* tenths_to_19ths ::= TWELFTHS */
-#line 653 "parser.yy"
+      case 261: /* tenths_to_19ths ::= TWELFTHS */
+#line 665 "parser.yy"
 { COPY_YYSTYPE_BE_VALUE_SUFF(yylhsminor.yy0, yymsp[0].minor.yy0, 12.0, THS); }
-#line 4099 "parser.c"
+#line 4273 "parser.c"
   yymsp[0].minor.yy0 = yylhsminor.yy0;
         break;
-      case 255: /* tenths_to_19ths ::= THIRTEENTHS */
-#line 654 "parser.yy"
+      case 262: /* tenths_to_19ths ::= THIRTEENTHS */
+#line 666 "parser.yy"
 { COPY_YYSTYPE_BE_VALUE_SUFF(yylhsminor.yy0, yymsp[0].minor.yy0, 13.0, THS); }
-#line 4105 "parser.c"
+#line 4279 "parser.c"
   yymsp[0].minor.yy0 = yylhsminor.yy0;
         break;
-      case 256: /* tenths_to_19ths ::= FOURTEENTHS */
-#line 655 "parser.yy"
+      case 263: /* tenths_to_19ths ::= FOURTEENTHS */
+#line 667 "parser.yy"
 { COPY_YYSTYPE_BE_VALUE_SUFF(yylhsminor.yy0, yymsp[0].minor.yy0, 14.0, THS); }
-#line 4111 "parser.c"
+#line 4285 "parser.c"
   yymsp[0].minor.yy0 = yylhsminor.yy0;
         break;
-      case 257: /* tenths_to_19ths ::= FIFTEENTHS */
-#line 656 "parser.yy"
+      case 264: /* tenths_to_19ths ::= FIFTEENTHS */
+#line 668 "parser.yy"
 { COPY_YYSTYPE_BE_VALUE_SUFF(yylhsminor.yy0, yymsp[0].minor.yy0, 15.0, THS); }
-#line 4117 "parser.c"
+#line 4291 "parser.c"
   yymsp[0].minor.yy0 = yylhsminor.yy0;
         break;
-      case 258: /* tenths_to_19ths ::= SIXTEENTHS */
-#line 657 "parser.yy"
+      case 265: /* tenths_to_19ths ::= SIXTEENTHS */
+#line 669 "parser.yy"
 { COPY_YYSTYPE_BE_VALUE_SUFF(yylhsminor.yy0, yymsp[0].minor.yy0, 16.0, THS); }
-#line 4123 "parser.c"
+#line 4297 "parser.c"
   yymsp[0].minor.yy0 = yylhsminor.yy0;
         break;
-      case 259: /* tenths_to_19ths ::= SEVENTEENTHS */
-#line 658 "parser.yy"
+      case 266: /* tenths_to_19ths ::= SEVENTEENTHS */
+#line 670 "parser.yy"
 { COPY_YYSTYPE_BE_VALUE_SUFF(yylhsminor.yy0, yymsp[0].minor.yy0, 17.0, THS); }
-#line 4129 "parser.c"
+#line 4303 "parser.c"
   yymsp[0].minor.yy0 = yylhsminor.yy0;
         break;
-      case 260: /* tenths_to_19ths ::= EIGHTEENTHS */
-#line 659 "parser.yy"
+      case 267: /* tenths_to_19ths ::= EIGHTEENTHS */
+#line 671 "parser.yy"
 { COPY_YYSTYPE_BE_VALUE_SUFF(yylhsminor.yy0, yymsp[0].minor.yy0, 18.0, THS); }
-#line 4135 "parser.c"
+#line 4309 "parser.c"
   yymsp[0].minor.yy0 = yylhsminor.yy0;
         break;
-      case 261: /* tenths_to_19ths ::= NINETEENTHS */
-#line 660 "parser.yy"
+      case 268: /* tenths_to_19ths ::= NINETEENTHS */
+#line 672 "parser.yy"
 { COPY_YYSTYPE_BE_VALUE_SUFF(yylhsminor.yy0, yymsp[0].minor.yy0, 19.0, THS); }
-#line 4141 "parser.c"
+#line 4315 "parser.c"
   yymsp[0].minor.yy0 = yylhsminor.yy0;
         break;
-      case 262: /* tenths ::= TWENTIETHS */
-#line 662 "parser.yy"
+      case 269: /* tenths ::= TWENTIETHS */
+#line 674 "parser.yy"
 { COPY_YYSTYPE_BE_VALUE_SUFF(yylhsminor.yy0, yymsp[0].minor.yy0, 20.0, THS); }
-#line 4147 "parser.c"
+#line 4321 "parser.c"
   yymsp[0].minor.yy0 = yylhsminor.yy0;
         break;
-      case 263: /* tenths ::= THIRTIETHS */
-#line 663 "parser.yy"
+      case 270: /* tenths ::= THIRTIETHS */
+#line 675 "parser.yy"
 { COPY_YYSTYPE_BE_VALUE_SUFF(yylhsminor.yy0, yymsp[0].minor.yy0, 30.0, THS); }
-#line 4153 "parser.c"
+#line 4327 "parser.c"
   yymsp[0].minor.yy0 = yylhsminor.yy0;
         break;
-      case 264: /* tenths ::= FOURTIETHS */
-#line 664 "parser.yy"
+      case 271: /* tenths ::= FOURTIETHS */
+#line 676 "parser.yy"
 { COPY_YYSTYPE_BE_VALUE_SUFF(yylhsminor.yy0, yymsp[0].minor.yy0, 40.0, THS); }
-#line 4159 "parser.c"
+#line 4333 "parser.c"
   yymsp[0].minor.yy0 = yylhsminor.yy0;
         break;
-      case 265: /* tenths ::= FIFTIETHS */
-#line 665 "parser.yy"
+      case 272: /* tenths ::= FIFTIETHS */
+#line 677 "parser.yy"
 { COPY_YYSTYPE_BE_VALUE_SUFF(yylhsminor.yy0, yymsp[0].minor.yy0, 50.0, THS); }
-#line 4165 "parser.c"
+#line 4339 "parser.c"
   yymsp[0].minor.yy0 = yylhsminor.yy0;
         break;
-      case 266: /* tenths ::= SIXTIETHS */
-#line 666 "parser.yy"
+      case 273: /* tenths ::= SIXTIETHS */
+#line 678 "parser.yy"
 { COPY_YYSTYPE_BE_VALUE_SUFF(yylhsminor.yy0, yymsp[0].minor.yy0, 60.0, THS); }
-#line 4171 "parser.c"
+#line 4345 "parser.c"
   yymsp[0].minor.yy0 = yylhsminor.yy0;
         break;
-      case 267: /* tenths ::= SEVENTIETHS */
-#line 667 "parser.yy"
+      case 274: /* tenths ::= SEVENTIETHS */
+#line 679 "parser.yy"
 { COPY_YYSTYPE_BE_VALUE_SUFF(yylhsminor.yy0, yymsp[0].minor.yy0, 70.0, THS); }
-#line 4177 "parser.c"
+#line 4351 "parser.c"
   yymsp[0].minor.yy0 = yylhsminor.yy0;
         break;
-      case 268: /* tenths ::= EIGHTIETHS */
-#line 668 "parser.yy"
+      case 275: /* tenths ::= EIGHTIETHS */
+#line 680 "parser.yy"
 { COPY_YYSTYPE_BE_VALUE_SUFF(yylhsminor.yy0, yymsp[0].minor.yy0, 80.0, THS); }
-#line 4183 "parser.c"
+#line 4357 "parser.c"
   yymsp[0].minor.yy0 = yylhsminor.yy0;
         break;
-      case 269: /* tenths ::= NINETIETHS */
-#line 669 "parser.yy"
+      case 276: /* tenths ::= NINETIETHS */
+#line 681 "parser.yy"
 { COPY_YYSTYPE_BE_VALUE_SUFF(yylhsminor.yy0, yymsp[0].minor.yy0, 90.0, THS); }
-#line 4189 "parser.c"
+#line 4363 "parser.c"
   yymsp[0].minor.yy0 = yylhsminor.yy0;
         break;
       default:
-      /* (270) program ::= numbers */ yytestcase(yyruleno==270);
-      /* (271) numbers ::= numbers number */ yytestcase(yyruleno==271);
-      /* (272) numbers ::= number (OPTIMIZED OUT) */ assert(yyruleno!=272);
+      /* (277) program ::= numbers */ yytestcase(yyruleno==277);
+      /* (278) numbers ::= numbers number */ yytestcase(yyruleno==278);
+      /* (279) numbers ::= number (OPTIMIZED OUT) */ assert(yyruleno!=279);
         break;
 /********** End reduce actions ************************************************/
   };
@@ -4239,7 +4413,7 @@ static void yy_parse_failed(
 #if print_errors
     fprintf(stderr,"Giving up.  Parser is hopelessly lost...\n");
 #endif
-#line 4243 "parser.c"
+#line 4417 "parser.c"
 /************ End %parse_failure code *****************************************/
   ParseARG_STORE /* Suppress warning about unused %extra_argument variable */
   ParseCTX_STORE
@@ -4264,7 +4438,7 @@ static void yy_syntax_error(
 #if print_errors
     fprintf(stderr, "Syntax error\n");
 #endif
-#line 4268 "parser.c"
+#line 4442 "parser.c"
 /************ End %syntax_error code ******************************************/
   ParseARG_STORE /* Suppress warning about unused %extra_argument variable */
   ParseCTX_STORE
diff --git a/parser.h b/parser.h
index bdd34cb..d3819cf 100644
--- a/parser.h
+++ b/parser.h
@@ -42,30 +42,30 @@ void ParseTrace(FILE *TraceFILE,char *zTracePrompt);
 #define TOKEN_QUARTERS                        7
 #define TOKEN_ONE                             8
 #define TOKEN_HALVES                          9
-#define TOKEN_FRACTION                       10
-#define TOKEN_AN                             11
-#define TOKEN_ZERO_WHOLE_NUMBER              12
-#define TOKEN_WHOLE_NUMBER                   13
-#define TOKEN_DECIMAL                        14
-#define TOKEN_ZERO                           15
-#define TOKEN_QUADRILLION                    16
-#define TOKEN_QUADRILLIONTH                  17
-#define TOKEN_QUADRILLIONTHS                 18
-#define TOKEN_TRILLION                       19
-#define TOKEN_TRILLIONTH                     20
-#define TOKEN_TRILLIONTHS                    21
-#define TOKEN_BILLION                        22
-#define TOKEN_BILLIONTH                      23
-#define TOKEN_BILLIONTHS                     24
-#define TOKEN_MILLION                        25
-#define TOKEN_MILLIONTH                      26
-#define TOKEN_MILLIONTHS                     27
-#define TOKEN_THOUSAND                       28
-#define TOKEN_THOUSANDTH                     29
-#define TOKEN_THOUSANDTHS                    30
-#define TOKEN_HUNDRED                        31
-#define TOKEN_HUNDREDTH                      32
-#define TOKEN_HUNDREDTHS                     33
+#define TOKEN_HUNDREDTH                      10
+#define TOKEN_HUNDREDTHS                     11
+#define TOKEN_FRACTION                       12
+#define TOKEN_AN                             13
+#define TOKEN_ZERO_WHOLE_NUMBER              14
+#define TOKEN_WHOLE_NUMBER                   15
+#define TOKEN_DECIMAL                        16
+#define TOKEN_ZERO                           17
+#define TOKEN_QUADRILLION                    18
+#define TOKEN_QUADRILLIONTH                  19
+#define TOKEN_QUADRILLIONTHS                 20
+#define TOKEN_TRILLION                       21
+#define TOKEN_TRILLIONTH                     22
+#define TOKEN_TRILLIONTHS                    23
+#define TOKEN_BILLION                        24
+#define TOKEN_BILLIONTH                      25
+#define TOKEN_BILLIONTHS                     26
+#define TOKEN_MILLION                        27
+#define TOKEN_MILLIONTH                      28
+#define TOKEN_MILLIONTHS                     29
+#define TOKEN_THOUSAND                       30
+#define TOKEN_THOUSANDTH                     31
+#define TOKEN_THOUSANDTHS                    32
+#define TOKEN_HUNDRED                        33
 #define TOKEN_TWO                            34
 #define TOKEN_THREE                          35
 #define TOKEN_FOUR                           36
diff --git a/parser.yy b/parser.yy
index 17614e4..bb7fe93 100644
--- a/parser.yy
+++ b/parser.yy
@@ -244,6 +244,11 @@ final_number(A) ::= less_than_quadrillion(B) HALVES(C). { COPY_YYSTYPE_FRAC_SET(
 final_number(A) ::= ONE(B) HALF(C). { COPY_YYSTYPE_FRAC_SET(A, B, C, 1.0, 2.0);  }
 final_number(A) ::= A(B) HALF(C). { COPY_YYSTYPE_FRAC_SET(A, B, C, 1.0, 2.0); }
 
+// explicit hundredth(s) as fractions
+final_number(A) ::= ONE(B) HUNDREDTH(C). { COPY_YYSTYPE_FRAC_SET(A, B, C, 1.0, 100.0); }
+final_number(A) ::= A(B) HUNDREDTH(C). { COPY_YYSTYPE_FRAC_SET(A, B, C, 1.0, 100.0); }
+final_number(A) ::= less_than_hundred(B) HUNDREDTHS(C). { COPY_YYSTYPE_FRAC_SET(A, B, C, B.dbl, 100.0); }
+
 final_number(A) ::= less_than_quadrillion(B). { COPY_YYSTYPE_BE_DBL(A, B); }
 final_number(A) ::= FRACTION(B). { COPY_YYSTYPE_BE(A, B); A.frac_num = B.frac_num; A.frac_denom = B.frac_denom; A.is_frac = true; }
 final_number(A) ::= less_than_quadrillionth(B). { COPY_YYSTYPE_BE_DBL_SUFF(A, B); }
@@ -326,6 +331,10 @@ final_number(A) ::= DECIMAL(B) QUADRILLION(C). { COPY_YYSTYPE_DBL_NUM(A, B, C, Q
 sub quadrillion ordinal
 -------------------------------------- */
 
+// allow tails after quadrillion in a top-level context
+less_than_quadrillion_end_only(A) ::= less_than_quadrillion(B). { COPY_YYSTYPE_BE_DBL(A, B); }
+less_than_quadrillion_end_only(A) ::= less_than_trillion_end_only(B). { COPY_YYSTYPE_BE_DBL(A, B); }
+
 less_than_quadrillionth(A) ::= TRILLION(B) less_than_trillionth_end_only(C). { COPY_YYSTYPE_BE_ADD_SUFF_VALUE(A, B, C, TRILLION_F); }
 less_than_quadrillionth(A) ::= less_than_thousand(B) TRILLION less_than_trillionth_end_only(C). { COPY_YYSTYPE_BE_MUL_ADD_SUFF(A, B, C, TRILLION_F); }
 less_than_quadrillionth(A) ::= less_than_thousand(B) TRILLIONTH(C). { COPY_YYSTYPE_BE_MUL_SUFF(A, B, C, TRILLION_F, TH); }
@@ -488,6 +497,9 @@ less_than_million(A) ::= less_than_thousand(B). { COPY_YYSTYPE_BE_DBL(A, B); }
 final_number(A) ::= THOUSAND(B). { COPY_YYSTYPE_BE_VALUE(A, B, THOUSAND_F); }
 final_number(A) ::= DECIMAL(B) THOUSAND(C). { COPY_YYSTYPE_DBL_NUM(A, B, C, THOUSAND_F); }
 final_number(A) ::= WHOLE_NUMBER(B) THOUSAND(C). { COPY_YYSTYPE_BE_MUL(A, B, C, THOUSAND_F); }
+// Handle trailing 'and <less than hundred>' explicitly to avoid early reduction
+final_number(A) ::= less_than_thousand(B) THOUSAND AND less_than_hundred(C). { COPY_YYSTYPE_BE_MUL_ADD(A, B, C, THOUSAND_F); }
+final_number(A) ::= THOUSAND(B) AND less_than_hundred(C). { COPY_YYSTYPE_BE_ADD_VALUE(A, B, C, THOUSAND_F); }
 
 /* --------------------------------------
 sub thousand ordinal
diff --git a/scanner.c b/scanner.c
index bfe7c8f..c370b5b 100644
--- a/scanner.c
+++ b/scanner.c
@@ -1,4 +1,4 @@
-/* Generated by re2c 4.3 on Fri Nov  7 08:51:45 2025 */
+/* Generated by re2c 4.3 on Fri Nov  7 09:37:48 2025 */
 #line 1 "scanner.re"
 /* OmNomNum 0.0.2 -- Gobbles up numbers in strings.
  *
@@ -80,6 +80,8 @@ static int map_denom_word(const char* s, size_t n, double* den) {
     if (n==6 && !strncmp(s,"ninths",6)) { *den=9; return 1; }
     if (n==9 && !strncmp(s,"hundredth",9)) { *den=100; return 1; }
     if (n==10 && !strncmp(s,"hundredths",10)) { *den=100; return 1; }
+    if (n==13 && !strncmp(s,"quadrillionth",13)) { *den=1000000000000000.0; return 1; }
+    if (n==14 && !strncmp(s,"quadrillionths",14)) { *den=1000000000000000.0; return 1; }
     return 0;
 }
 
@@ -91,7 +93,7 @@ int omnomnum_scanner_start(ParserState *state, void *pParser, YYSTYPE *yylval, s
 fast_path:
     ss->token = ss->cursor;
     
-#line 95 "scanner.c"
+#line 97 "scanner.c"
 {
 	YYCTYPE yych;
 	unsigned int yyaccept = 0;
@@ -172,7 +174,7 @@ fast_path:
 	}
 yy1:
 	++YYCURSOR;
-#line 717 "scanner.re"
+#line 735 "scanner.re"
 	{
             if (ss->cursor >= ss->limit) {
                 // at the end of the string, so return
@@ -182,11 +184,11 @@ yy1:
             // just at a null byte in the middle of the string, so continue
             goto fast_path;
         }
-#line 186 "scanner.c"
+#line 188 "scanner.c"
 yy2:
 	++YYCURSOR;
 yy3:
-#line 745 "scanner.re"
+#line 763 "scanner.re"
 	{
             if (state->is_parsing) {
                 Parse(pParser, 0, *yylval, state);
@@ -197,7 +199,7 @@ yy3:
             state->last_token = TOKEN_ALL_OTHERS;
             goto fast_path;
         }
-#line 201 "scanner.c"
+#line 203 "scanner.c"
 yy4:
 	yych = *++YYCURSOR;
 	switch (yych) {
@@ -210,7 +212,7 @@ yy4:
 		default: goto yy5;
 	}
 yy5:
-#line 505 "scanner.re"
+#line 523 "scanner.re"
 	{
             if (!state->is_parsing) {
                 // not parsing and we've found a character. gobble it and continue
@@ -220,7 +222,7 @@ yy5:
 
             return TOKEN_SEPARATOR;
         }
-#line 224 "scanner.c"
+#line 226 "scanner.c"
 yy6:
 	yyaccept = 0;
 	yych = *(YYMARKER = ++YYCURSOR);
@@ -330,9 +332,9 @@ yy10:
 		default: goto yy11;
 	}
 yy11:
-#line 330 "scanner.re"
+#line 348 "scanner.re"
 	{ return TOKEN_ONE; }
-#line 336 "scanner.c"
+#line 338 "scanner.c"
 yy12:
 	yyaccept = 3;
 	yych = *(YYMARKER = ++YYCURSOR);
@@ -360,7 +362,7 @@ yy12:
 		default: goto yy13;
 	}
 yy13:
-#line 701 "scanner.re"
+#line 719 "scanner.re"
 	{
             // turn string version of number into double
             sds string_value = sdsnewlen(ss->token, ss->cursor - ss->token);
@@ -369,7 +371,7 @@ yy13:
 
             return TOKEN_WHOLE_NUMBER;
         }
-#line 373 "scanner.c"
+#line 375 "scanner.c"
 yy14:
 	yyaccept = 4;
 	yych = *(YYMARKER = ++YYCURSOR);
@@ -380,9 +382,9 @@ yy14:
 		default: goto yy15;
 	}
 yy15:
-#line 322 "scanner.re"
+#line 339 "scanner.re"
 	{ return TOKEN_A; }
-#line 386 "scanner.c"
+#line 388 "scanner.c"
 yy16:
 	yyaccept = 5;
 	yych = *(YYMARKER = ++YYCURSOR);
@@ -392,7 +394,7 @@ yy16:
 		default: goto yy17;
 	}
 yy17:
-#line 727 "scanner.re"
+#line 745 "scanner.re"
 	{
             if (state->is_parsing) {
                 if (state->last_token != TOKEN_SEPARATOR) {
@@ -409,7 +411,7 @@ yy17:
             state->last_token = TOKEN_CHARACTERS;
             goto fast_path;
         }
-#line 413 "scanner.c"
+#line 415 "scanner.c"
 yy18:
 	++YYCURSOR;
 	goto yy17;
@@ -544,48 +546,48 @@ yy31:
 		case 4: goto yy15;
 		case 5: goto yy17;
 		case 6: goto yy44;
-		case 7: goto yy91;
-		case 8: goto yy111;
-		case 9: goto yy113;
-		case 10: goto yy120;
-		case 11: goto yy148;
-		case 12: goto yy151;
-		case 13: goto yy158;
-		case 14: goto yy176;
-		case 15: goto yy187;
+		case 7: goto yy92;
+		case 8: goto yy112;
+		case 9: goto yy114;
+		case 10: goto yy121;
+		case 11: goto yy150;
+		case 12: goto yy153;
+		case 13: goto yy160;
+		case 14: goto yy178;
+		case 15: goto yy190;
 		case 16: goto yy35;
-		case 17: goto yy81;
-		case 18: goto yy206;
-		case 19: goto yy240;
-		case 20: goto yy254;
-		case 21: goto yy289;
-		case 22: goto yy350;
-		case 23: goto yy357;
-		case 24: goto yy368;
-		case 25: goto yy374;
-		case 26: goto yy381;
-		case 27: goto yy383;
-		case 28: goto yy417;
-		case 29: goto yy430;
-		case 30: goto yy432;
-		case 31: goto yy444;
-		case 32: goto yy453;
-		case 33: goto yy459;
-		case 34: goto yy489;
-		case 35: goto yy492;
-		case 36: goto yy494;
-		case 37: goto yy508;
-		case 38: goto yy510;
-		case 39: goto yy512;
-		case 40: goto yy550;
-		case 41: goto yy555;
-		case 42: goto yy578;
-		case 43: goto yy585;
-		case 44: goto yy587;
-		case 45: goto yy632;
-		case 46: goto yy665;
-		case 47: goto yy704;
-		default: goto yy724;
+		case 17: goto yy82;
+		case 18: goto yy209;
+		case 19: goto yy243;
+		case 20: goto yy257;
+		case 21: goto yy293;
+		case 22: goto yy355;
+		case 23: goto yy362;
+		case 24: goto yy373;
+		case 25: goto yy379;
+		case 26: goto yy386;
+		case 27: goto yy388;
+		case 28: goto yy422;
+		case 29: goto yy436;
+		case 30: goto yy438;
+		case 31: goto yy450;
+		case 32: goto yy459;
+		case 33: goto yy465;
+		case 34: goto yy496;
+		case 35: goto yy499;
+		case 36: goto yy501;
+		case 37: goto yy516;
+		case 38: goto yy518;
+		case 39: goto yy520;
+		case 40: goto yy559;
+		case 41: goto yy564;
+		case 42: goto yy588;
+		case 43: goto yy595;
+		case 44: goto yy597;
+		case 45: goto yy643;
+		case 46: goto yy679;
+		case 47: goto yy721;
+		default: goto yy741;
 	}
 yy32:
 	yych = *++YYCURSOR;
@@ -623,7 +625,7 @@ yy34:
 		default: goto yy35;
 	}
 yy35:
-#line 709 "scanner.re"
+#line 727 "scanner.re"
 	{
             // turn string version of number into double
             sds string_value = sdsnewlen(ss->token, ss->cursor - ss->token);
@@ -632,7 +634,7 @@ yy35:
 
             return TOKEN_DECIMAL;
         }
-#line 636 "scanner.c"
+#line 638 "scanner.c"
 yy36:
 	yych = *++YYCURSOR;
 yy37:
@@ -655,6 +657,8 @@ yy37:
 		case '9': goto yy72;
 		case 'P':
 		case 'p': goto yy74;
+		case 'T':
+		case 't': goto yy75;
 		default: goto yy31;
 	}
 yy38:
@@ -669,7 +673,7 @@ yy38:
 		case '6':
 		case '7':
 		case '8':
-		case '9': goto yy75;
+		case '9': goto yy76;
 		default: goto yy37;
 	}
 yy39:
@@ -684,7 +688,7 @@ yy39:
 		case '6':
 		case '7':
 		case '8':
-		case '9': goto yy76;
+		case '9': goto yy77;
 		default: goto yy31;
 	}
 yy40:
@@ -699,7 +703,7 @@ yy40:
 		case '6':
 		case '7':
 		case '8':
-		case '9': goto yy77;
+		case '9': goto yy78;
 		default: goto yy31;
 	}
 yy41:
@@ -714,7 +718,7 @@ yy41:
 		case '6':
 		case '7':
 		case '8':
-		case '9': goto yy78;
+		case '9': goto yy79;
 		default: goto yy31;
 	}
 yy42:
@@ -729,7 +733,7 @@ yy42:
 		case '6':
 		case '7':
 		case '8':
-		case '9': goto yy79;
+		case '9': goto yy80;
 		default: goto yy31;
 	}
 yy43:
@@ -745,7 +749,7 @@ yy43:
 		case '\'': goto yy39;
 		case ',': goto yy40;
 		case '.': goto yy41;
-		case '/': goto yy82;
+		case '/': goto yy83;
 		case '0':
 		case '1':
 		case '2':
@@ -755,11 +759,11 @@ yy43:
 		case '6':
 		case '7':
 		case '8':
-		case '9': goto yy83;
+		case '9': goto yy84;
 		default: goto yy44;
 	}
 yy44:
-#line 693 "scanner.re"
+#line 711 "scanner.re"
 	{
             // turn string version of number into double
             sds string_value = sdsnewlen(ss->token, ss->cursor - ss->token);
@@ -768,7 +772,7 @@ yy44:
 
             return TOKEN_ZERO_WHOLE_NUMBER;
         }
-#line 772 "scanner.c"
+#line 776 "scanner.c"
 yy45:
 	yyaccept = 3;
 	yych = *(YYMARKER = ++YYCURSOR);
@@ -782,7 +786,7 @@ yy45:
 		case '\'': goto yy39;
 		case ',': goto yy40;
 		case '.': goto yy41;
-		case '/': goto yy82;
+		case '/': goto yy83;
 		case '0':
 		case '1':
 		case '2':
@@ -792,187 +796,187 @@ yy45:
 		case '6':
 		case '7':
 		case '8':
-		case '9': goto yy84;
+		case '9': goto yy85;
 		default: goto yy13;
 	}
 yy46:
 	yych = *++YYCURSOR;
 	switch (yych) {
 		case 'B':
-		case 'b': goto yy85;
+		case 'b': goto yy86;
 		case 'H':
-		case 'h': goto yy86;
+		case 'h': goto yy87;
 		case 'M':
-		case 'm': goto yy87;
+		case 'm': goto yy88;
 		case 'Q':
-		case 'q': goto yy88;
+		case 'q': goto yy89;
 		case 'T':
-		case 't': goto yy89;
+		case 't': goto yy90;
 		default: goto yy31;
 	}
 yy47:
 	yych = *++YYCURSOR;
 	switch (yych) {
 		case 'D':
-		case 'd': goto yy90;
+		case 'd': goto yy91;
 		default: goto yy48;
 	}
 yy48:
-#line 323 "scanner.re"
+#line 340 "scanner.re"
 	{ return TOKEN_AN; }
-#line 824 "scanner.c"
+#line 828 "scanner.c"
 yy49:
 	yych = *++YYCURSOR;
 	switch (yych) {
 		case 'L':
-		case 'l': goto yy92;
+		case 'l': goto yy93;
 		default: goto yy31;
 	}
 yy50:
 	yych = *++YYCURSOR;
 	switch (yych) {
 		case 'G':
-		case 'g': goto yy93;
+		case 'g': goto yy94;
 		default: goto yy31;
 	}
 yy51:
 	yych = *++YYCURSOR;
 	switch (yych) {
 		case 'E':
-		case 'e': goto yy94;
+		case 'e': goto yy95;
 		default: goto yy31;
 	}
 yy52:
 	yych = *++YYCURSOR;
 	switch (yych) {
 		case 'F':
-		case 'f': goto yy95;
+		case 'f': goto yy96;
 		case 'R':
-		case 'r': goto yy96;
+		case 'r': goto yy97;
 		case 'V':
-		case 'v': goto yy97;
+		case 'v': goto yy98;
 		default: goto yy31;
 	}
 yy53:
 	yych = *++YYCURSOR;
 	switch (yych) {
 		case 'R':
-		case 'r': goto yy98;
+		case 'r': goto yy99;
 		case 'U':
-		case 'u': goto yy99;
+		case 'u': goto yy100;
 		default: goto yy31;
 	}
 yy54:
 	yych = *++YYCURSOR;
 	switch (yych) {
 		case 'L':
-		case 'l': goto yy100;
+		case 'l': goto yy101;
 		default: goto yy31;
 	}
 yy55:
 	yych = *++YYCURSOR;
 	switch (yych) {
 		case 'N':
-		case 'n': goto yy101;
+		case 'n': goto yy102;
 		default: goto yy31;
 	}
 yy56:
 	yych = *++YYCURSOR;
 	switch (yych) {
 		case 'L':
-		case 'l': goto yy102;
+		case 'l': goto yy103;
 		default: goto yy31;
 	}
 yy57:
 	yych = *++YYCURSOR;
 	switch (yych) {
 		case 'G':
-		case 'g': goto yy103;
+		case 'g': goto yy104;
 		default: goto yy31;
 	}
 yy58:
 	yych = *++YYCURSOR;
 	switch (yych) {
 		case 'N':
-		case 'n': goto yy104;
+		case 'n': goto yy105;
 		default: goto yy31;
 	}
 yy59:
 	yych = *++YYCURSOR;
 	switch (yych) {
 		case 'E':
-		case 'e': goto yy105;
+		case 'e': goto yy106;
 		default: goto yy31;
 	}
 yy60:
 	yych = *++YYCURSOR;
 	switch (yych) {
 		case 'I':
-		case 'i': goto yy106;
+		case 'i': goto yy107;
 		default: goto yy31;
 	}
 yy61:
 	yych = *++YYCURSOR;
 	switch (yych) {
 		case 'A':
-		case 'a': goto yy107;
+		case 'a': goto yy108;
 		default: goto yy31;
 	}
 yy62:
 	yych = *++YYCURSOR;
 	switch (yych) {
 		case 'C':
-		case 'c': goto yy108;
+		case 'c': goto yy109;
 		case 'V':
-		case 'v': goto yy109;
+		case 'v': goto yy110;
 		default: goto yy31;
 	}
 yy63:
 	yych = *++YYCURSOR;
 	switch (yych) {
 		case 'X':
-		case 'x': goto yy110;
+		case 'x': goto yy111;
 		default: goto yy31;
 	}
 yy64:
 	yych = *++YYCURSOR;
 	switch (yych) {
 		case 'N':
-		case 'n': goto yy112;
+		case 'n': goto yy113;
 		default: goto yy31;
 	}
 yy65:
 	yych = *++YYCURSOR;
 	switch (yych) {
 		case 'I':
-		case 'i': goto yy114;
+		case 'i': goto yy115;
 		case 'O':
-		case 'o': goto yy115;
+		case 'o': goto yy116;
 		case 'R':
-		case 'r': goto yy116;
+		case 'r': goto yy117;
 		default: goto yy31;
 	}
 yy66:
 	yych = *++YYCURSOR;
 	switch (yych) {
 		case 'I':
-		case 'i': goto yy117;
+		case 'i': goto yy118;
 		default: goto yy31;
 	}
 yy67:
 	yych = *++YYCURSOR;
 	switch (yych) {
 		case 'E':
-		case 'e': goto yy118;
+		case 'e': goto yy119;
 		case 'O':
-		case 'o': goto yy119;
+		case 'o': goto yy120;
 		default: goto yy31;
 	}
 yy68:
 	yych = *++YYCURSOR;
 	switch (yych) {
 		case 'R':
-		case 'r': goto yy121;
+		case 'r': goto yy122;
 		default: goto yy31;
 	}
 yy69:
@@ -987,7 +991,7 @@ yy69:
 		case '6':
 		case '7':
 		case '8':
-		case '9': goto yy122;
+		case '9': goto yy123;
 		default: goto yy31;
 	}
 yy70:
@@ -1002,7 +1006,7 @@ yy70:
 		case '6':
 		case '7':
 		case '8':
-		case '9': goto yy123;
+		case '9': goto yy124;
 		default: goto yy31;
 	}
 yy71:
@@ -1021,14 +1025,14 @@ yy71:
 		case '6':
 		case '7':
 		case '8':
-		case '9': goto yy124;
+		case '9': goto yy125;
 		default: goto yy31;
 	}
 yy72:
 	yych = *++YYCURSOR;
 yy73:
 	switch (yych) {
-		case '/': goto yy125;
+		case '/': goto yy126;
 		case '0':
 		case '1':
 		case '2':
@@ -1045,13 +1049,20 @@ yy74:
 	yych = *++YYCURSOR;
 	switch (yych) {
 		case 'O':
-		case 'o': goto yy126;
+		case 'o': goto yy127;
 		default: goto yy31;
 	}
 yy75:
 	yych = *++YYCURSOR;
 	switch (yych) {
-		case '/': goto yy125;
+		case 'H':
+		case 'h': goto yy128;
+		default: goto yy31;
+	}
+yy76:
+	yych = *++YYCURSOR;
+	switch (yych) {
+		case '/': goto yy126;
 		case '0':
 		case '1':
 		case '2':
@@ -1061,10 +1072,10 @@ yy75:
 		case '6':
 		case '7':
 		case '8':
-		case '9': goto yy127;
+		case '9': goto yy129;
 		default: goto yy31;
 	}
-yy76:
+yy77:
 	yych = *++YYCURSOR;
 	switch (yych) {
 		case '0':
@@ -1076,10 +1087,10 @@ yy76:
 		case '6':
 		case '7':
 		case '8':
-		case '9': goto yy128;
+		case '9': goto yy130;
 		default: goto yy31;
 	}
-yy77:
+yy78:
 	yych = *++YYCURSOR;
 	switch (yych) {
 		case '0':
@@ -1091,10 +1102,10 @@ yy77:
 		case '6':
 		case '7':
 		case '8':
-		case '9': goto yy129;
+		case '9': goto yy131;
 		default: goto yy31;
 	}
-yy78:
+yy79:
 	yych = *++YYCURSOR;
 	switch (yych) {
 		case '0':
@@ -1106,12 +1117,12 @@ yy78:
 		case '6':
 		case '7':
 		case '8':
-		case '9': goto yy130;
+		case '9': goto yy132;
 		default: goto yy35;
 	}
-yy79:
-	yych = *++YYCURSOR;
 yy80:
+	yych = *++YYCURSOR;
+yy81:
 	switch (yych) {
 		case '0':
 		case '1':
@@ -1122,11 +1133,11 @@ yy80:
 		case '6':
 		case '7':
 		case '8':
-		case '9': goto yy79;
-		default: goto yy81;
+		case '9': goto yy80;
+		default: goto yy82;
 	}
-yy81:
-#line 530 "scanner.re"
+yy82:
+#line 548 "scanner.re"
 	{
             if (state->is_parsing) {
                 if (state->last_token != TOKEN_SEPARATOR) {
@@ -1143,8 +1154,8 @@ yy81:
             state->last_token = TOKEN_CHARACTERS;
             goto fast_path;
         }
-#line 1147 "scanner.c"
-yy82:
+#line 1158 "scanner.c"
+yy83:
 	yych = *++YYCURSOR;
 	switch (yych) {
 		case '0':
@@ -1156,10 +1167,10 @@ yy82:
 		case '6':
 		case '7':
 		case '8':
-		case '9': goto yy131;
+		case '9': goto yy133;
 		default: goto yy31;
 	}
-yy83:
+yy84:
 	yyaccept = 6;
 	yych = *(YYMARKER = ++YYCURSOR);
 	switch (yych) {
@@ -1170,9 +1181,9 @@ yy83:
 		case '-': goto yy36;
 		case ' ': goto yy38;
 		case '\'': goto yy39;
-		case ',': goto yy132;
+		case ',': goto yy134;
 		case '.': goto yy41;
-		case '/': goto yy82;
+		case '/': goto yy83;
 		case '0':
 		case '1':
 		case '2':
@@ -1182,10 +1193,10 @@ yy83:
 		case '6':
 		case '7':
 		case '8':
-		case '9': goto yy133;
+		case '9': goto yy135;
 		default: goto yy44;
 	}
-yy84:
+yy85:
 	yyaccept = 3;
 	yych = *(YYMARKER = ++YYCURSOR);
 	switch (yych) {
@@ -1196,9 +1207,9 @@ yy84:
 		case '-': goto yy36;
 		case ' ': goto yy38;
 		case '\'': goto yy39;
-		case ',': goto yy132;
+		case ',': goto yy134;
 		case '.': goto yy41;
-		case '/': goto yy82;
+		case '/': goto yy83;
 		case '0':
 		case '1':
 		case '2':
@@ -1208,153 +1219,153 @@ yy84:
 		case '6':
 		case '7':
 		case '8':
-		case '9': goto yy134;
+		case '9': goto yy136;
 		default: goto yy13;
 	}
-yy85:
+yy86:
 	yych = *++YYCURSOR;
 	switch (yych) {
 		case 'I':
-		case 'i': goto yy135;
+		case 'i': goto yy137;
 		default: goto yy31;
 	}
-yy86:
+yy87:
 	yych = *++YYCURSOR;
 	switch (yych) {
 		case 'U':
-		case 'u': goto yy136;
+		case 'u': goto yy138;
 		default: goto yy31;
 	}
-yy87:
+yy88:
 	yych = *++YYCURSOR;
 	switch (yych) {
 		case 'I':
-		case 'i': goto yy137;
+		case 'i': goto yy139;
 		default: goto yy31;
 	}
-yy88:
+yy89:
 	yych = *++YYCURSOR;
 	switch (yych) {
 		case 'U':
-		case 'u': goto yy138;
+		case 'u': goto yy140;
 		default: goto yy31;
 	}
-yy89:
+yy90:
 	yych = *++YYCURSOR;
 	switch (yych) {
 		case 'H':
-		case 'h': goto yy139;
+		case 'h': goto yy141;
 		case 'R':
-		case 'r': goto yy140;
+		case 'r': goto yy142;
 		default: goto yy31;
 	}
-yy90:
+yy91:
 	yyaccept = 7;
 	yych = *(YYMARKER = ++YYCURSOR);
 	switch (yych) {
-		case ' ': goto yy141;
-		default: goto yy91;
+		case ' ': goto yy143;
+		default: goto yy92;
 	}
-yy91:
-#line 324 "scanner.re"
-	{ return TOKEN_AND; }
-#line 1262 "scanner.c"
 yy92:
+#line 343 "scanner.re"
+	{ return TOKEN_AND; }
+#line 1273 "scanner.c"
+yy93:
 	yych = *++YYCURSOR;
 	switch (yych) {
 		case 'L':
-		case 'l': goto yy142;
+		case 'l': goto yy144;
 		default: goto yy31;
 	}
-yy93:
+yy94:
 	yych = *++YYCURSOR;
 	switch (yych) {
 		case 'H':
-		case 'h': goto yy143;
+		case 'h': goto yy145;
 		default: goto yy31;
 	}
-yy94:
+yy95:
 	yych = *++YYCURSOR;
 	switch (yych) {
 		case 'V':
-		case 'v': goto yy144;
+		case 'v': goto yy146;
 		default: goto yy31;
 	}
-yy95:
+yy96:
 	yych = *++YYCURSOR;
 	switch (yych) {
 		case 'T':
-		case 't': goto yy145;
+		case 't': goto yy147;
 		default: goto yy31;
 	}
-yy96:
+yy97:
 	yych = *++YYCURSOR;
 	switch (yych) {
 		case 'S':
-		case 's': goto yy146;
+		case 's': goto yy148;
 		default: goto yy31;
 	}
-yy97:
+yy98:
 	yych = *++YYCURSOR;
 	switch (yych) {
 		case 'E':
-		case 'e': goto yy147;
+		case 'e': goto yy149;
 		default: goto yy31;
 	}
-yy98:
+yy99:
 	yych = *++YYCURSOR;
 	switch (yych) {
 		case 'T':
-		case 't': goto yy149;
+		case 't': goto yy151;
 		default: goto yy31;
 	}
-yy99:
+yy100:
 	yych = *++YYCURSOR;
 	switch (yych) {
 		case 'R':
-		case 'r': goto yy150;
+		case 'r': goto yy152;
 		default: goto yy31;
 	}
-yy100:
+yy101:
 	yych = *++YYCURSOR;
 	switch (yych) {
 		case 'F':
-		case 'f': goto yy152;
+		case 'f': goto yy154;
 		case 'V':
-		case 'v': goto yy153;
+		case 'v': goto yy155;
 		default: goto yy31;
 	}
-yy101:
+yy102:
 	yych = *++YYCURSOR;
 	switch (yych) {
 		case 'D':
-		case 'd': goto yy154;
+		case 'd': goto yy156;
 		default: goto yy31;
 	}
-yy102:
+yy103:
 	yych = *++YYCURSOR;
 	switch (yych) {
 		case 'L':
-		case 'l': goto yy155;
+		case 'l': goto yy157;
 		default: goto yy31;
 	}
-yy103:
+yy104:
 	yych = *++YYCURSOR;
 	switch (yych) {
 		case 'A':
-		case 'a': goto yy156;
+		case 'a': goto yy158;
 		default: goto yy31;
 	}
-yy104:
+yy105:
 	yych = *++YYCURSOR;
 	switch (yych) {
 		case 'E':
-		case 'e': goto yy157;
+		case 'e': goto yy159;
 		case 'T':
-		case 't': goto yy159;
+		case 't': goto yy161;
 		default: goto yy31;
 	}
-yy105:
+yy106:
 	yyaccept = 2;
 	yych = *(YYMARKER = ++YYCURSOR);
 	switch (yych) {
@@ -1363,40 +1374,40 @@ yy105:
 		case '\f':
 		case '\r':
 		case ' ':
-		case '-': goto yy160;
+		case '-': goto yy162;
 		default: goto yy11;
 	}
-yy106:
+yy107:
 	yych = *++YYCURSOR;
 	switch (yych) {
 		case 'N':
-		case 'n': goto yy161;
+		case 'n': goto yy163;
 		default: goto yy31;
 	}
-yy107:
+yy108:
 	yych = *++YYCURSOR;
 	switch (yych) {
 		case 'D':
-		case 'd': goto yy162;
+		case 'd': goto yy164;
 		case 'R':
-		case 'r': goto yy163;
+		case 'r': goto yy165;
 		default: goto yy31;
 	}
-yy108:
+yy109:
 	yych = *++YYCURSOR;
 	switch (yych) {
 		case 'O':
-		case 'o': goto yy164;
+		case 'o': goto yy166;
 		default: goto yy31;
 	}
-yy109:
+yy110:
 	yych = *++YYCURSOR;
 	switch (yych) {
 		case 'E':
-		case 'e': goto yy165;
+		case 'e': goto yy167;
 		default: goto yy31;
 	}
-yy110:
+yy111:
 	yyaccept = 8;
 	yych = *(YYMARKER = ++YYCURSOR);
 	switch (yych) {
@@ -1405,65 +1416,65 @@ yy110:
 		case '\f':
 		case '\r':
 		case ' ':
-		case '-': goto yy166;
+		case '-': goto yy168;
 		case 'T':
-		case 't': goto yy167;
-		default: goto yy111;
+		case 't': goto yy169;
+		default: goto yy112;
 	}
-yy111:
-#line 335 "scanner.re"
-	{ return TOKEN_SIX; }
-#line 1417 "scanner.c"
 yy112:
+#line 353 "scanner.re"
+	{ return TOKEN_SIX; }
+#line 1428 "scanner.c"
+yy113:
 	yyaccept = 9;
 	yych = *(YYMARKER = ++YYCURSOR);
 	switch (yych) {
 		case 'T':
-		case 't': goto yy168;
-		default: goto yy113;
+		case 't': goto yy170;
+		default: goto yy114;
 	}
-yy113:
-#line 339 "scanner.re"
-	{ return TOKEN_TEN; }
-#line 1429 "scanner.c"
 yy114:
+#line 357 "scanner.re"
+	{ return TOKEN_TEN; }
+#line 1440 "scanner.c"
+yy115:
 	yych = *++YYCURSOR;
 	switch (yych) {
 		case 'R':
-		case 'r': goto yy169;
+		case 'r': goto yy171;
 		default: goto yy31;
 	}
-yy115:
+yy116:
 	yych = *++YYCURSOR;
 	switch (yych) {
 		case 'U':
-		case 'u': goto yy170;
+		case 'u': goto yy172;
 		default: goto yy31;
 	}
-yy116:
+yy117:
 	yych = *++YYCURSOR;
 	switch (yych) {
 		case 'E':
-		case 'e': goto yy171;
+		case 'e': goto yy173;
 		default: goto yy31;
 	}
-yy117:
+yy118:
 	yych = *++YYCURSOR;
 	switch (yych) {
 		case 'L':
-		case 'l': goto yy172;
+		case 'l': goto yy174;
 		default: goto yy31;
 	}
-yy118:
+yy119:
 	yych = *++YYCURSOR;
 	switch (yych) {
 		case 'L':
-		case 'l': goto yy173;
+		case 'l': goto yy175;
 		case 'N':
-		case 'n': goto yy174;
+		case 'n': goto yy176;
 		default: goto yy31;
 	}
-yy119:
+yy120:
 	yyaccept = 10;
 	yych = *(YYMARKER = ++YYCURSOR);
 	switch (yych) {
@@ -1472,21 +1483,21 @@ yy119:
 		case '\f':
 		case '\r':
 		case ' ':
-		case '-': goto yy166;
-		default: goto yy120;
+		case '-': goto yy168;
+		default: goto yy121;
 	}
-yy120:
-#line 331 "scanner.re"
-	{ return TOKEN_TWO; }
-#line 1482 "scanner.c"
 yy121:
+#line 349 "scanner.re"
+	{ return TOKEN_TWO; }
+#line 1493 "scanner.c"
+yy122:
 	yych = *++YYCURSOR;
 	switch (yych) {
 		case 'O':
-		case 'o': goto yy175;
+		case 'o': goto yy177;
 		default: goto yy31;
 	}
-yy122:
+yy123:
 	yych = *++YYCURSOR;
 	switch (yych) {
 		case '0':
@@ -1498,10 +1509,10 @@ yy122:
 		case '6':
 		case '7':
 		case '8':
-		case '9': goto yy177;
+		case '9': goto yy179;
 		default: goto yy31;
 	}
-yy123:
+yy124:
 	yych = *++YYCURSOR;
 	switch (yych) {
 		case '0':
@@ -1513,15 +1524,15 @@ yy123:
 		case '6':
 		case '7':
 		case '8':
-		case '9': goto yy178;
+		case '9': goto yy180;
 		default: goto yy31;
 	}
-yy124:
+yy125:
 	yych = *++YYCURSOR;
 	switch (yych) {
 		case ' ': goto yy69;
 		case '\'': goto yy39;
-		case ',': goto yy132;
+		case ',': goto yy134;
 		case '.': goto yy70;
 		case '0':
 		case '1':
@@ -1532,10 +1543,10 @@ yy124:
 		case '6':
 		case '7':
 		case '8':
-		case '9': goto yy179;
+		case '9': goto yy181;
 		default: goto yy31;
 	}
-yy125:
+yy126:
 	yych = *++YYCURSOR;
 	switch (yych) {
 		case '0':
@@ -1547,20 +1558,27 @@ yy125:
 		case '6':
 		case '7':
 		case '8':
-		case '9': goto yy180;
+		case '9': goto yy182;
 		default: goto yy31;
 	}
-yy126:
+yy127:
 	yych = *++YYCURSOR;
 	switch (yych) {
 		case 'I':
-		case 'i': goto yy182;
+		case 'i': goto yy184;
 		default: goto yy31;
 	}
-yy127:
+yy128:
+	yych = *++YYCURSOR;
+	switch (yych) {
+		case 'O':
+		case 'o': goto yy185;
+		default: goto yy31;
+	}
+yy129:
 	yych = *++YYCURSOR;
 	switch (yych) {
-		case '/': goto yy125;
+		case '/': goto yy126;
 		case '0':
 		case '1':
 		case '2':
@@ -1570,10 +1588,10 @@ yy127:
 		case '6':
 		case '7':
 		case '8':
-		case '9': goto yy183;
+		case '9': goto yy186;
 		default: goto yy31;
 	}
-yy128:
+yy130:
 	yych = *++YYCURSOR;
 	switch (yych) {
 		case '0':
@@ -1585,13 +1603,13 @@ yy128:
 		case '6':
 		case '7':
 		case '8':
-		case '9': goto yy184;
+		case '9': goto yy187;
 		default: goto yy31;
 	}
-yy129:
+yy131:
 	yych = *++YYCURSOR;
 	switch (yych) {
-		case ',': goto yy185;
+		case ',': goto yy188;
 		case '0':
 		case '1':
 		case '2':
@@ -1601,10 +1619,10 @@ yy129:
 		case '6':
 		case '7':
 		case '8':
-		case '9': goto yy186;
+		case '9': goto yy189;
 		default: goto yy31;
 	}
-yy130:
+yy132:
 	yych = *++YYCURSOR;
 	switch (yych) {
 		case '0':
@@ -1616,10 +1634,10 @@ yy130:
 		case '6':
 		case '7':
 		case '8':
-		case '9': goto yy188;
+		case '9': goto yy191;
 		default: goto yy35;
 	}
-yy131:
+yy133:
 	yych = *++YYCURSOR;
 	switch (yych) {
 		case '0':
@@ -1631,10 +1649,10 @@ yy131:
 		case '6':
 		case '7':
 		case '8':
-		case '9': goto yy189;
-		default: goto yy81;
+		case '9': goto yy192;
+		default: goto yy82;
 	}
-yy132:
+yy134:
 	yych = *++YYCURSOR;
 	switch (yych) {
 		case '0':
@@ -1646,116 +1664,116 @@ yy132:
 		case '6':
 		case '7':
 		case '8':
-		case '9': goto yy190;
+		case '9': goto yy193;
 		default: goto yy31;
 	}
-yy133:
+yy135:
 	yyaccept = 6;
 	yych = *(YYMARKER = ++YYCURSOR);
 	switch (yych) {
-		case ',': goto yy191;
-		case '/': goto yy82;
-		default: goto yy194;
+		case ',': goto yy194;
+		case '/': goto yy83;
+		default: goto yy197;
 	}
-yy134:
+yy136:
 	yyaccept = 3;
 	yych = *(YYMARKER = ++YYCURSOR);
 	switch (yych) {
-		case ',': goto yy191;
-		case '/': goto yy82;
-		default: goto yy196;
+		case ',': goto yy194;
+		case '/': goto yy83;
+		default: goto yy199;
 	}
-yy135:
+yy137:
 	yych = *++YYCURSOR;
 	switch (yych) {
 		case 'L':
-		case 'l': goto yy197;
+		case 'l': goto yy200;
 		default: goto yy31;
 	}
-yy136:
+yy138:
 	yych = *++YYCURSOR;
 	switch (yych) {
 		case 'N':
-		case 'n': goto yy198;
+		case 'n': goto yy201;
 		default: goto yy31;
 	}
-yy137:
+yy139:
 	yych = *++YYCURSOR;
 	switch (yych) {
 		case 'L':
-		case 'l': goto yy199;
+		case 'l': goto yy202;
 		default: goto yy31;
 	}
-yy138:
+yy140:
 	yych = *++YYCURSOR;
 	switch (yych) {
 		case 'A':
-		case 'a': goto yy200;
+		case 'a': goto yy203;
 		default: goto yy31;
 	}
-yy139:
+yy141:
 	yych = *++YYCURSOR;
 	switch (yych) {
 		case 'O':
-		case 'o': goto yy201;
+		case 'o': goto yy204;
 		default: goto yy31;
 	}
-yy140:
+yy142:
 	yych = *++YYCURSOR;
 	switch (yych) {
 		case 'I':
-		case 'i': goto yy202;
+		case 'i': goto yy205;
 		default: goto yy31;
 	}
-yy141:
+yy143:
 	yych = *++YYCURSOR;
 	switch (yych) {
 		case 'A':
-		case 'a': goto yy203;
+		case 'a': goto yy206;
 		default: goto yy31;
 	}
-yy142:
+yy144:
 	yych = *++YYCURSOR;
 	switch (yych) {
 		case 'I':
-		case 'i': goto yy204;
+		case 'i': goto yy207;
 		default: goto yy31;
 	}
-yy143:
+yy145:
 	yych = *++YYCURSOR;
 	switch (yych) {
 		case 'T':
-		case 't': goto yy205;
+		case 't': goto yy208;
 		default: goto yy31;
 	}
-yy144:
+yy146:
 	yych = *++YYCURSOR;
 	switch (yych) {
 		case 'E':
-		case 'e': goto yy207;
+		case 'e': goto yy210;
 		default: goto yy31;
 	}
-yy145:
+yy147:
 	yych = *++YYCURSOR;
 	switch (yych) {
 		case 'E':
-		case 'e': goto yy208;
+		case 'e': goto yy211;
 		case 'H':
-		case 'h': goto yy209;
+		case 'h': goto yy212;
 		case 'I':
-		case 'i': goto yy211;
+		case 'i': goto yy214;
 		case 'Y':
-		case 'y': goto yy212;
+		case 'y': goto yy215;
 		default: goto yy31;
 	}
-yy146:
+yy148:
 	yych = *++YYCURSOR;
 	switch (yych) {
 		case 'T':
-		case 't': goto yy213;
+		case 't': goto yy216;
 		default: goto yy31;
 	}
-yy147:
+yy149:
 	yyaccept = 11;
 	yych = *(YYMARKER = ++YYCURSOR);
 	switch (yych) {
@@ -1764,23 +1782,23 @@ yy147:
 		case '\f':
 		case '\r':
 		case ' ':
-		case '-': goto yy166;
-		default: goto yy148;
+		case '-': goto yy168;
+		default: goto yy150;
 	}
-yy148:
-#line 334 "scanner.re"
+yy150:
+#line 352 "scanner.re"
 	{ return TOKEN_FIVE; }
-#line 1774 "scanner.c"
-yy149:
+#line 1792 "scanner.c"
+yy151:
 	yych = *++YYCURSOR;
 	switch (yych) {
 		case 'I':
-		case 'i': goto yy215;
+		case 'i': goto yy218;
 		case 'Y':
-		case 'y': goto yy216;
+		case 'y': goto yy219;
 		default: goto yy31;
 	}
-yy150:
+yy152:
 	yyaccept = 12;
 	yych = *(YYMARKER = ++YYCURSOR);
 	switch (yych) {
@@ -1789,49 +1807,49 @@ yy150:
 		case '\f':
 		case '\r':
 		case ' ':
-		case '-': goto yy166;
+		case '-': goto yy168;
 		case 'T':
-		case 't': goto yy217;
-		default: goto yy151;
+		case 't': goto yy220;
+		default: goto yy153;
 	}
-yy151:
-#line 333 "scanner.re"
+yy153:
+#line 351 "scanner.re"
 	{ return TOKEN_FOUR; }
-#line 1801 "scanner.c"
-yy152:
+#line 1819 "scanner.c"
+yy154:
 	++YYCURSOR;
-#line 441 "scanner.re"
+#line 459 "scanner.re"
 	{ return TOKEN_HALF; }
-#line 1806 "scanner.c"
-yy153:
+#line 1824 "scanner.c"
+yy155:
 	yych = *++YYCURSOR;
 	switch (yych) {
 		case 'E':
-		case 'e': goto yy218;
+		case 'e': goto yy221;
 		default: goto yy31;
 	}
-yy154:
+yy156:
 	yych = *++YYCURSOR;
 	switch (yych) {
 		case 'R':
-		case 'r': goto yy219;
+		case 'r': goto yy222;
 		default: goto yy31;
 	}
-yy155:
+yy157:
 	yych = *++YYCURSOR;
 	switch (yych) {
 		case 'I':
-		case 'i': goto yy220;
+		case 'i': goto yy223;
 		default: goto yy31;
 	}
-yy156:
+yy158:
 	yych = *++YYCURSOR;
 	switch (yych) {
 		case 'T':
-		case 't': goto yy221;
+		case 't': goto yy224;
 		default: goto yy31;
 	}
-yy157:
+yy159:
 	yyaccept = 13;
 	yych = *(YYMARKER = ++YYCURSOR);
 	switch (yych) {
@@ -1840,25 +1858,25 @@ yy157:
 		case '\f':
 		case '\r':
 		case ' ':
-		case '-': goto yy166;
+		case '-': goto yy168;
 		case 'T':
-		case 't': goto yy222;
-		default: goto yy158;
+		case 't': goto yy225;
+		default: goto yy160;
 	}
-yy158:
-#line 338 "scanner.re"
+yy160:
+#line 356 "scanner.re"
 	{ return TOKEN_NINE; }
-#line 1852 "scanner.c"
-yy159:
+#line 1870 "scanner.c"
+yy161:
 	yych = *++YYCURSOR;
 	switch (yych) {
 		case 'E':
-		case 'e': goto yy223;
+		case 'e': goto yy226;
 		case 'H':
-		case 'h': goto yy224;
+		case 'h': goto yy227;
 		default: goto yy31;
 	}
-yy160:
+yy162:
 	yych = *++YYCURSOR;
 	switch (yych) {
 		case '\t':
@@ -1866,63 +1884,63 @@ yy160:
 		case '\f':
 		case '\r':
 		case ' ':
-		case '-': goto yy160;
+		case '-': goto yy162;
 		case 'A':
-		case 'a': goto yy226;
+		case 'a': goto yy229;
 		case 'E':
-		case 'e': goto yy227;
+		case 'e': goto yy230;
 		case 'F':
-		case 'f': goto yy228;
+		case 'f': goto yy231;
 		case 'H':
-		case 'h': goto yy229;
+		case 'h': goto yy232;
 		case 'N':
-		case 'n': goto yy230;
+		case 'n': goto yy233;
 		case 'P':
-		case 'p': goto yy231;
+		case 'p': goto yy234;
 		case 'Q':
-		case 'q': goto yy232;
+		case 'q': goto yy235;
 		case 'S':
-		case 's': goto yy233;
+		case 's': goto yy236;
 		case 'T':
-		case 't': goto yy234;
+		case 't': goto yy237;
 		default: goto yy31;
 	}
-yy161:
+yy163:
 	yych = *++YYCURSOR;
 	switch (yych) {
 		case 'T':
-		case 't': goto yy235;
+		case 't': goto yy238;
 		default: goto yy31;
 	}
-yy162:
+yy164:
 	yych = *++YYCURSOR;
 	switch (yych) {
 		case 'R':
-		case 'r': goto yy236;
+		case 'r': goto yy239;
 		default: goto yy31;
 	}
-yy163:
+yy165:
 	yych = *++YYCURSOR;
 	switch (yych) {
 		case 'T':
-		case 't': goto yy237;
+		case 't': goto yy240;
 		default: goto yy31;
 	}
-yy164:
+yy166:
 	yych = *++YYCURSOR;
 	switch (yych) {
 		case 'N':
-		case 'n': goto yy238;
+		case 'n': goto yy241;
 		default: goto yy31;
 	}
-yy165:
+yy167:
 	yych = *++YYCURSOR;
 	switch (yych) {
 		case 'N':
-		case 'n': goto yy239;
+		case 'n': goto yy242;
 		default: goto yy31;
 	}
-yy166:
+yy168:
 	yych = *++YYCURSOR;
 	switch (yych) {
 		case '\t':
@@ -1930,94 +1948,94 @@ yy166:
 		case '\f':
 		case '\r':
 		case ' ':
-		case '-': goto yy166;
+		case '-': goto yy168;
 		case 'A':
-		case 'a': goto yy241;
+		case 'a': goto yy244;
 		case 'E':
-		case 'e': goto yy227;
+		case 'e': goto yy230;
 		case 'F':
-		case 'f': goto yy228;
+		case 'f': goto yy231;
 		case 'H':
-		case 'h': goto yy229;
+		case 'h': goto yy232;
 		case 'N':
-		case 'n': goto yy230;
+		case 'n': goto yy233;
 		case 'P':
-		case 'p': goto yy231;
+		case 'p': goto yy234;
 		case 'Q':
-		case 'q': goto yy232;
+		case 'q': goto yy235;
 		case 'S':
-		case 's': goto yy233;
+		case 's': goto yy236;
 		case 'T':
-		case 't': goto yy234;
+		case 't': goto yy237;
 		default: goto yy31;
 	}
-yy167:
+yy169:
 	yych = *++YYCURSOR;
 	switch (yych) {
 		case 'E':
-		case 'e': goto yy242;
+		case 'e': goto yy245;
 		case 'H':
-		case 'h': goto yy243;
+		case 'h': goto yy246;
 		case 'I':
-		case 'i': goto yy245;
+		case 'i': goto yy248;
 		case 'Y':
-		case 'y': goto yy246;
+		case 'y': goto yy249;
 		default: goto yy31;
 	}
-yy168:
+yy170:
 	yych = *++YYCURSOR;
 	switch (yych) {
 		case 'H':
-		case 'h': goto yy247;
+		case 'h': goto yy250;
 		default: goto yy31;
 	}
-yy169:
+yy171:
 	yych = *++YYCURSOR;
 	switch (yych) {
 		case 'D':
-		case 'd': goto yy249;
+		case 'd': goto yy252;
 		case 'T':
-		case 't': goto yy251;
+		case 't': goto yy254;
 		default: goto yy31;
 	}
-yy170:
+yy172:
 	yych = *++YYCURSOR;
 	switch (yych) {
 		case 'S':
-		case 's': goto yy252;
+		case 's': goto yy255;
 		default: goto yy31;
 	}
-yy171:
+yy173:
 	yych = *++YYCURSOR;
 	switch (yych) {
 		case 'E':
-		case 'e': goto yy253;
+		case 'e': goto yy256;
 		default: goto yy31;
 	}
-yy172:
+yy174:
 	yych = *++YYCURSOR;
 	switch (yych) {
 		case 'L':
-		case 'l': goto yy255;
+		case 'l': goto yy258;
 		default: goto yy31;
 	}
-yy173:
+yy175:
 	yych = *++YYCURSOR;
 	switch (yych) {
 		case 'F':
-		case 'f': goto yy256;
+		case 'f': goto yy259;
 		case 'V':
-		case 'v': goto yy257;
+		case 'v': goto yy260;
 		default: goto yy31;
 	}
-yy174:
+yy176:
 	yych = *++YYCURSOR;
 	switch (yych) {
 		case 'T':
-		case 't': goto yy258;
+		case 't': goto yy261;
 		default: goto yy31;
 	}
-yy175:
+yy177:
 	yyaccept = 14;
 	yych = *(YYMARKER = ++YYCURSOR);
 	switch (yych) {
@@ -2026,14 +2044,14 @@ yy175:
 		case '\f':
 		case '\r':
 		case ' ':
-		case '-': goto yy259;
-		default: goto yy176;
+		case '-': goto yy262;
+		default: goto yy178;
 	}
-yy176:
-#line 329 "scanner.re"
+yy178:
+#line 347 "scanner.re"
 	{ return TOKEN_ZERO; }
-#line 2036 "scanner.c"
-yy177:
+#line 2054 "scanner.c"
+yy179:
 	yych = *++YYCURSOR;
 	switch (yych) {
 		case '0':
@@ -2045,10 +2063,10 @@ yy177:
 		case '6':
 		case '7':
 		case '8':
-		case '9': goto yy260;
+		case '9': goto yy263;
 		default: goto yy31;
 	}
-yy178:
+yy180:
 	yych = *++YYCURSOR;
 	switch (yych) {
 		case '0':
@@ -2060,16 +2078,16 @@ yy178:
 		case '6':
 		case '7':
 		case '8':
-		case '9': goto yy261;
+		case '9': goto yy264;
 		default: goto yy31;
 	}
-yy179:
+yy181:
 	yych = *++YYCURSOR;
 	switch (yych) {
-		case ',': goto yy191;
+		case ',': goto yy194;
 		default: goto yy31;
 	}
-yy180:
+yy182:
 	yych = *++YYCURSOR;
 	switch (yych) {
 		case '0':
@@ -2081,11 +2099,11 @@ yy180:
 		case '6':
 		case '7':
 		case '8':
-		case '9': goto yy180;
-		default: goto yy181;
+		case '9': goto yy182;
+		default: goto yy183;
 	}
-yy181:
-#line 128 "scanner.re"
+yy183:
+#line 130 "scanner.re"
 	{
             // determine numbers by scanning substring
             const char* s = ss->token;
@@ -2112,30 +2130,37 @@ yy181:
             goto fast_path;
             #endif
         }
-#line 2116 "scanner.c"
-yy182:
+#line 2134 "scanner.c"
+yy184:
 	yych = *++YYCURSOR;
 	switch (yych) {
 		case 'N':
-		case 'n': goto yy262;
+		case 'n': goto yy265;
 		default: goto yy31;
 	}
-yy183:
+yy185:
+	yych = *++YYCURSOR;
+	switch (yych) {
+		case 'U':
+		case 'u': goto yy266;
+		default: goto yy31;
+	}
+yy186:
 	yych = *++YYCURSOR;
 	switch (yych) {
 		case ' ': goto yy69;
-		case ',': goto yy263;
-		case '.': goto yy264;
+		case ',': goto yy267;
+		case '.': goto yy268;
 		default: goto yy73;
 	}
-yy184:
+yy187:
 	yych = *++YYCURSOR;
 	switch (yych) {
 		case '\'': goto yy39;
-		case '.': goto yy265;
+		case '.': goto yy269;
 		default: goto yy31;
 	}
-yy185:
+yy188:
 	yych = *++YYCURSOR;
 	switch (yych) {
 		case '0':
@@ -2147,15 +2172,15 @@ yy185:
 		case '6':
 		case '7':
 		case '8':
-		case '9': goto yy266;
+		case '9': goto yy270;
 		default: goto yy31;
 	}
-yy186:
+yy189:
 	yyaccept = 15;
 	yych = *(YYMARKER = ++YYCURSOR);
 	switch (yych) {
-		case ',': goto yy267;
-		case '.': goto yy268;
+		case ',': goto yy271;
+		case '.': goto yy272;
 		case '0':
 		case '1':
 		case '2':
@@ -2165,12 +2190,12 @@ yy186:
 		case '6':
 		case '7':
 		case '8':
-		case '9': goto yy269;
-		case 0xC2: goto yy270;
-		default: goto yy187;
+		case '9': goto yy273;
+		case 0xC2: goto yy274;
+		default: goto yy190;
 	}
-yy187:
-#line 546 "scanner.re"
+yy190:
+#line 564 "scanner.re"
 	{
             // create duplicate of string (to be modified inplace)
             size_t token_len = ss->cursor - ss->token;
@@ -2189,20 +2214,20 @@ yy187:
 
             return TOKEN_DECIMAL;
         }
-#line 2193 "scanner.c"
-yy188:
+#line 2218 "scanner.c"
+yy191:
 	yyaccept = 16;
 	yych = *(YYMARKER = ++YYCURSOR);
 	switch (yych) {
-		case ',': goto yy271;
+		case ',': goto yy275;
 		case '.': goto yy70;
 		default: goto yy34;
 	}
-yy189:
+yy192:
 	yyaccept = 17;
 	yych = *(YYMARKER = ++YYCURSOR);
 	switch (yych) {
-		case '/': goto yy272;
+		case '/': goto yy276;
 		case '0':
 		case '1':
 		case '2':
@@ -2212,10 +2237,10 @@ yy189:
 		case '6':
 		case '7':
 		case '8':
-		case '9': goto yy273;
-		default: goto yy81;
+		case '9': goto yy277;
+		default: goto yy82;
 	}
-yy190:
+yy193:
 	yych = *++YYCURSOR;
 	switch (yych) {
 		case '0':
@@ -2227,10 +2252,10 @@ yy190:
 		case '6':
 		case '7':
 		case '8':
-		case '9': goto yy274;
+		case '9': goto yy278;
 		default: goto yy31;
 	}
-yy191:
+yy194:
 	yych = *++YYCURSOR;
 	switch (yych) {
 		case '0':
@@ -2242,10 +2267,10 @@ yy191:
 		case '6':
 		case '7':
 		case '8':
-		case '9': goto yy275;
+		case '9': goto yy279;
 		default: goto yy31;
 	}
-yy192:
+yy195:
 	yych = *++YYCURSOR;
 	switch (yych) {
 		case '0':
@@ -2260,10 +2285,10 @@ yy192:
 		case '9': goto yy33;
 		default: goto yy31;
 	}
-yy193:
+yy196:
 	yyaccept = 6;
 	yych = *(YYMARKER = ++YYCURSOR);
-yy194:
+yy197:
 	switch (yych) {
 		case '\t':
 		case '\n':
@@ -2271,7 +2296,7 @@ yy194:
 		case '\r':
 		case ' ':
 		case '-': goto yy36;
-		case '.': goto yy192;
+		case '.': goto yy195;
 		case '/': goto yy42;
 		case '0':
 		case '1':
@@ -2282,13 +2307,13 @@ yy194:
 		case '6':
 		case '7':
 		case '8':
-		case '9': goto yy193;
+		case '9': goto yy196;
 		default: goto yy44;
 	}
-yy195:
+yy198:
 	yyaccept = 3;
 	yych = *(YYMARKER = ++YYCURSOR);
-yy196:
+yy199:
 	switch (yych) {
 		case '\t':
 		case '\n':
@@ -2296,7 +2321,7 @@ yy196:
 		case '\r':
 		case ' ':
 		case '-': goto yy36;
-		case '.': goto yy192;
+		case '.': goto yy195;
 		case '/': goto yy42;
 		case '0':
 		case '1':
@@ -2307,64 +2332,64 @@ yy196:
 		case '6':
 		case '7':
 		case '8':
-		case '9': goto yy195;
+		case '9': goto yy198;
 		default: goto yy13;
 	}
-yy197:
+yy200:
 	yych = *++YYCURSOR;
 	switch (yych) {
 		case 'L':
-		case 'l': goto yy276;
+		case 'l': goto yy280;
 		default: goto yy31;
 	}
-yy198:
+yy201:
 	yych = *++YYCURSOR;
 	switch (yych) {
 		case 'D':
-		case 'd': goto yy277;
+		case 'd': goto yy281;
 		default: goto yy31;
 	}
-yy199:
+yy202:
 	yych = *++YYCURSOR;
 	switch (yych) {
 		case 'L':
-		case 'l': goto yy278;
+		case 'l': goto yy282;
 		default: goto yy31;
 	}
-yy200:
+yy203:
 	yych = *++YYCURSOR;
 	switch (yych) {
 		case 'D':
-		case 'd': goto yy279;
+		case 'd': goto yy283;
 		default: goto yy31;
 	}
-yy201:
+yy204:
 	yych = *++YYCURSOR;
 	switch (yych) {
 		case 'U':
-		case 'u': goto yy280;
+		case 'u': goto yy284;
 		default: goto yy31;
 	}
-yy202:
+yy205:
 	yych = *++YYCURSOR;
 	switch (yych) {
 		case 'L':
-		case 'l': goto yy281;
+		case 'l': goto yy285;
 		default: goto yy31;
 	}
-yy203:
+yy206:
 	++YYCURSOR;
-#line 325 "scanner.re"
+#line 342 "scanner.re"
 	{ return TOKEN_AND_A; }
-#line 2360 "scanner.c"
-yy204:
+#line 2385 "scanner.c"
+yy207:
 	yych = *++YYCURSOR;
 	switch (yych) {
 		case 'O':
-		case 'o': goto yy282;
+		case 'o': goto yy286;
 		default: goto yy31;
 	}
-yy205:
+yy208:
 	yyaccept = 18;
 	yych = *(YYMARKER = ++YYCURSOR);
 	switch (yych) {
@@ -2373,223 +2398,223 @@ yy205:
 		case '\f':
 		case '\r':
 		case ' ':
-		case '-': goto yy166;
+		case '-': goto yy168;
 		case 'E':
-		case 'e': goto yy283;
+		case 'e': goto yy287;
 		case 'H':
-		case 'h': goto yy284;
+		case 'h': goto yy288;
 		case 'I':
-		case 'i': goto yy286;
+		case 'i': goto yy290;
 		case 'Y':
-		case 'y': goto yy287;
-		default: goto yy206;
+		case 'y': goto yy291;
+		default: goto yy209;
 	}
-yy206:
-#line 337 "scanner.re"
+yy209:
+#line 355 "scanner.re"
 	{ return TOKEN_EIGHT; }
-#line 2391 "scanner.c"
-yy207:
+#line 2416 "scanner.c"
+yy210:
 	yych = *++YYCURSOR;
 	switch (yych) {
 		case 'N':
-		case 'n': goto yy288;
+		case 'n': goto yy292;
 		default: goto yy31;
 	}
-yy208:
+yy211:
 	yych = *++YYCURSOR;
 	switch (yych) {
 		case 'E':
-		case 'e': goto yy290;
+		case 'e': goto yy294;
 		default: goto yy31;
 	}
-yy209:
+yy212:
 	yych = *++YYCURSOR;
 	switch (yych) {
 		case 'S':
-		case 's': goto yy291;
-		default: goto yy210;
+		case 's': goto yy295;
+		default: goto yy213;
 	}
-yy210:
-#line 399 "scanner.re"
+yy213:
+#line 417 "scanner.re"
 	{ return TOKEN_FIFTH; }
-#line 2416 "scanner.c"
-yy211:
+#line 2441 "scanner.c"
+yy214:
 	yych = *++YYCURSOR;
 	switch (yych) {
 		case 'E':
-		case 'e': goto yy292;
+		case 'e': goto yy296;
 		default: goto yy31;
 	}
-yy212:
+yy215:
 	++YYCURSOR;
-#line 355 "scanner.re"
+#line 373 "scanner.re"
 	{ return TOKEN_FIFTY; }
-#line 2428 "scanner.c"
-yy213:
+#line 2453 "scanner.c"
+yy216:
 	yych = *++YYCURSOR;
 	switch (yych) {
 		case 'S':
-		case 's': goto yy293;
-		default: goto yy214;
+		case 's': goto yy297;
+		default: goto yy217;
 	}
-yy214:
-#line 374 "scanner.re"
+yy217:
+#line 392 "scanner.re"
 	{ return TOKEN_FIRST; }
-#line 2439 "scanner.c"
-yy215:
+#line 2464 "scanner.c"
+yy218:
 	yych = *++YYCURSOR;
 	switch (yych) {
 		case 'E':
-		case 'e': goto yy294;
+		case 'e': goto yy298;
 		default: goto yy31;
 	}
-yy216:
+yy219:
 	++YYCURSOR;
-#line 353 "scanner.re"
+#line 371 "scanner.re"
 	{ return TOKEN_FORTY; }
-#line 2451 "scanner.c"
-yy217:
+#line 2476 "scanner.c"
+yy220:
 	yych = *++YYCURSOR;
 	switch (yych) {
 		case 'E':
-		case 'e': goto yy295;
+		case 'e': goto yy299;
 		case 'H':
-		case 'h': goto yy296;
+		case 'h': goto yy300;
 		case 'I':
-		case 'i': goto yy298;
+		case 'i': goto yy302;
 		case 'Y':
-		case 'y': goto yy299;
+		case 'y': goto yy303;
 		default: goto yy31;
 	}
-yy218:
+yy221:
 	yych = *++YYCURSOR;
 	switch (yych) {
 		case 'S':
-		case 's': goto yy300;
+		case 's': goto yy304;
 		default: goto yy31;
 	}
-yy219:
+yy222:
 	yych = *++YYCURSOR;
 	switch (yych) {
 		case 'E':
-		case 'e': goto yy301;
+		case 'e': goto yy305;
 		default: goto yy31;
 	}
-yy220:
+yy223:
 	yych = *++YYCURSOR;
 	switch (yych) {
 		case 'O':
-		case 'o': goto yy302;
+		case 'o': goto yy306;
 		default: goto yy31;
 	}
-yy221:
+yy224:
 	yych = *++YYCURSOR;
 	switch (yych) {
 		case 'I':
-		case 'i': goto yy303;
+		case 'i': goto yy307;
 		default: goto yy31;
 	}
-yy222:
+yy225:
 	yych = *++YYCURSOR;
 	switch (yych) {
 		case 'E':
-		case 'e': goto yy304;
+		case 'e': goto yy308;
 		case 'H':
-		case 'h': goto yy305;
+		case 'h': goto yy309;
 		case 'I':
-		case 'i': goto yy307;
+		case 'i': goto yy311;
 		case 'Y':
-		case 'y': goto yy308;
+		case 'y': goto yy312;
 		default: goto yy31;
 	}
-yy223:
+yy226:
 	yych = *++YYCURSOR;
 	switch (yych) {
 		case 'E':
-		case 'e': goto yy309;
+		case 'e': goto yy313;
 		default: goto yy31;
 	}
-yy224:
+yy227:
 	yych = *++YYCURSOR;
 	switch (yych) {
 		case 'S':
-		case 's': goto yy310;
-		default: goto yy225;
+		case 's': goto yy314;
+		default: goto yy228;
 	}
-yy225:
-#line 404 "scanner.re"
+yy228:
+#line 422 "scanner.re"
 	{ return TOKEN_NINTH; }
-#line 2523 "scanner.c"
-yy226:
+#line 2548 "scanner.c"
+yy229:
 	yych = *++YYCURSOR;
 	switch (yych) {
 		case 'N':
-		case 'n': goto yy311;
+		case 'n': goto yy315;
 		default: goto yy31;
 	}
-yy227:
+yy230:
 	yych = *++YYCURSOR;
 	switch (yych) {
 		case 'I':
-		case 'i': goto yy312;
+		case 'i': goto yy316;
 		default: goto yy31;
 	}
-yy228:
+yy231:
 	yych = *++YYCURSOR;
 	switch (yych) {
 		case 'I':
-		case 'i': goto yy313;
+		case 'i': goto yy317;
 		case 'O':
-		case 'o': goto yy314;
+		case 'o': goto yy318;
 		default: goto yy31;
 	}
-yy229:
+yy232:
 	yych = *++YYCURSOR;
 	switch (yych) {
 		case 'A':
-		case 'a': goto yy315;
+		case 'a': goto yy319;
 		case 'U':
-		case 'u': goto yy316;
+		case 'u': goto yy320;
 		default: goto yy31;
 	}
-yy230:
+yy233:
 	yych = *++YYCURSOR;
 	switch (yych) {
 		case 'I':
-		case 'i': goto yy317;
+		case 'i': goto yy321;
 		default: goto yy31;
 	}
-yy231:
+yy234:
 	yych = *++YYCURSOR;
 	switch (yych) {
 		case 'O':
-		case 'o': goto yy318;
+		case 'o': goto yy322;
 		default: goto yy31;
 	}
-yy232:
+yy235:
 	yych = *++YYCURSOR;
 	switch (yych) {
 		case 'U':
-		case 'u': goto yy319;
+		case 'u': goto yy323;
 		default: goto yy31;
 	}
-yy233:
+yy236:
 	yych = *++YYCURSOR;
 	switch (yych) {
 		case 'E':
-		case 'e': goto yy320;
+		case 'e': goto yy324;
 		case 'I':
-		case 'i': goto yy321;
+		case 'i': goto yy325;
 		default: goto yy31;
 	}
-yy234:
+yy237:
 	yych = *++YYCURSOR;
 	switch (yych) {
 		case 'H':
-		case 'h': goto yy322;
+		case 'h': goto yy326;
 		default: goto yy31;
 	}
-yy235:
+yy238:
 	yych = *++YYCURSOR;
 	switch (yych) {
 		case '\t':
@@ -2597,31 +2622,31 @@ yy235:
 		case '\f':
 		case '\r':
 		case ' ':
-		case '-': goto yy323;
+		case '-': goto yy327;
 		default: goto yy31;
 	}
-yy236:
+yy239:
 	yych = *++YYCURSOR;
 	switch (yych) {
 		case 'I':
-		case 'i': goto yy324;
+		case 'i': goto yy328;
 		default: goto yy31;
 	}
-yy237:
+yy240:
 	yych = *++YYCURSOR;
 	switch (yych) {
 		case 'E':
-		case 'e': goto yy325;
+		case 'e': goto yy329;
 		default: goto yy31;
 	}
-yy238:
+yy241:
 	yych = *++YYCURSOR;
 	switch (yych) {
 		case 'D':
-		case 'd': goto yy326;
+		case 'd': goto yy330;
 		default: goto yy31;
 	}
-yy239:
+yy242:
 	yyaccept = 19;
 	yych = *(YYMARKER = ++YYCURSOR);
 	switch (yych) {
@@ -2630,93 +2655,93 @@ yy239:
 		case '\f':
 		case '\r':
 		case ' ':
-		case '-': goto yy166;
+		case '-': goto yy168;
 		case 'T':
-		case 't': goto yy328;
-		default: goto yy240;
+		case 't': goto yy332;
+		default: goto yy243;
 	}
-yy240:
-#line 336 "scanner.re"
+yy243:
+#line 354 "scanner.re"
 	{ return TOKEN_SEVEN; }
-#line 2642 "scanner.c"
-yy241:
+#line 2667 "scanner.c"
+yy244:
 	yych = *++YYCURSOR;
 	switch (yych) {
 		case 'N':
-		case 'n': goto yy329;
+		case 'n': goto yy333;
 		default: goto yy31;
 	}
-yy242:
+yy245:
 	yych = *++YYCURSOR;
 	switch (yych) {
 		case 'E':
-		case 'e': goto yy330;
+		case 'e': goto yy334;
 		default: goto yy31;
 	}
-yy243:
+yy246:
 	yych = *++YYCURSOR;
 	switch (yych) {
 		case 'S':
-		case 's': goto yy331;
-		default: goto yy244;
+		case 's': goto yy335;
+		default: goto yy247;
 	}
-yy244:
-#line 400 "scanner.re"
+yy247:
+#line 418 "scanner.re"
 	{ return TOKEN_SIXTH; }
-#line 2667 "scanner.c"
-yy245:
+#line 2692 "scanner.c"
+yy248:
 	yych = *++YYCURSOR;
 	switch (yych) {
 		case 'E':
-		case 'e': goto yy332;
+		case 'e': goto yy336;
 		default: goto yy31;
 	}
-yy246:
+yy249:
 	++YYCURSOR;
-#line 356 "scanner.re"
+#line 374 "scanner.re"
 	{ return TOKEN_SIXTY; }
-#line 2679 "scanner.c"
-yy247:
+#line 2704 "scanner.c"
+yy250:
 	yych = *++YYCURSOR;
 	switch (yych) {
 		case 'S':
-		case 's': goto yy333;
-		default: goto yy248;
+		case 's': goto yy337;
+		default: goto yy251;
 	}
-yy248:
-#line 406 "scanner.re"
+yy251:
+#line 424 "scanner.re"
 	{ return TOKEN_TENTH; }
-#line 2690 "scanner.c"
-yy249:
+#line 2715 "scanner.c"
+yy252:
 	yych = *++YYCURSOR;
 	switch (yych) {
 		case 'S':
-		case 's': goto yy334;
-		default: goto yy250;
+		case 's': goto yy338;
+		default: goto yy253;
 	}
-yy250:
-#line 397 "scanner.re"
+yy253:
+#line 415 "scanner.re"
 	{ return TOKEN_THIRD; }
-#line 2701 "scanner.c"
-yy251:
+#line 2726 "scanner.c"
+yy254:
 	yych = *++YYCURSOR;
 	switch (yych) {
 		case 'E':
-		case 'e': goto yy335;
+		case 'e': goto yy339;
 		case 'I':
-		case 'i': goto yy336;
+		case 'i': goto yy340;
 		case 'Y':
-		case 'y': goto yy337;
+		case 'y': goto yy341;
 		default: goto yy31;
 	}
-yy252:
+yy255:
 	yych = *++YYCURSOR;
 	switch (yych) {
 		case 'A':
-		case 'a': goto yy338;
+		case 'a': goto yy342;
 		default: goto yy31;
 	}
-yy253:
+yy256:
 	yyaccept = 20;
 	yych = *(YYMARKER = ++YYCURSOR);
 	switch (yych) {
@@ -2725,44 +2750,44 @@ yy253:
 		case '\f':
 		case '\r':
 		case ' ':
-		case '-': goto yy166;
-		default: goto yy254;
+		case '-': goto yy168;
+		default: goto yy257;
 	}
-yy254:
-#line 332 "scanner.re"
+yy257:
+#line 350 "scanner.re"
 	{ return TOKEN_THREE; }
-#line 2735 "scanner.c"
-yy255:
+#line 2760 "scanner.c"
+yy258:
 	yych = *++YYCURSOR;
 	switch (yych) {
 		case 'I':
-		case 'i': goto yy339;
+		case 'i': goto yy343;
 		default: goto yy31;
 	}
-yy256:
+yy259:
 	yych = *++YYCURSOR;
 	switch (yych) {
 		case 'T':
-		case 't': goto yy340;
+		case 't': goto yy344;
 		default: goto yy31;
 	}
-yy257:
+yy260:
 	yych = *++YYCURSOR;
 	switch (yych) {
 		case 'E':
-		case 'e': goto yy341;
+		case 'e': goto yy345;
 		default: goto yy31;
 	}
-yy258:
+yy261:
 	yych = *++YYCURSOR;
 	switch (yych) {
 		case 'I':
-		case 'i': goto yy342;
+		case 'i': goto yy346;
 		case 'Y':
-		case 'y': goto yy343;
+		case 'y': goto yy347;
 		default: goto yy31;
 	}
-yy259:
+yy262:
 	yych = *++YYCURSOR;
 	switch (yych) {
 		case '\t':
@@ -2770,34 +2795,41 @@ yy259:
 		case '\f':
 		case '\r':
 		case ' ':
-		case '-': goto yy259;
+		case '-': goto yy262;
 		case 'P':
-		case 'p': goto yy231;
+		case 'p': goto yy234;
 		default: goto yy31;
 	}
-yy260:
+yy263:
 	yych = *++YYCURSOR;
 	switch (yych) {
 		case ' ': goto yy69;
-		case ',': goto yy263;
-		case '.': goto yy264;
+		case ',': goto yy267;
+		case '.': goto yy268;
 		default: goto yy31;
 	}
-yy261:
+yy264:
 	yych = *++YYCURSOR;
 	switch (yych) {
-		case ',': goto yy271;
+		case ',': goto yy275;
 		case '.': goto yy70;
 		default: goto yy31;
 	}
-yy262:
+yy265:
 	yych = *++YYCURSOR;
 	switch (yych) {
 		case 'T':
-		case 't': goto yy344;
+		case 't': goto yy348;
 		default: goto yy31;
 	}
-yy263:
+yy266:
+	yych = *++YYCURSOR;
+	switch (yych) {
+		case 'S':
+		case 's': goto yy349;
+		default: goto yy31;
+	}
+yy267:
 	yych = *++YYCURSOR;
 	switch (yych) {
 		case '0':
@@ -2809,10 +2841,10 @@ yy263:
 		case '6':
 		case '7':
 		case '8':
-		case '9': goto yy345;
+		case '9': goto yy350;
 		default: goto yy31;
 	}
-yy264:
+yy268:
 	yych = *++YYCURSOR;
 	switch (yych) {
 		case '0':
@@ -2824,10 +2856,10 @@ yy264:
 		case '6':
 		case '7':
 		case '8':
-		case '9': goto yy347;
+		case '9': goto yy352;
 		default: goto yy31;
 	}
-yy265:
+yy269:
 	yych = *++YYCURSOR;
 	switch (yych) {
 		case '0':
@@ -2839,10 +2871,10 @@ yy265:
 		case '6':
 		case '7':
 		case '8':
-		case '9': goto yy349;
+		case '9': goto yy354;
 		default: goto yy31;
 	}
-yy266:
+yy270:
 	yych = *++YYCURSOR;
 	switch (yych) {
 		case '0':
@@ -2854,10 +2886,10 @@ yy266:
 		case '6':
 		case '7':
 		case '8':
-		case '9': goto yy351;
+		case '9': goto yy356;
 		default: goto yy31;
 	}
-yy267:
+yy271:
 	yych = *++YYCURSOR;
 	switch (yych) {
 		case '0':
@@ -2869,10 +2901,10 @@ yy267:
 		case '6':
 		case '7':
 		case '8':
-		case '9': goto yy352;
+		case '9': goto yy357;
 		default: goto yy31;
 	}
-yy268:
+yy272:
 	yych = *++YYCURSOR;
 	switch (yych) {
 		case '0':
@@ -2884,23 +2916,23 @@ yy268:
 		case '6':
 		case '7':
 		case '8':
-		case '9': goto yy353;
+		case '9': goto yy358;
 		default: goto yy31;
 	}
-yy269:
+yy273:
 	yych = *++YYCURSOR;
 	switch (yych) {
-		case ',': goto yy191;
-		case '.': goto yy354;
+		case ',': goto yy194;
+		case '.': goto yy359;
 		default: goto yy31;
 	}
-yy270:
+yy274:
 	yych = *++YYCURSOR;
 	switch (yych) {
-		case 0xB7: goto yy355;
+		case 0xB7: goto yy360;
 		default: goto yy31;
 	}
-yy271:
+yy275:
 	yych = *++YYCURSOR;
 	switch (yych) {
 		case '0':
@@ -2912,10 +2944,10 @@ yy271:
 		case '6':
 		case '7':
 		case '8':
-		case '9': goto yy356;
+		case '9': goto yy361;
 		default: goto yy31;
 	}
-yy272:
+yy276:
 	yych = *++YYCURSOR;
 	switch (yych) {
 		case '0':
@@ -2927,14 +2959,14 @@ yy272:
 		case '6':
 		case '7':
 		case '8':
-		case '9': goto yy358;
+		case '9': goto yy363;
 		default: goto yy31;
 	}
-yy273:
+yy277:
 	yyaccept = 17;
 	yych = *(YYMARKER = ++YYCURSOR);
 	switch (yych) {
-		case '/': goto yy272;
+		case '/': goto yy276;
 		case '0':
 		case '1':
 		case '2':
@@ -2944,10 +2976,10 @@ yy273:
 		case '6':
 		case '7':
 		case '8':
-		case '9': goto yy359;
-		default: goto yy81;
+		case '9': goto yy364;
+		default: goto yy82;
 	}
-yy274:
+yy278:
 	yych = *++YYCURSOR;
 	switch (yych) {
 		case '0':
@@ -2959,10 +2991,10 @@ yy274:
 		case '6':
 		case '7':
 		case '8':
-		case '9': goto yy186;
+		case '9': goto yy189;
 		default: goto yy31;
 	}
-yy275:
+yy279:
 	yych = *++YYCURSOR;
 	switch (yych) {
 		case '0':
@@ -2974,314 +3006,314 @@ yy275:
 		case '6':
 		case '7':
 		case '8':
-		case '9': goto yy360;
+		case '9': goto yy365;
 		default: goto yy31;
 	}
-yy276:
+yy280:
 	yych = *++YYCURSOR;
 	switch (yych) {
 		case 'I':
-		case 'i': goto yy361;
+		case 'i': goto yy366;
 		default: goto yy31;
 	}
-yy277:
+yy281:
 	yych = *++YYCURSOR;
 	switch (yych) {
 		case 'R':
-		case 'r': goto yy362;
+		case 'r': goto yy367;
 		default: goto yy31;
 	}
-yy278:
+yy282:
 	yych = *++YYCURSOR;
 	switch (yych) {
 		case 'I':
-		case 'i': goto yy363;
+		case 'i': goto yy368;
 		default: goto yy31;
 	}
-yy279:
+yy283:
 	yych = *++YYCURSOR;
 	switch (yych) {
 		case 'R':
-		case 'r': goto yy364;
+		case 'r': goto yy369;
 		default: goto yy31;
 	}
-yy280:
+yy284:
 	yych = *++YYCURSOR;
 	switch (yych) {
 		case 'S':
-		case 's': goto yy365;
+		case 's': goto yy370;
 		default: goto yy31;
 	}
-yy281:
+yy285:
 	yych = *++YYCURSOR;
 	switch (yych) {
 		case 'L':
-		case 'l': goto yy366;
+		case 'l': goto yy371;
 		default: goto yy31;
 	}
-yy282:
+yy286:
 	yych = *++YYCURSOR;
 	switch (yych) {
 		case 'N':
-		case 'n': goto yy367;
+		case 'n': goto yy372;
 		default: goto yy31;
 	}
-yy283:
+yy287:
 	yych = *++YYCURSOR;
 	switch (yych) {
 		case 'E':
-		case 'e': goto yy369;
+		case 'e': goto yy374;
 		default: goto yy31;
 	}
-yy284:
+yy288:
 	yych = *++YYCURSOR;
 	switch (yych) {
 		case 'S':
-		case 's': goto yy370;
-		default: goto yy285;
+		case 's': goto yy375;
+		default: goto yy289;
 	}
-yy285:
-#line 402 "scanner.re"
+yy289:
+#line 420 "scanner.re"
 	{ return TOKEN_EIGHTH; }
-#line 3047 "scanner.c"
-yy286:
+#line 3079 "scanner.c"
+yy290:
 	yych = *++YYCURSOR;
 	switch (yych) {
 		case 'E':
-		case 'e': goto yy371;
+		case 'e': goto yy376;
 		default: goto yy31;
 	}
-yy287:
+yy291:
 	++YYCURSOR;
-#line 358 "scanner.re"
+#line 376 "scanner.re"
 	{ return TOKEN_EIGHTY; }
-#line 3059 "scanner.c"
-yy288:
+#line 3091 "scanner.c"
+yy292:
 	yyaccept = 21;
 	yych = *(YYMARKER = ++YYCURSOR);
 	switch (yych) {
 		case 'T':
-		case 't': goto yy372;
-		default: goto yy289;
+		case 't': goto yy377;
+		default: goto yy293;
 	}
-yy289:
-#line 340 "scanner.re"
+yy293:
+#line 358 "scanner.re"
 	{ return TOKEN_ELEVEN; }
-#line 3071 "scanner.c"
-yy290:
+#line 3103 "scanner.c"
+yy294:
 	yych = *++YYCURSOR;
 	switch (yych) {
 		case 'N':
-		case 'n': goto yy373;
+		case 'n': goto yy378;
 		default: goto yy31;
 	}
-yy291:
+yy295:
 	++YYCURSOR;
-#line 468 "scanner.re"
+#line 486 "scanner.re"
 	{ return TOKEN_FIFTHS; }
-#line 3083 "scanner.c"
-yy292:
+#line 3115 "scanner.c"
+yy296:
 	yych = *++YYCURSOR;
 	switch (yych) {
 		case 'T':
-		case 't': goto yy375;
+		case 't': goto yy380;
 		default: goto yy31;
 	}
-yy293:
+yy297:
 	++YYCURSOR;
-#line 443 "scanner.re"
+#line 461 "scanner.re"
 	{ return TOKEN_FIRSTS; }
-#line 3095 "scanner.c"
-yy294:
+#line 3127 "scanner.c"
+yy298:
 	yych = *++YYCURSOR;
 	switch (yych) {
 		case 'T':
-		case 't': goto yy376;
+		case 't': goto yy381;
 		default: goto yy31;
 	}
-yy295:
+yy299:
 	yych = *++YYCURSOR;
 	switch (yych) {
 		case 'E':
-		case 'e': goto yy377;
+		case 'e': goto yy382;
 		default: goto yy31;
 	}
-yy296:
+yy300:
 	yych = *++YYCURSOR;
 	switch (yych) {
 		case 'S':
-		case 's': goto yy378;
-		default: goto yy297;
+		case 's': goto yy383;
+		default: goto yy301;
 	}
-yy297:
-#line 398 "scanner.re"
+yy301:
+#line 416 "scanner.re"
 	{ return TOKEN_FOURTH; }
-#line 3120 "scanner.c"
-yy298:
+#line 3152 "scanner.c"
+yy302:
 	yych = *++YYCURSOR;
 	switch (yych) {
 		case 'E':
-		case 'e': goto yy379;
+		case 'e': goto yy384;
 		default: goto yy31;
 	}
-yy299:
+yy303:
 	++YYCURSOR;
-#line 354 "scanner.re"
+#line 372 "scanner.re"
 	{ return TOKEN_FORTY; }
-#line 3132 "scanner.c"
-yy300:
+#line 3164 "scanner.c"
+yy304:
 	++YYCURSOR;
-#line 503 "scanner.re"
+#line 521 "scanner.re"
 	{ return TOKEN_HALVES; }
-#line 3137 "scanner.c"
-yy301:
+#line 3169 "scanner.c"
+yy305:
 	yych = *++YYCURSOR;
 	switch (yych) {
 		case 'D':
-		case 'd': goto yy380;
+		case 'd': goto yy385;
 		default: goto yy31;
 	}
-yy302:
+yy306:
 	yych = *++YYCURSOR;
 	switch (yych) {
 		case 'N':
-		case 'n': goto yy382;
+		case 'n': goto yy387;
 		default: goto yy31;
 	}
-yy303:
+yy307:
 	yych = *++YYCURSOR;
 	switch (yych) {
 		case 'V':
-		case 'v': goto yy384;
+		case 'v': goto yy389;
 		default: goto yy31;
 	}
-yy304:
+yy308:
 	yych = *++YYCURSOR;
 	switch (yych) {
 		case 'E':
-		case 'e': goto yy385;
+		case 'e': goto yy390;
 		default: goto yy31;
 	}
-yy305:
+yy309:
 	yych = *++YYCURSOR;
 	switch (yych) {
 		case 'S':
-		case 's': goto yy386;
-		default: goto yy306;
+		case 's': goto yy391;
+		default: goto yy310;
 	}
-yy306:
-#line 403 "scanner.re"
+yy310:
+#line 421 "scanner.re"
 	{ return TOKEN_NINTH; }
-#line 3176 "scanner.c"
-yy307:
+#line 3208 "scanner.c"
+yy311:
 	yych = *++YYCURSOR;
 	switch (yych) {
 		case 'E':
-		case 'e': goto yy387;
+		case 'e': goto yy392;
 		default: goto yy31;
 	}
-yy308:
+yy312:
 	++YYCURSOR;
-#line 359 "scanner.re"
+#line 377 "scanner.re"
 	{ return TOKEN_NINETY; }
-#line 3188 "scanner.c"
-yy309:
+#line 3220 "scanner.c"
+yy313:
 	yych = *++YYCURSOR;
 	switch (yych) {
 		case 'N':
-		case 'n': goto yy388;
+		case 'n': goto yy393;
 		default: goto yy31;
 	}
-yy310:
+yy314:
 	++YYCURSOR;
-#line 473 "scanner.re"
+#line 491 "scanner.re"
 	{ return TOKEN_NINTHS; }
-#line 3200 "scanner.c"
-yy311:
+#line 3232 "scanner.c"
+yy315:
 	yych = *++YYCURSOR;
 	switch (yych) {
 		case 'D':
-		case 'd': goto yy389;
+		case 'd': goto yy394;
 		default: goto yy31;
 	}
-yy312:
+yy316:
 	yych = *++YYCURSOR;
 	switch (yych) {
 		case 'G':
-		case 'g': goto yy390;
+		case 'g': goto yy395;
 		default: goto yy31;
 	}
-yy313:
+yy317:
 	yych = *++YYCURSOR;
 	switch (yych) {
 		case 'F':
-		case 'f': goto yy391;
+		case 'f': goto yy396;
 		default: goto yy31;
 	}
-yy314:
+yy318:
 	yych = *++YYCURSOR;
 	switch (yych) {
 		case 'U':
-		case 'u': goto yy392;
+		case 'u': goto yy397;
 		default: goto yy31;
 	}
-yy315:
+yy319:
 	yych = *++YYCURSOR;
 	switch (yych) {
 		case 'L':
-		case 'l': goto yy393;
+		case 'l': goto yy398;
 		default: goto yy31;
 	}
-yy316:
+yy320:
 	yych = *++YYCURSOR;
 	switch (yych) {
 		case 'N':
-		case 'n': goto yy394;
+		case 'n': goto yy399;
 		default: goto yy31;
 	}
-yy317:
+yy321:
 	yych = *++YYCURSOR;
 	switch (yych) {
 		case 'N':
-		case 'n': goto yy391;
+		case 'n': goto yy396;
 		default: goto yy31;
 	}
-yy318:
+yy322:
 	yych = *++YYCURSOR;
 	switch (yych) {
 		case 'I':
-		case 'i': goto yy395;
+		case 'i': goto yy400;
 		default: goto yy31;
 	}
-yy319:
+yy323:
 	yych = *++YYCURSOR;
 	switch (yych) {
 		case 'A':
-		case 'a': goto yy396;
+		case 'a': goto yy401;
 		default: goto yy31;
 	}
-yy320:
+yy324:
 	yych = *++YYCURSOR;
 	switch (yych) {
 		case 'V':
-		case 'v': goto yy397;
+		case 'v': goto yy402;
 		default: goto yy31;
 	}
-yy321:
+yy325:
 	yych = *++YYCURSOR;
 	switch (yych) {
 		case 'X':
-		case 'x': goto yy391;
+		case 'x': goto yy396;
 		default: goto yy31;
 	}
-yy322:
+yy326:
 	yych = *++YYCURSOR;
 	switch (yych) {
 		case 'I':
-		case 'i': goto yy398;
+		case 'i': goto yy403;
 		default: goto yy31;
 	}
-yy323:
+yy327:
 	yych = *++YYCURSOR;
 	switch (yych) {
 		case '\t':
@@ -3289,46 +3321,46 @@ yy323:
 		case '\f':
 		case '\r':
 		case ' ':
-		case '-': goto yy323;
+		case '-': goto yy327;
 		case 'E':
-		case 'e': goto yy399;
+		case 'e': goto yy404;
 		case 'F':
-		case 'f': goto yy400;
+		case 'f': goto yy405;
 		case 'N':
-		case 'n': goto yy401;
+		case 'n': goto yy406;
 		case 'O':
-		case 'o': goto yy402;
+		case 'o': goto yy407;
 		case 'S':
-		case 's': goto yy403;
+		case 's': goto yy408;
 		case 'T':
-		case 't': goto yy404;
+		case 't': goto yy409;
 		case 'Z':
-		case 'z': goto yy405;
+		case 'z': goto yy410;
 		default: goto yy31;
 	}
-yy324:
+yy328:
 	yych = *++YYCURSOR;
 	switch (yych) {
 		case 'L':
-		case 'l': goto yy406;
+		case 'l': goto yy411;
 		default: goto yy31;
 	}
-yy325:
+yy329:
 	yych = *++YYCURSOR;
 	switch (yych) {
 		case 'R':
-		case 'r': goto yy407;
+		case 'r': goto yy412;
 		default: goto yy31;
 	}
-yy326:
+yy330:
 	yych = *++YYCURSOR;
 	switch (yych) {
 		case 'S':
-		case 's': goto yy409;
-		default: goto yy327;
+		case 's': goto yy414;
+		default: goto yy331;
 	}
-yy327:
-#line 375 "scanner.re"
+yy331:
+#line 393 "scanner.re"
 	{
             if (!state->parse_second) {
                 // dont' parse "second" by default. easiest way to do this is to
@@ -3351,114 +3383,114 @@ yy327:
                 return TOKEN_SECOND;
             }
         }
-#line 3355 "scanner.c"
-yy328:
+#line 3387 "scanner.c"
+yy332:
 	yych = *++YYCURSOR;
 	switch (yych) {
 		case 'E':
-		case 'e': goto yy410;
+		case 'e': goto yy415;
 		case 'H':
-		case 'h': goto yy411;
+		case 'h': goto yy416;
 		case 'I':
-		case 'i': goto yy413;
+		case 'i': goto yy418;
 		case 'Y':
-		case 'y': goto yy414;
+		case 'y': goto yy419;
 		default: goto yy31;
 	}
-yy329:
+yy333:
 	yych = *++YYCURSOR;
 	switch (yych) {
 		case 'D':
-		case 'd': goto yy415;
+		case 'd': goto yy420;
 		default: goto yy31;
 	}
-yy330:
+yy334:
 	yych = *++YYCURSOR;
 	switch (yych) {
 		case 'N':
-		case 'n': goto yy416;
+		case 'n': goto yy421;
 		default: goto yy31;
 	}
-yy331:
+yy335:
 	++YYCURSOR;
-#line 469 "scanner.re"
+#line 487 "scanner.re"
 	{ return TOKEN_SIXTHS; }
-#line 3387 "scanner.c"
-yy332:
+#line 3419 "scanner.c"
+yy336:
 	yych = *++YYCURSOR;
 	switch (yych) {
 		case 'T':
-		case 't': goto yy418;
+		case 't': goto yy423;
 		default: goto yy31;
 	}
-yy333:
+yy337:
 	++YYCURSOR;
-#line 475 "scanner.re"
+#line 493 "scanner.re"
 	{ return TOKEN_TENTHS; }
-#line 3399 "scanner.c"
-yy334:
+#line 3431 "scanner.c"
+yy338:
 	++YYCURSOR;
-#line 466 "scanner.re"
+#line 484 "scanner.re"
 	{ return TOKEN_THIRDS; }
-#line 3404 "scanner.c"
-yy335:
+#line 3436 "scanner.c"
+yy339:
 	yych = *++YYCURSOR;
 	switch (yych) {
 		case 'E':
-		case 'e': goto yy419;
+		case 'e': goto yy424;
 		default: goto yy31;
 	}
-yy336:
+yy340:
 	yych = *++YYCURSOR;
 	switch (yych) {
 		case 'E':
-		case 'e': goto yy420;
+		case 'e': goto yy425;
 		default: goto yy31;
 	}
-yy337:
+yy341:
 	++YYCURSOR;
-#line 352 "scanner.re"
+#line 370 "scanner.re"
 	{ return TOKEN_THIRTY; }
-#line 3423 "scanner.c"
-yy338:
+#line 3455 "scanner.c"
+yy342:
 	yych = *++YYCURSOR;
 	switch (yych) {
 		case 'N':
-		case 'n': goto yy421;
+		case 'n': goto yy426;
 		default: goto yy31;
 	}
-yy339:
+yy343:
 	yych = *++YYCURSOR;
 	switch (yych) {
 		case 'O':
-		case 'o': goto yy422;
+		case 'o': goto yy427;
 		default: goto yy31;
 	}
-yy340:
+yy344:
 	yych = *++YYCURSOR;
 	switch (yych) {
 		case 'H':
-		case 'h': goto yy423;
+		case 'h': goto yy428;
 		default: goto yy31;
 	}
-yy341:
+yy345:
 	++YYCURSOR;
-#line 341 "scanner.re"
+#line 359 "scanner.re"
 	{ return TOKEN_TWELVE; }
-#line 3449 "scanner.c"
-yy342:
+#line 3481 "scanner.c"
+yy346:
 	yych = *++YYCURSOR;
 	switch (yych) {
 		case 'E':
-		case 'e': goto yy425;
+		case 'e': goto yy430;
 		default: goto yy31;
 	}
-yy343:
+yy347:
 	++YYCURSOR;
-#line 351 "scanner.re"
+#line 369 "scanner.re"
 	{ return TOKEN_TWENTY; }
-#line 3461 "scanner.c"
-yy344:
+#line 3493 "scanner.c"
+yy348:
 	yych = *++YYCURSOR;
 	switch (yych) {
 		case '\t':
@@ -3466,10 +3498,17 @@ yy344:
 		case '\f':
 		case '\r':
 		case ' ':
-		case '-': goto yy426;
+		case '-': goto yy431;
 		default: goto yy31;
 	}
-yy345:
+yy349:
+	yych = *++YYCURSOR;
+	switch (yych) {
+		case 'A':
+		case 'a': goto yy432;
+		default: goto yy31;
+	}
+yy350:
 	yych = *++YYCURSOR;
 	switch (yych) {
 		case '0':
@@ -3481,11 +3520,11 @@ yy345:
 		case '6':
 		case '7':
 		case '8':
-		case '9': goto yy345;
-		default: goto yy346;
+		case '9': goto yy350;
+		default: goto yy351;
 	}
-yy346:
-#line 582 "scanner.re"
+yy351:
+#line 600 "scanner.re"
 	{
             // create duplicate of string (to be modified inplace)
             size_t token_len = ss->cursor - ss->token;
@@ -3505,8 +3544,8 @@ yy346:
 
             return TOKEN_DECIMAL;
         }
-#line 3509 "scanner.c"
-yy347:
+#line 3548 "scanner.c"
+yy352:
 	yych = *++YYCURSOR;
 	switch (yych) {
 		case '0':
@@ -3518,11 +3557,11 @@ yy347:
 		case '6':
 		case '7':
 		case '8':
-		case '9': goto yy347;
-		default: goto yy348;
+		case '9': goto yy352;
+		default: goto yy353;
 	}
-yy348:
-#line 564 "scanner.re"
+yy353:
+#line 582 "scanner.re"
 	{
             // create duplicate of string (to be modified inplace)
             size_t token_len = ss->cursor - ss->token;
@@ -3541,12 +3580,12 @@ yy348:
 
             return TOKEN_DECIMAL;
         }
-#line 3545 "scanner.c"
-yy349:
+#line 3584 "scanner.c"
+yy354:
 	yyaccept = 22;
 	yych = *(YYMARKER = ++YYCURSOR);
 	switch (yych) {
-		case '.': goto yy265;
+		case '.': goto yy269;
 		case '0':
 		case '1':
 		case '2':
@@ -3556,11 +3595,11 @@ yy349:
 		case '6':
 		case '7':
 		case '8':
-		case '9': goto yy349;
-		default: goto yy350;
+		case '9': goto yy354;
+		default: goto yy355;
 	}
-yy350:
-#line 657 "scanner.re"
+yy355:
+#line 675 "scanner.re"
 	{
             // create duplicate of string (to be modified inplace)
             size_t token_len = ss->cursor - ss->token;
@@ -3579,11 +3618,11 @@ yy350:
 
             return TOKEN_DECIMAL;
         }
-#line 3583 "scanner.c"
-yy351:
+#line 3622 "scanner.c"
+yy356:
 	yych = *++YYCURSOR;
 	switch (yych) {
-		case ',': goto yy185;
+		case ',': goto yy188;
 		case '0':
 		case '1':
 		case '2':
@@ -3593,10 +3632,10 @@ yy351:
 		case '6':
 		case '7':
 		case '8':
-		case '9': goto yy427;
+		case '9': goto yy433;
 		default: goto yy31;
 	}
-yy352:
+yy357:
 	yych = *++YYCURSOR;
 	switch (yych) {
 		case '0':
@@ -3608,14 +3647,14 @@ yy352:
 		case '6':
 		case '7':
 		case '8':
-		case '9': goto yy428;
+		case '9': goto yy434;
 		default: goto yy31;
 	}
-yy353:
+yy358:
 	yyaccept = 15;
 	yych = *(YYMARKER = ++YYCURSOR);
 	switch (yych) {
-		case '.': goto yy268;
+		case '.': goto yy272;
 		case '0':
 		case '1':
 		case '2':
@@ -3625,10 +3664,10 @@ yy353:
 		case '6':
 		case '7':
 		case '8':
-		case '9': goto yy353;
-		default: goto yy187;
+		case '9': goto yy358;
+		default: goto yy190;
 	}
-yy354:
+yy359:
 	yych = *++YYCURSOR;
 	switch (yych) {
 		case '0':
@@ -3640,10 +3679,10 @@ yy354:
 		case '6':
 		case '7':
 		case '8':
-		case '9': goto yy429;
+		case '9': goto yy435;
 		default: goto yy31;
 	}
-yy355:
+yy360:
 	yych = *++YYCURSOR;
 	switch (yych) {
 		case '0':
@@ -3655,14 +3694,14 @@ yy355:
 		case '6':
 		case '7':
 		case '8':
-		case '9': goto yy431;
+		case '9': goto yy437;
 		default: goto yy31;
 	}
-yy356:
+yy361:
 	yyaccept = 23;
 	yych = *(YYMARKER = ++YYCURSOR);
 	switch (yych) {
-		case ',': goto yy271;
+		case ',': goto yy275;
 		case '0':
 		case '1':
 		case '2':
@@ -3672,11 +3711,11 @@ yy356:
 		case '6':
 		case '7':
 		case '8':
-		case '9': goto yy356;
-		default: goto yy357;
+		case '9': goto yy361;
+		default: goto yy362;
 	}
-yy357:
-#line 620 "scanner.re"
+yy362:
+#line 638 "scanner.re"
 	{
             // create duplicate of string (to be modified inplace)
             size_t token_len = ss->cursor - ss->token;
@@ -3696,8 +3735,8 @@ yy357:
 
             return TOKEN_DECIMAL;
         }
-#line 3700 "scanner.c"
-yy358:
+#line 3739 "scanner.c"
+yy363:
 	yych = *++YYCURSOR;
 	switch (yych) {
 		case '0':
@@ -3709,17 +3748,17 @@ yy358:
 		case '6':
 		case '7':
 		case '8':
-		case '9': goto yy433;
+		case '9': goto yy439;
 		default: goto yy31;
 	}
-yy359:
+yy364:
 	yyaccept = 17;
 	yych = *(YYMARKER = ++YYCURSOR);
 	switch (yych) {
-		case '/': goto yy272;
-		default: goto yy80;
+		case '/': goto yy276;
+		default: goto yy81;
 	}
-yy360:
+yy365:
 	yych = *++YYCURSOR;
 	switch (yych) {
 		case '0':
@@ -3731,190 +3770,190 @@ yy360:
 		case '6':
 		case '7':
 		case '8':
-		case '9': goto yy435;
+		case '9': goto yy441;
 		default: goto yy31;
 	}
-yy361:
+yy366:
 	yych = *++YYCURSOR;
 	switch (yych) {
 		case 'O':
-		case 'o': goto yy436;
+		case 'o': goto yy442;
 		default: goto yy31;
 	}
-yy362:
+yy367:
 	yych = *++YYCURSOR;
 	switch (yych) {
 		case 'E':
-		case 'e': goto yy437;
+		case 'e': goto yy443;
 		default: goto yy31;
 	}
-yy363:
+yy368:
 	yych = *++YYCURSOR;
 	switch (yych) {
 		case 'O':
-		case 'o': goto yy438;
+		case 'o': goto yy444;
 		default: goto yy31;
 	}
-yy364:
+yy369:
 	yych = *++YYCURSOR;
 	switch (yych) {
 		case 'I':
-		case 'i': goto yy439;
+		case 'i': goto yy445;
 		default: goto yy31;
 	}
-yy365:
+yy370:
 	yych = *++YYCURSOR;
 	switch (yych) {
 		case 'A':
-		case 'a': goto yy440;
+		case 'a': goto yy446;
 		default: goto yy31;
 	}
-yy366:
+yy371:
 	yych = *++YYCURSOR;
 	switch (yych) {
 		case 'I':
-		case 'i': goto yy441;
+		case 'i': goto yy447;
 		default: goto yy31;
 	}
-yy367:
+yy372:
 	yyaccept = 24;
 	yych = *(YYMARKER = ++YYCURSOR);
 	switch (yych) {
 		case 'T':
-		case 't': goto yy442;
-		default: goto yy368;
+		case 't': goto yy448;
+		default: goto yy373;
 	}
-yy368:
-#line 368 "scanner.re"
+yy373:
+#line 386 "scanner.re"
 	{ return TOKEN_BILLION; }
-#line 3791 "scanner.c"
-yy369:
+#line 3830 "scanner.c"
+yy374:
 	yych = *++YYCURSOR;
 	switch (yych) {
 		case 'N':
-		case 'n': goto yy443;
+		case 'n': goto yy449;
 		default: goto yy31;
 	}
-yy370:
+yy375:
 	++YYCURSOR;
-#line 471 "scanner.re"
+#line 489 "scanner.re"
 	{ return TOKEN_EIGHTHS; }
-#line 3803 "scanner.c"
-yy371:
+#line 3842 "scanner.c"
+yy376:
 	yych = *++YYCURSOR;
 	switch (yych) {
 		case 'T':
-		case 't': goto yy445;
+		case 't': goto yy451;
 		default: goto yy31;
 	}
-yy372:
+yy377:
 	yych = *++YYCURSOR;
 	switch (yych) {
 		case 'H':
-		case 'h': goto yy446;
+		case 'h': goto yy452;
 		default: goto yy31;
 	}
-yy373:
+yy378:
 	yyaccept = 25;
 	yych = *(YYMARKER = ++YYCURSOR);
 	switch (yych) {
 		case 'T':
-		case 't': goto yy448;
-		default: goto yy374;
+		case 't': goto yy454;
+		default: goto yy379;
 	}
-yy374:
-#line 344 "scanner.re"
+yy379:
+#line 362 "scanner.re"
 	{ return TOKEN_FIFTEEN; }
-#line 3829 "scanner.c"
-yy375:
+#line 3868 "scanner.c"
+yy380:
 	yych = *++YYCURSOR;
 	switch (yych) {
 		case 'H':
-		case 'h': goto yy449;
+		case 'h': goto yy455;
 		default: goto yy31;
 	}
-yy376:
+yy381:
 	yych = *++YYCURSOR;
 	switch (yych) {
 		case 'H':
-		case 'h': goto yy451;
+		case 'h': goto yy457;
 		default: goto yy31;
 	}
-yy377:
+yy382:
 	yych = *++YYCURSOR;
 	switch (yych) {
 		case 'N':
-		case 'n': goto yy452;
+		case 'n': goto yy458;
 		default: goto yy31;
 	}
-yy378:
+yy383:
 	++YYCURSOR;
-#line 467 "scanner.re"
+#line 485 "scanner.re"
 	{ return TOKEN_FOURTHS; }
-#line 3855 "scanner.c"
-yy379:
+#line 3894 "scanner.c"
+yy384:
 	yych = *++YYCURSOR;
 	switch (yych) {
 		case 'T':
-		case 't': goto yy454;
+		case 't': goto yy460;
 		default: goto yy31;
 	}
-yy380:
+yy385:
 	yyaccept = 26;
 	yych = *(YYMARKER = ++YYCURSOR);
 	switch (yych) {
 		case 'T':
-		case 't': goto yy455;
-		default: goto yy381;
+		case 't': goto yy461;
+		default: goto yy386;
 	}
-yy381:
-#line 362 "scanner.re"
+yy386:
+#line 380 "scanner.re"
 	{ return TOKEN_HUNDRED; }
-#line 3874 "scanner.c"
-yy382:
+#line 3913 "scanner.c"
+yy387:
 	yyaccept = 27;
 	yych = *(YYMARKER = ++YYCURSOR);
 	switch (yych) {
 		case 'T':
-		case 't': goto yy456;
-		default: goto yy383;
+		case 't': goto yy462;
+		default: goto yy388;
 	}
-yy383:
-#line 366 "scanner.re"
+yy388:
+#line 384 "scanner.re"
 	{ return TOKEN_MILLION; }
-#line 3886 "scanner.c"
-yy384:
+#line 3925 "scanner.c"
+yy389:
 	yych = *++YYCURSOR;
 	switch (yych) {
 		case 'E':
-		case 'e': goto yy457;
+		case 'e': goto yy463;
 		default: goto yy31;
 	}
-yy385:
+yy390:
 	yych = *++YYCURSOR;
 	switch (yych) {
 		case 'N':
-		case 'n': goto yy458;
+		case 'n': goto yy464;
 		default: goto yy31;
 	}
-yy386:
+yy391:
 	++YYCURSOR;
-#line 472 "scanner.re"
+#line 490 "scanner.re"
 	{ return TOKEN_NINTHS; }
-#line 3905 "scanner.c"
-yy387:
+#line 3944 "scanner.c"
+yy392:
 	yych = *++YYCURSOR;
 	switch (yych) {
 		case 'T':
-		case 't': goto yy460;
+		case 't': goto yy466;
 		default: goto yy31;
 	}
-yy388:
+yy393:
 	++YYCURSOR;
-#line 349 "scanner.re"
+#line 367 "scanner.re"
 	{ return TOKEN_NINETEEN; }
-#line 3917 "scanner.c"
-yy389:
+#line 3956 "scanner.c"
+yy394:
 	yych = *++YYCURSOR;
 	switch (yych) {
 		case '\t':
@@ -3922,150 +3961,152 @@ yy389:
 		case '\f':
 		case '\r':
 		case ' ':
-		case '-': goto yy461;
+		case '-': goto yy467;
 		default: goto yy31;
 	}
-yy390:
+yy395:
 	yych = *++YYCURSOR;
 	switch (yych) {
 		case 'H':
-		case 'h': goto yy391;
+		case 'h': goto yy396;
 		default: goto yy31;
 	}
-yy391:
+yy396:
 	yych = *++YYCURSOR;
 	switch (yych) {
 		case 'T':
-		case 't': goto yy462;
+		case 't': goto yy468;
 		default: goto yy31;
 	}
-yy392:
+yy397:
 	yych = *++YYCURSOR;
 	switch (yych) {
 		case 'R':
-		case 'r': goto yy391;
+		case 'r': goto yy396;
 		default: goto yy31;
 	}
-yy393:
+yy398:
 	yych = *++YYCURSOR;
 	switch (yych) {
 		case 'F':
-		case 'f': goto yy463;
+		case 'f': goto yy469;
 		case 'V':
-		case 'v': goto yy465;
+		case 'v': goto yy471;
 		default: goto yy31;
 	}
-yy394:
+yy399:
 	yych = *++YYCURSOR;
 	switch (yych) {
 		case 'D':
-		case 'd': goto yy466;
+		case 'd': goto yy472;
 		default: goto yy31;
 	}
-yy395:
+yy400:
 	yych = *++YYCURSOR;
 	switch (yych) {
 		case 'N':
-		case 'n': goto yy467;
+		case 'n': goto yy473;
 		default: goto yy31;
 	}
-yy396:
+yy401:
 	yych = *++YYCURSOR;
 	switch (yych) {
+		case 'D':
+		case 'd': goto yy474;
 		case 'R':
-		case 'r': goto yy468;
+		case 'r': goto yy475;
 		default: goto yy31;
 	}
-yy397:
+yy402:
 	yych = *++YYCURSOR;
 	switch (yych) {
 		case 'E':
-		case 'e': goto yy317;
+		case 'e': goto yy321;
 		default: goto yy31;
 	}
-yy398:
+yy403:
 	yych = *++YYCURSOR;
 	switch (yych) {
 		case 'R':
-		case 'r': goto yy469;
+		case 'r': goto yy476;
 		default: goto yy31;
 	}
-yy399:
+yy404:
 	yych = *++YYCURSOR;
 	switch (yych) {
 		case 'I':
-		case 'i': goto yy470;
+		case 'i': goto yy477;
 		default: goto yy31;
 	}
-yy400:
+yy405:
 	yych = *++YYCURSOR;
 	switch (yych) {
 		case 'I':
-		case 'i': goto yy471;
+		case 'i': goto yy478;
 		case 'O':
-		case 'o': goto yy472;
+		case 'o': goto yy479;
 		default: goto yy31;
 	}
-yy401:
+yy406:
 	yych = *++YYCURSOR;
 	switch (yych) {
 		case 'I':
-		case 'i': goto yy402;
+		case 'i': goto yy407;
 		default: goto yy31;
 	}
-yy402:
+yy407:
 	yych = *++YYCURSOR;
 	switch (yych) {
 		case 'N':
-		case 'n': goto yy473;
+		case 'n': goto yy480;
 		default: goto yy31;
 	}
-yy403:
+yy408:
 	yych = *++YYCURSOR;
 	switch (yych) {
 		case 'E':
-		case 'e': goto yy474;
+		case 'e': goto yy481;
 		case 'I':
-		case 'i': goto yy475;
+		case 'i': goto yy482;
 		default: goto yy31;
 	}
-yy404:
+yy409:
 	yych = *++YYCURSOR;
 	switch (yych) {
 		case 'H':
-		case 'h': goto yy476;
+		case 'h': goto yy483;
 		case 'W':
-		case 'w': goto yy477;
+		case 'w': goto yy484;
 		default: goto yy31;
 	}
-yy405:
+yy410:
 	yych = *++YYCURSOR;
 	switch (yych) {
 		case 'E':
-		case 'e': goto yy478;
+		case 'e': goto yy485;
 		default: goto yy31;
 	}
-yy406:
+yy411:
 	yych = *++YYCURSOR;
 	switch (yych) {
 		case 'L':
-		case 'l': goto yy479;
+		case 'l': goto yy486;
 		default: goto yy31;
 	}
-yy407:
+yy412:
 	yych = *++YYCURSOR;
 	switch (yych) {
 		case 'S':
-		case 's': goto yy480;
-		default: goto yy408;
+		case 's': goto yy487;
+		default: goto yy413;
 	}
-yy408:
-#line 440 "scanner.re"
+yy413:
+#line 458 "scanner.re"
 	{ return TOKEN_QUARTER; }
-#line 4066 "scanner.c"
-yy409:
+#line 4107 "scanner.c"
+yy414:
 	++YYCURSOR;
-#line 444 "scanner.re"
+#line 462 "scanner.re"
 	{
             if (!state->parse_second) {
                 // dont' parse "second" by default. easiest way to do this is to
@@ -4088,38 +4129,38 @@ yy409:
                 return TOKEN_SECONDS;
             }
         }
-#line 4092 "scanner.c"
-yy410:
+#line 4133 "scanner.c"
+yy415:
 	yych = *++YYCURSOR;
 	switch (yych) {
 		case 'E':
-		case 'e': goto yy481;
+		case 'e': goto yy488;
 		default: goto yy31;
 	}
-yy411:
+yy416:
 	yych = *++YYCURSOR;
 	switch (yych) {
 		case 'S':
-		case 's': goto yy482;
-		default: goto yy412;
+		case 's': goto yy489;
+		default: goto yy417;
 	}
-yy412:
-#line 401 "scanner.re"
+yy417:
+#line 419 "scanner.re"
 	{ return TOKEN_SEVENTH; }
-#line 4110 "scanner.c"
-yy413:
+#line 4151 "scanner.c"
+yy418:
 	yych = *++YYCURSOR;
 	switch (yych) {
 		case 'E':
-		case 'e': goto yy483;
+		case 'e': goto yy490;
 		default: goto yy31;
 	}
-yy414:
+yy419:
 	++YYCURSOR;
-#line 357 "scanner.re"
+#line 375 "scanner.re"
 	{ return TOKEN_SEVENTY; }
-#line 4122 "scanner.c"
-yy415:
+#line 4163 "scanner.c"
+yy420:
 	yych = *++YYCURSOR;
 	switch (yych) {
 		case '\t':
@@ -4127,75 +4168,75 @@ yy415:
 		case '\f':
 		case '\r':
 		case ' ':
-		case '-': goto yy484;
+		case '-': goto yy491;
 		default: goto yy31;
 	}
-yy416:
+yy421:
 	yyaccept = 28;
 	yych = *(YYMARKER = ++YYCURSOR);
 	switch (yych) {
 		case 'T':
-		case 't': goto yy485;
-		default: goto yy417;
+		case 't': goto yy492;
+		default: goto yy422;
 	}
-yy417:
-#line 345 "scanner.re"
+yy422:
+#line 363 "scanner.re"
 	{ return TOKEN_SIXTEEN; }
-#line 4145 "scanner.c"
-yy418:
+#line 4186 "scanner.c"
+yy423:
 	yych = *++YYCURSOR;
 	switch (yych) {
 		case 'H':
-		case 'h': goto yy486;
+		case 'h': goto yy493;
 		default: goto yy31;
 	}
-yy419:
+yy424:
 	yych = *++YYCURSOR;
 	switch (yych) {
 		case 'N':
-		case 'n': goto yy488;
+		case 'n': goto yy495;
 		default: goto yy31;
 	}
-yy420:
+yy425:
 	yych = *++YYCURSOR;
 	switch (yych) {
 		case 'T':
-		case 't': goto yy490;
+		case 't': goto yy497;
 		default: goto yy31;
 	}
-yy421:
+yy426:
 	yych = *++YYCURSOR;
 	switch (yych) {
 		case 'D':
-		case 'd': goto yy491;
+		case 'd': goto yy498;
 		default: goto yy31;
 	}
-yy422:
+yy427:
 	yych = *++YYCURSOR;
 	switch (yych) {
 		case 'N':
-		case 'n': goto yy493;
+		case 'n': goto yy500;
 		default: goto yy31;
 	}
-yy423:
+yy428:
 	yych = *++YYCURSOR;
 	switch (yych) {
 		case 'S':
-		case 's': goto yy495;
-		default: goto yy424;
+		case 's': goto yy502;
+		default: goto yy429;
 	}
-yy424:
-#line 408 "scanner.re"
+yy429:
+#line 426 "scanner.re"
 	{ return TOKEN_TWELFTH; }
-#line 4191 "scanner.c"
-yy425:
+#line 4232 "scanner.c"
+yy430:
 	yych = *++YYCURSOR;
 	switch (yych) {
 		case 'T':
-		case 't': goto yy496;
+		case 't': goto yy503;
 		default: goto yy31;
 	}
-yy426:
+yy431:
 	yych = *++YYCURSOR;
 	switch (yych) {
 		case '\t':
@@ -4203,30 +4244,37 @@ yy426:
 		case '\f':
 		case '\r':
 		case ' ':
-		case '-': goto yy426;
+		case '-': goto yy431;
 		case 'E':
-		case 'e': goto yy497;
+		case 'e': goto yy504;
 		case 'F':
-		case 'f': goto yy498;
+		case 'f': goto yy505;
 		case 'N':
-		case 'n': goto yy499;
+		case 'n': goto yy506;
 		case 'O':
-		case 'o': goto yy500;
+		case 'o': goto yy507;
 		case 'S':
-		case 's': goto yy501;
+		case 's': goto yy508;
 		case 'T':
-		case 't': goto yy502;
+		case 't': goto yy509;
 		case 'Z':
-		case 'z': goto yy503;
+		case 'z': goto yy510;
 		default: goto yy31;
 	}
-yy427:
+yy432:
+	yych = *++YYCURSOR;
+	switch (yych) {
+		case 'N':
+		case 'n': goto yy511;
+		default: goto yy31;
+	}
+yy433:
 	yych = *++YYCURSOR;
 	switch (yych) {
-		case '.': goto yy504;
+		case '.': goto yy512;
 		default: goto yy31;
 	}
-yy428:
+yy434:
 	yych = *++YYCURSOR;
 	switch (yych) {
 		case '0':
@@ -4238,14 +4286,14 @@ yy428:
 		case '6':
 		case '7':
 		case '8':
-		case '9': goto yy505;
+		case '9': goto yy513;
 		default: goto yy31;
 	}
-yy429:
+yy435:
 	yyaccept = 29;
 	yych = *(YYMARKER = ++YYCURSOR);
 	switch (yych) {
-		case '.': goto yy354;
+		case '.': goto yy359;
 		case '0':
 		case '1':
 		case '2':
@@ -4255,11 +4303,11 @@ yy429:
 		case '6':
 		case '7':
 		case '8':
-		case '9': goto yy429;
-		default: goto yy430;
+		case '9': goto yy435;
+		default: goto yy436;
 	}
-yy430:
-#line 675 "scanner.re"
+yy436:
+#line 693 "scanner.re"
 	{
             // create duplicate of string (to be modified inplace)
             size_t token_len = ss->cursor - ss->token;
@@ -4278,8 +4326,8 @@ yy430:
 
             return TOKEN_DECIMAL;
         }
-#line 4282 "scanner.c"
-yy431:
+#line 4330 "scanner.c"
+yy437:
 	yyaccept = 30;
 	yych = *(YYMARKER = ++YYCURSOR);
 	switch (yych) {
@@ -4292,12 +4340,12 @@ yy431:
 		case '6':
 		case '7':
 		case '8':
-		case '9': goto yy431;
-		case 0xC2: goto yy270;
-		default: goto yy432;
+		case '9': goto yy437;
+		case 0xC2: goto yy274;
+		default: goto yy438;
 	}
-yy432:
-#line 601 "scanner.re"
+yy438:
+#line 619 "scanner.re"
 	{
             // create duplicate of string (to be modified inplace)
             size_t token_len = ss->cursor - ss->token;
@@ -4317,8 +4365,8 @@ yy432:
 
             return TOKEN_DECIMAL;
         }
-#line 4321 "scanner.c"
-yy433:
+#line 4369 "scanner.c"
+yy439:
 	yych = *++YYCURSOR;
 	switch (yych) {
 		case '0':
@@ -4330,11 +4378,11 @@ yy433:
 		case '6':
 		case '7':
 		case '8':
-		case '9': goto yy506;
-		default: goto yy434;
+		case '9': goto yy514;
+		default: goto yy440;
 	}
-yy434:
-#line 514 "scanner.re"
+yy440:
+#line 532 "scanner.re"
 	{
             if (state->is_parsing) {
                 if (state->last_token != TOKEN_SEPARATOR) {
@@ -4351,8 +4399,8 @@ yy434:
             state->last_token = TOKEN_CHARACTERS;
             goto fast_path;
         }
-#line 4355 "scanner.c"
-yy435:
+#line 4403 "scanner.c"
+yy441:
 	yych = *++YYCURSOR;
 	switch (yych) {
 		case '0':
@@ -4364,169 +4412,169 @@ yy435:
 		case '6':
 		case '7':
 		case '8':
-		case '9': goto yy269;
+		case '9': goto yy273;
 		default: goto yy31;
 	}
-yy436:
+yy442:
 	yych = *++YYCURSOR;
 	switch (yych) {
 		case 'N':
-		case 'n': goto yy507;
+		case 'n': goto yy515;
 		default: goto yy31;
 	}
-yy437:
+yy443:
 	yych = *++YYCURSOR;
 	switch (yych) {
 		case 'D':
-		case 'd': goto yy509;
+		case 'd': goto yy517;
 		default: goto yy31;
 	}
-yy438:
+yy444:
 	yych = *++YYCURSOR;
 	switch (yych) {
 		case 'N':
-		case 'n': goto yy511;
+		case 'n': goto yy519;
 		default: goto yy31;
 	}
-yy439:
+yy445:
 	yych = *++YYCURSOR;
 	switch (yych) {
 		case 'L':
-		case 'l': goto yy513;
+		case 'l': goto yy521;
 		default: goto yy31;
 	}
-yy440:
+yy446:
 	yych = *++YYCURSOR;
 	switch (yych) {
 		case 'N':
-		case 'n': goto yy514;
+		case 'n': goto yy522;
 		default: goto yy31;
 	}
-yy441:
+yy447:
 	yych = *++YYCURSOR;
 	switch (yych) {
 		case 'O':
-		case 'o': goto yy515;
+		case 'o': goto yy523;
 		default: goto yy31;
 	}
-yy442:
+yy448:
 	yych = *++YYCURSOR;
 	switch (yych) {
 		case 'H':
-		case 'h': goto yy516;
+		case 'h': goto yy524;
 		default: goto yy31;
 	}
-yy443:
+yy449:
 	yyaccept = 31;
 	yych = *(YYMARKER = ++YYCURSOR);
 	switch (yych) {
 		case 'T':
-		case 't': goto yy518;
-		default: goto yy444;
+		case 't': goto yy526;
+		default: goto yy450;
 	}
-yy444:
-#line 347 "scanner.re"
+yy450:
+#line 365 "scanner.re"
 	{ return TOKEN_EIGHTEEN; }
-#line 4431 "scanner.c"
-yy445:
+#line 4479 "scanner.c"
+yy451:
 	yych = *++YYCURSOR;
 	switch (yych) {
 		case 'H':
-		case 'h': goto yy519;
+		case 'h': goto yy527;
 		default: goto yy31;
 	}
-yy446:
+yy452:
 	yych = *++YYCURSOR;
 	switch (yych) {
 		case 'S':
-		case 's': goto yy521;
-		default: goto yy447;
+		case 's': goto yy529;
+		default: goto yy453;
 	}
-yy447:
-#line 407 "scanner.re"
+yy453:
+#line 425 "scanner.re"
 	{ return TOKEN_ELEVENTH; }
-#line 4449 "scanner.c"
-yy448:
+#line 4497 "scanner.c"
+yy454:
 	yych = *++YYCURSOR;
 	switch (yych) {
 		case 'H':
-		case 'h': goto yy522;
+		case 'h': goto yy530;
 		default: goto yy31;
 	}
-yy449:
+yy455:
 	yych = *++YYCURSOR;
 	switch (yych) {
 		case 'S':
-		case 's': goto yy524;
-		default: goto yy450;
+		case 's': goto yy532;
+		default: goto yy456;
 	}
-yy450:
-#line 421 "scanner.re"
+yy456:
+#line 439 "scanner.re"
 	{ return TOKEN_FIFTIETH; }
-#line 4467 "scanner.c"
-yy451:
+#line 4515 "scanner.c"
+yy457:
 	++YYCURSOR;
-#line 419 "scanner.re"
+#line 437 "scanner.re"
 	{ return TOKEN_FOURTIETH; }
-#line 4472 "scanner.c"
-yy452:
+#line 4520 "scanner.c"
+yy458:
 	yyaccept = 32;
 	yych = *(YYMARKER = ++YYCURSOR);
 	switch (yych) {
 		case 'T':
-		case 't': goto yy525;
-		default: goto yy453;
+		case 't': goto yy533;
+		default: goto yy459;
 	}
-yy453:
-#line 343 "scanner.re"
+yy459:
+#line 361 "scanner.re"
 	{ return TOKEN_FOURTEEN; }
-#line 4484 "scanner.c"
-yy454:
+#line 4532 "scanner.c"
+yy460:
 	yych = *++YYCURSOR;
 	switch (yych) {
 		case 'H':
-		case 'h': goto yy526;
+		case 'h': goto yy534;
 		default: goto yy31;
 	}
-yy455:
+yy461:
 	yych = *++YYCURSOR;
 	switch (yych) {
 		case 'H':
-		case 'h': goto yy528;
+		case 'h': goto yy536;
 		default: goto yy31;
 	}
-yy456:
+yy462:
 	yych = *++YYCURSOR;
 	switch (yych) {
 		case 'H':
-		case 'h': goto yy530;
+		case 'h': goto yy538;
 		default: goto yy31;
 	}
-yy457:
+yy463:
 	++YYCURSOR;
-#line 327 "scanner.re"
+#line 345 "scanner.re"
 	{ return TOKEN_NEGATIVE; }
-#line 4510 "scanner.c"
-yy458:
+#line 4558 "scanner.c"
+yy464:
 	yyaccept = 33;
 	yych = *(YYMARKER = ++YYCURSOR);
 	switch (yych) {
 		case 'T':
-		case 't': goto yy532;
-		default: goto yy459;
+		case 't': goto yy540;
+		default: goto yy465;
 	}
-yy459:
-#line 348 "scanner.re"
+yy465:
+#line 366 "scanner.re"
 	{ return TOKEN_NINETEEN; }
-#line 4522 "scanner.c"
-yy460:
+#line 4570 "scanner.c"
+yy466:
 	yych = *++YYCURSOR;
 	switch (yych) {
 		case 'H':
-		case 'h': goto yy533;
+		case 'h': goto yy541;
 		default: goto yy31;
 	}
-yy461:
+yy467:
 	yych = *++YYCURSOR;
 	switch (yych) {
 		case '\t':
@@ -4534,34 +4582,34 @@ yy461:
 		case '\f':
 		case '\r':
 		case ' ':
-		case '-': goto yy461;
+		case '-': goto yy467;
 		case 'A':
-		case 'a': goto yy535;
+		case 'a': goto yy543;
 		case 'E':
-		case 'e': goto yy536;
+		case 'e': goto yy544;
 		case 'F':
-		case 'f': goto yy537;
+		case 'f': goto yy545;
 		case 'N':
-		case 'n': goto yy538;
+		case 'n': goto yy546;
 		case 'O':
-		case 'o': goto yy539;
+		case 'o': goto yy547;
 		case 'S':
-		case 's': goto yy540;
+		case 's': goto yy548;
 		case 'T':
-		case 't': goto yy541;
+		case 't': goto yy549;
 		default: goto yy31;
 	}
-yy462:
+yy468:
 	yych = *++YYCURSOR;
 	switch (yych) {
 		case 'H':
-		case 'h': goto yy542;
+		case 'h': goto yy550;
 		default: goto yy31;
 	}
-yy463:
+yy469:
 	++YYCURSOR;
-yy464:
-#line 300 "scanner.re"
+yy470:
+#line 317 "scanner.re"
 	{
             const char* s = ss->token; const char* e = ss->cursor;
             const char* ws = s; while (ws<e && (*ws!=' '&&*ws!='\t'&&*ws!='\r'&&*ws!='\n'&&*ws!='\f'&&*ws!='-')) ws++;
@@ -4583,137 +4631,144 @@ yy464:
             goto fast_path;
             #endif
         }
-#line 4587 "scanner.c"
-yy465:
+#line 4635 "scanner.c"
+yy471:
 	yych = *++YYCURSOR;
 	switch (yych) {
 		case 'E':
-		case 'e': goto yy543;
+		case 'e': goto yy551;
 		default: goto yy31;
 	}
-yy466:
+yy472:
 	yych = *++YYCURSOR;
 	switch (yych) {
 		case 'R':
-		case 'r': goto yy544;
+		case 'r': goto yy552;
 		default: goto yy31;
 	}
-yy467:
+yy473:
 	yych = *++YYCURSOR;
 	switch (yych) {
 		case 'T':
-		case 't': goto yy545;
+		case 't': goto yy553;
 		default: goto yy31;
 	}
-yy468:
+yy474:
+	yych = *++YYCURSOR;
+	switch (yych) {
+		case 'R':
+		case 'r': goto yy554;
+		default: goto yy31;
+	}
+yy475:
 	yych = *++YYCURSOR;
 	switch (yych) {
 		case 'T':
-		case 't': goto yy546;
+		case 't': goto yy555;
 		default: goto yy31;
 	}
-yy469:
+yy476:
 	yych = *++YYCURSOR;
 	switch (yych) {
 		case 'D':
-		case 'd': goto yy542;
+		case 'd': goto yy550;
 		default: goto yy31;
 	}
-yy470:
+yy477:
 	yych = *++YYCURSOR;
 	switch (yych) {
 		case 'G':
-		case 'g': goto yy547;
+		case 'g': goto yy556;
 		default: goto yy31;
 	}
-yy471:
+yy478:
 	yych = *++YYCURSOR;
 	switch (yych) {
 		case 'V':
-		case 'v': goto yy473;
+		case 'v': goto yy480;
 		default: goto yy31;
 	}
-yy472:
+yy479:
 	yych = *++YYCURSOR;
 	switch (yych) {
 		case 'U':
-		case 'u': goto yy548;
+		case 'u': goto yy557;
 		default: goto yy31;
 	}
-yy473:
+yy480:
 	yych = *++YYCURSOR;
 	switch (yych) {
 		case 'E':
-		case 'e': goto yy549;
+		case 'e': goto yy558;
 		default: goto yy31;
 	}
-yy474:
+yy481:
 	yych = *++YYCURSOR;
 	switch (yych) {
 		case 'V':
-		case 'v': goto yy551;
+		case 'v': goto yy560;
 		default: goto yy31;
 	}
-yy475:
+yy482:
 	yych = *++YYCURSOR;
 	switch (yych) {
 		case 'X':
-		case 'x': goto yy549;
+		case 'x': goto yy558;
 		default: goto yy31;
 	}
-yy476:
+yy483:
 	yych = *++YYCURSOR;
 	switch (yych) {
 		case 'R':
-		case 'r': goto yy552;
+		case 'r': goto yy561;
 		default: goto yy31;
 	}
-yy477:
+yy484:
 	yych = *++YYCURSOR;
 	switch (yych) {
 		case 'O':
-		case 'o': goto yy549;
+		case 'o': goto yy558;
 		default: goto yy31;
 	}
-yy478:
+yy485:
 	yych = *++YYCURSOR;
 	switch (yych) {
 		case 'R':
-		case 'r': goto yy477;
+		case 'r': goto yy484;
 		default: goto yy31;
 	}
-yy479:
+yy486:
 	yych = *++YYCURSOR;
 	switch (yych) {
 		case 'I':
-		case 'i': goto yy553;
+		case 'i': goto yy562;
 		default: goto yy31;
 	}
-yy480:
+yy487:
 	++YYCURSOR;
-#line 502 "scanner.re"
+#line 520 "scanner.re"
 	{ return TOKEN_QUARTERS; }
-#line 4697 "scanner.c"
-yy481:
+#line 4752 "scanner.c"
+yy488:
 	yych = *++YYCURSOR;
 	switch (yych) {
 		case 'N':
-		case 'n': goto yy554;
+		case 'n': goto yy563;
 		default: goto yy31;
 	}
-yy482:
+yy489:
 	++YYCURSOR;
-#line 470 "scanner.re"
+#line 488 "scanner.re"
 	{ return TOKEN_SEVENTHS; }
-#line 4709 "scanner.c"
-yy483:
+#line 4764 "scanner.c"
+yy490:
 	yych = *++YYCURSOR;
 	switch (yych) {
 		case 'T':
-		case 't': goto yy556;
+		case 't': goto yy565;
 		default: goto yy31;
 	}
-yy484:
+yy491:
 	yych = *++YYCURSOR;
 	switch (yych) {
 		case '\t':
@@ -4721,152 +4776,159 @@ yy484:
 		case '\f':
 		case '\r':
 		case ' ':
-		case '-': goto yy484;
+		case '-': goto yy491;
 		case 'A':
-		case 'a': goto yy557;
+		case 'a': goto yy566;
 		case 'E':
-		case 'e': goto yy536;
+		case 'e': goto yy544;
 		case 'F':
-		case 'f': goto yy537;
+		case 'f': goto yy545;
 		case 'N':
-		case 'n': goto yy538;
+		case 'n': goto yy546;
 		case 'O':
-		case 'o': goto yy539;
+		case 'o': goto yy547;
 		case 'S':
-		case 's': goto yy540;
+		case 's': goto yy548;
 		case 'T':
-		case 't': goto yy541;
+		case 't': goto yy549;
 		default: goto yy31;
 	}
-yy485:
+yy492:
 	yych = *++YYCURSOR;
 	switch (yych) {
 		case 'H':
-		case 'h': goto yy558;
+		case 'h': goto yy567;
 		default: goto yy31;
 	}
-yy486:
+yy493:
 	yych = *++YYCURSOR;
 	switch (yych) {
 		case 'S':
-		case 's': goto yy560;
-		default: goto yy487;
+		case 's': goto yy569;
+		default: goto yy494;
 	}
-yy487:
-#line 422 "scanner.re"
+yy494:
+#line 440 "scanner.re"
 	{ return TOKEN_SIXTIETH; }
-#line 4759 "scanner.c"
-yy488:
+#line 4814 "scanner.c"
+yy495:
 	yyaccept = 34;
 	yych = *(YYMARKER = ++YYCURSOR);
 	switch (yych) {
 		case 'T':
-		case 't': goto yy561;
-		default: goto yy489;
+		case 't': goto yy570;
+		default: goto yy496;
 	}
-yy489:
-#line 342 "scanner.re"
+yy496:
+#line 360 "scanner.re"
 	{ return TOKEN_THIRTEEN; }
-#line 4771 "scanner.c"
-yy490:
+#line 4826 "scanner.c"
+yy497:
 	yych = *++YYCURSOR;
 	switch (yych) {
 		case 'H':
-		case 'h': goto yy562;
+		case 'h': goto yy571;
 		default: goto yy31;
 	}
-yy491:
+yy498:
 	yyaccept = 35;
 	yych = *(YYMARKER = ++YYCURSOR);
 	switch (yych) {
 		case 'T':
-		case 't': goto yy564;
-		default: goto yy492;
+		case 't': goto yy573;
+		default: goto yy499;
 	}
-yy492:
-#line 364 "scanner.re"
+yy499:
+#line 382 "scanner.re"
 	{ return TOKEN_THOUSAND; }
-#line 4790 "scanner.c"
-yy493:
+#line 4845 "scanner.c"
+yy500:
 	yyaccept = 36;
 	yych = *(YYMARKER = ++YYCURSOR);
 	switch (yych) {
 		case 'T':
-		case 't': goto yy565;
-		default: goto yy494;
+		case 't': goto yy574;
+		default: goto yy501;
 	}
-yy494:
-#line 370 "scanner.re"
+yy501:
+#line 388 "scanner.re"
 	{ return TOKEN_TRILLION; }
-#line 4802 "scanner.c"
-yy495:
+#line 4857 "scanner.c"
+yy502:
 	++YYCURSOR;
-#line 477 "scanner.re"
+#line 495 "scanner.re"
 	{ return TOKEN_TWELFTHS; }
-#line 4807 "scanner.c"
-yy496:
+#line 4862 "scanner.c"
+yy503:
 	yych = *++YYCURSOR;
 	switch (yych) {
 		case 'H':
-		case 'h': goto yy566;
+		case 'h': goto yy575;
 		default: goto yy31;
 	}
-yy497:
+yy504:
 	yych = *++YYCURSOR;
 	switch (yych) {
 		case 'I':
-		case 'i': goto yy568;
+		case 'i': goto yy577;
 		default: goto yy31;
 	}
-yy498:
+yy505:
 	yych = *++YYCURSOR;
 	switch (yych) {
 		case 'I':
-		case 'i': goto yy569;
+		case 'i': goto yy578;
 		case 'O':
-		case 'o': goto yy570;
+		case 'o': goto yy579;
 		default: goto yy31;
 	}
-yy499:
+yy506:
 	yych = *++YYCURSOR;
 	switch (yych) {
 		case 'I':
-		case 'i': goto yy500;
+		case 'i': goto yy507;
 		default: goto yy31;
 	}
-yy500:
+yy507:
 	yych = *++YYCURSOR;
 	switch (yych) {
 		case 'N':
-		case 'n': goto yy571;
+		case 'n': goto yy580;
 		default: goto yy31;
 	}
-yy501:
+yy508:
 	yych = *++YYCURSOR;
 	switch (yych) {
 		case 'E':
-		case 'e': goto yy572;
+		case 'e': goto yy581;
 		case 'I':
-		case 'i': goto yy573;
+		case 'i': goto yy582;
 		default: goto yy31;
 	}
-yy502:
+yy509:
 	yych = *++YYCURSOR;
 	switch (yych) {
 		case 'H':
-		case 'h': goto yy574;
+		case 'h': goto yy583;
 		case 'W':
-		case 'w': goto yy575;
+		case 'w': goto yy584;
 		default: goto yy31;
 	}
-yy503:
+yy510:
 	yych = *++YYCURSOR;
 	switch (yych) {
 		case 'E':
-		case 'e': goto yy576;
+		case 'e': goto yy585;
 		default: goto yy31;
 	}
-yy504:
+yy511:
+	yych = *++YYCURSOR;
+	switch (yych) {
+		case 'D':
+		case 'd': goto yy586;
+		default: goto yy31;
+	}
+yy512:
 	yych = *++YYCURSOR;
 	switch (yych) {
 		case '0':
@@ -4878,19 +4940,19 @@ yy504:
 		case '6':
 		case '7':
 		case '8':
-		case '9': goto yy577;
+		case '9': goto yy587;
 		default: goto yy31;
 	}
-yy505:
+yy513:
 	yyaccept = 15;
 	yych = *(YYMARKER = ++YYCURSOR);
 	switch (yych) {
-		case ',': goto yy267;
-		case '.': goto yy268;
-		case 0xC2: goto yy270;
-		default: goto yy187;
+		case ',': goto yy271;
+		case '.': goto yy272;
+		case 0xC2: goto yy274;
+		default: goto yy190;
 	}
-yy506:
+yy514:
 	yych = *++YYCURSOR;
 	switch (yych) {
 		case '0':
@@ -4902,175 +4964,175 @@ yy506:
 		case '6':
 		case '7':
 		case '8':
-		case '9': goto yy579;
-		default: goto yy434;
+		case '9': goto yy589;
+		default: goto yy440;
 	}
-yy507:
+yy515:
 	yyaccept = 37;
 	yych = *(YYMARKER = ++YYCURSOR);
 	switch (yych) {
 		case 'T':
-		case 't': goto yy580;
-		default: goto yy508;
+		case 't': goto yy590;
+		default: goto yy516;
 	}
-yy508:
-#line 367 "scanner.re"
+yy516:
+#line 385 "scanner.re"
 	{ return TOKEN_BILLION; }
-#line 4920 "scanner.c"
-yy509:
+#line 4982 "scanner.c"
+yy517:
 	yyaccept = 38;
 	yych = *(YYMARKER = ++YYCURSOR);
 	switch (yych) {
 		case 'T':
-		case 't': goto yy581;
-		default: goto yy510;
+		case 't': goto yy591;
+		default: goto yy518;
 	}
-yy510:
-#line 361 "scanner.re"
+yy518:
+#line 379 "scanner.re"
 	{ return TOKEN_HUNDRED; }
-#line 4932 "scanner.c"
-yy511:
+#line 4994 "scanner.c"
+yy519:
 	yyaccept = 39;
 	yych = *(YYMARKER = ++YYCURSOR);
 	switch (yych) {
 		case 'T':
-		case 't': goto yy582;
-		default: goto yy512;
+		case 't': goto yy592;
+		default: goto yy520;
 	}
-yy512:
-#line 365 "scanner.re"
+yy520:
+#line 383 "scanner.re"
 	{ return TOKEN_MILLION; }
-#line 4944 "scanner.c"
-yy513:
+#line 5006 "scanner.c"
+yy521:
 	yych = *++YYCURSOR;
 	switch (yych) {
 		case 'L':
-		case 'l': goto yy583;
+		case 'l': goto yy593;
 		default: goto yy31;
 	}
-yy514:
+yy522:
 	yych = *++YYCURSOR;
 	switch (yych) {
 		case 'D':
-		case 'd': goto yy584;
+		case 'd': goto yy594;
 		default: goto yy31;
 	}
-yy515:
+yy523:
 	yych = *++YYCURSOR;
 	switch (yych) {
 		case 'N':
-		case 'n': goto yy586;
+		case 'n': goto yy596;
 		default: goto yy31;
 	}
-yy516:
+yy524:
 	yych = *++YYCURSOR;
 	switch (yych) {
 		case 'S':
-		case 's': goto yy588;
-		default: goto yy517;
+		case 's': goto yy598;
+		default: goto yy525;
 	}
-yy517:
-#line 434 "scanner.re"
+yy525:
+#line 452 "scanner.re"
 	{ return TOKEN_BILLIONTH; }
-#line 4976 "scanner.c"
-yy518:
+#line 5038 "scanner.c"
+yy526:
 	yych = *++YYCURSOR;
 	switch (yych) {
 		case 'H':
-		case 'h': goto yy589;
+		case 'h': goto yy599;
 		default: goto yy31;
 	}
-yy519:
+yy527:
 	yych = *++YYCURSOR;
 	switch (yych) {
 		case 'S':
-		case 's': goto yy591;
-		default: goto yy520;
+		case 's': goto yy601;
+		default: goto yy528;
 	}
-yy520:
-#line 424 "scanner.re"
+yy528:
+#line 442 "scanner.re"
 	{ return TOKEN_EIGHTIETH; }
-#line 4994 "scanner.c"
-yy521:
+#line 5056 "scanner.c"
+yy529:
 	++YYCURSOR;
-#line 476 "scanner.re"
+#line 494 "scanner.re"
 	{ return TOKEN_ELEVENTHS; }
-#line 4999 "scanner.c"
-yy522:
+#line 5061 "scanner.c"
+yy530:
 	yych = *++YYCURSOR;
 	switch (yych) {
 		case 'S':
-		case 's': goto yy592;
-		default: goto yy523;
+		case 's': goto yy602;
+		default: goto yy531;
 	}
-yy523:
-#line 411 "scanner.re"
+yy531:
+#line 429 "scanner.re"
 	{ return TOKEN_FIFTEENTH; }
-#line 5010 "scanner.c"
-yy524:
+#line 5072 "scanner.c"
+yy532:
 	++YYCURSOR;
-#line 489 "scanner.re"
+#line 507 "scanner.re"
 	{ return TOKEN_FIFTIETHS; }
-#line 5015 "scanner.c"
-yy525:
+#line 5077 "scanner.c"
+yy533:
 	yych = *++YYCURSOR;
 	switch (yych) {
 		case 'H':
-		case 'h': goto yy593;
+		case 'h': goto yy603;
 		default: goto yy31;
 	}
-yy526:
+yy534:
 	yych = *++YYCURSOR;
 	switch (yych) {
 		case 'S':
-		case 's': goto yy595;
-		default: goto yy527;
+		case 's': goto yy605;
+		default: goto yy535;
 	}
-yy527:
-#line 420 "scanner.re"
+yy535:
+#line 438 "scanner.re"
 	{ return TOKEN_FOURTIETH; }
-#line 5033 "scanner.c"
-yy528:
+#line 5095 "scanner.c"
+yy536:
 	yych = *++YYCURSOR;
 	switch (yych) {
 		case 'S':
-		case 's': goto yy596;
-		default: goto yy529;
+		case 's': goto yy606;
+		default: goto yy537;
 	}
-yy529:
-#line 428 "scanner.re"
+yy537:
+#line 446 "scanner.re"
 	{ return TOKEN_HUNDREDTH; }
-#line 5044 "scanner.c"
-yy530:
+#line 5106 "scanner.c"
+yy538:
 	yych = *++YYCURSOR;
 	switch (yych) {
 		case 'S':
-		case 's': goto yy597;
-		default: goto yy531;
+		case 's': goto yy607;
+		default: goto yy539;
 	}
-yy531:
-#line 432 "scanner.re"
+yy539:
+#line 450 "scanner.re"
 	{ return TOKEN_MILLIONTH; }
-#line 5055 "scanner.c"
-yy532:
+#line 5117 "scanner.c"
+yy540:
 	yych = *++YYCURSOR;
 	switch (yych) {
 		case 'H':
-		case 'h': goto yy598;
+		case 'h': goto yy608;
 		default: goto yy31;
 	}
-yy533:
+yy541:
 	yych = *++YYCURSOR;
 	switch (yych) {
 		case 'S':
-		case 's': goto yy600;
-		default: goto yy534;
+		case 's': goto yy610;
+		default: goto yy542;
 	}
-yy534:
-#line 425 "scanner.re"
+yy542:
+#line 443 "scanner.re"
 	{ return TOKEN_NINETIETH; }
-#line 5073 "scanner.c"
-yy535:
+#line 5135 "scanner.c"
+yy543:
 	yych = *++YYCURSOR;
 	switch (yych) {
 		case '\t':
@@ -5078,79 +5140,79 @@ yy535:
 		case '\f':
 		case '\r':
 		case ' ':
-		case '-': goto yy601;
+		case '-': goto yy611;
 		default: goto yy31;
 	}
-yy536:
+yy544:
 	yych = *++YYCURSOR;
 	switch (yych) {
 		case 'I':
-		case 'i': goto yy602;
+		case 'i': goto yy612;
 		default: goto yy31;
 	}
-yy537:
+yy545:
 	yych = *++YYCURSOR;
 	switch (yych) {
 		case 'I':
-		case 'i': goto yy603;
+		case 'i': goto yy613;
 		case 'O':
-		case 'o': goto yy604;
+		case 'o': goto yy614;
 		default: goto yy31;
 	}
-yy538:
+yy546:
 	yych = *++YYCURSOR;
 	switch (yych) {
 		case 'I':
-		case 'i': goto yy539;
+		case 'i': goto yy547;
 		default: goto yy31;
 	}
-yy539:
+yy547:
 	yych = *++YYCURSOR;
 	switch (yych) {
 		case 'N':
-		case 'n': goto yy605;
+		case 'n': goto yy615;
 		default: goto yy31;
 	}
-yy540:
+yy548:
 	yych = *++YYCURSOR;
 	switch (yych) {
 		case 'E':
-		case 'e': goto yy606;
+		case 'e': goto yy616;
 		case 'I':
-		case 'i': goto yy607;
+		case 'i': goto yy617;
 		default: goto yy31;
 	}
-yy541:
+yy549:
 	yych = *++YYCURSOR;
 	switch (yych) {
 		case 'H':
-		case 'h': goto yy608;
+		case 'h': goto yy618;
 		case 'W':
-		case 'w': goto yy609;
+		case 'w': goto yy619;
 		default: goto yy31;
 	}
-yy542:
+yy550:
 	yych = *++YYCURSOR;
 	switch (yych) {
 		case 'S':
-		case 's': goto yy463;
-		default: goto yy464;
+		case 's': goto yy469;
+		default: goto yy470;
 	}
-yy543:
+yy551:
 	yych = *++YYCURSOR;
 	switch (yych) {
 		case 'S':
-		case 's': goto yy463;
+		case 's': goto yy469;
 		default: goto yy31;
 	}
-yy544:
+yy552:
 	yych = *++YYCURSOR;
 	switch (yych) {
 		case 'E':
-		case 'e': goto yy610;
+		case 'e': goto yy620;
 		default: goto yy31;
 	}
-yy545:
+yy553:
 	yych = *++YYCURSOR;
 	switch (yych) {
 		case '\t':
@@ -5158,31 +5220,38 @@ yy545:
 		case '\f':
 		case '\r':
 		case ' ':
-		case '-': goto yy611;
+		case '-': goto yy621;
 		default: goto yy31;
 	}
-yy546:
+yy554:
+	yych = *++YYCURSOR;
+	switch (yych) {
+		case 'I':
+		case 'i': goto yy622;
+		default: goto yy31;
+	}
+yy555:
 	yych = *++YYCURSOR;
 	switch (yych) {
 		case 'E':
-		case 'e': goto yy612;
+		case 'e': goto yy623;
 		default: goto yy31;
 	}
-yy547:
+yy556:
 	yych = *++YYCURSOR;
 	switch (yych) {
 		case 'H':
-		case 'h': goto yy613;
+		case 'h': goto yy624;
 		default: goto yy31;
 	}
-yy548:
+yy557:
 	yych = *++YYCURSOR;
 	switch (yych) {
 		case 'R':
-		case 'r': goto yy549;
+		case 'r': goto yy558;
 		default: goto yy31;
 	}
-yy549:
+yy558:
 	yyaccept = 40;
 	yych = *(YYMARKER = ++YYCURSOR);
 	switch (yych) {
@@ -5191,11 +5260,11 @@ yy549:
 		case '\f':
 		case '\r':
 		case ' ':
-		case '-': goto yy323;
-		default: goto yy550;
+		case '-': goto yy327;
+		default: goto yy559;
 	}
-yy550:
-#line 225 "scanner.re"
+yy559:
+#line 242 "scanner.re"
 	{
             const char* s = ss->token; const char* e = ss->cursor;
             const char* p = s + 5; // after 'point'
@@ -5209,48 +5278,48 @@ yy550:
             }
             (*yylval).dbl = frac; (*yylval).is_dbl = true; return TOKEN_DECIMAL;
         }
-#line 5213 "scanner.c"
-yy551:
+#line 5282 "scanner.c"
+yy560:
 	yych = *++YYCURSOR;
 	switch (yych) {
 		case 'E':
-		case 'e': goto yy614;
+		case 'e': goto yy625;
 		default: goto yy31;
 	}
-yy552:
+yy561:
 	yych = *++YYCURSOR;
 	switch (yych) {
 		case 'E':
-		case 'e': goto yy473;
+		case 'e': goto yy480;
 		default: goto yy31;
 	}
-yy553:
+yy562:
 	yych = *++YYCURSOR;
 	switch (yych) {
 		case 'O':
-		case 'o': goto yy615;
+		case 'o': goto yy626;
 		default: goto yy31;
 	}
-yy554:
+yy563:
 	yyaccept = 41;
 	yych = *(YYMARKER = ++YYCURSOR);
 	switch (yych) {
 		case 'T':
-		case 't': goto yy616;
-		default: goto yy555;
+		case 't': goto yy627;
+		default: goto yy564;
 	}
-yy555:
-#line 346 "scanner.re"
+yy564:
+#line 364 "scanner.re"
 	{ return TOKEN_SEVENTEEN; }
-#line 5246 "scanner.c"
-yy556:
+#line 5315 "scanner.c"
+yy565:
 	yych = *++YYCURSOR;
 	switch (yych) {
 		case 'H':
-		case 'h': goto yy617;
+		case 'h': goto yy628;
 		default: goto yy31;
 	}
-yy557:
+yy566:
 	yych = *++YYCURSOR;
 	switch (yych) {
 		case '\t':
@@ -5258,136 +5327,143 @@ yy557:
 		case '\f':
 		case '\r':
 		case ' ':
-		case '-': goto yy619;
+		case '-': goto yy630;
 		default: goto yy31;
 	}
-yy558:
+yy567:
 	yych = *++YYCURSOR;
 	switch (yych) {
 		case 'S':
-		case 's': goto yy620;
-		default: goto yy559;
+		case 's': goto yy631;
+		default: goto yy568;
 	}
-yy559:
-#line 412 "scanner.re"
+yy568:
+#line 430 "scanner.re"
 	{ return TOKEN_SIXTEENTH; }
-#line 5275 "scanner.c"
-yy560:
+#line 5344 "scanner.c"
+yy569:
 	++YYCURSOR;
-#line 490 "scanner.re"
+#line 508 "scanner.re"
 	{ return TOKEN_SIXTIETHS; }
-#line 5280 "scanner.c"
-yy561:
+#line 5349 "scanner.c"
+yy570:
 	yych = *++YYCURSOR;
 	switch (yych) {
 		case 'H':
-		case 'h': goto yy621;
+		case 'h': goto yy632;
 		default: goto yy31;
 	}
-yy562:
+yy571:
 	yych = *++YYCURSOR;
 	switch (yych) {
 		case 'S':
-		case 's': goto yy623;
-		default: goto yy563;
+		case 's': goto yy634;
+		default: goto yy572;
 	}
-yy563:
-#line 418 "scanner.re"
+yy572:
+#line 436 "scanner.re"
 	{ return TOKEN_THIRTIETH; }
-#line 5298 "scanner.c"
-yy564:
+#line 5367 "scanner.c"
+yy573:
 	yych = *++YYCURSOR;
 	switch (yych) {
 		case 'H':
-		case 'h': goto yy624;
+		case 'h': goto yy635;
 		default: goto yy31;
 	}
-yy565:
+yy574:
 	yych = *++YYCURSOR;
 	switch (yych) {
 		case 'H':
-		case 'h': goto yy626;
+		case 'h': goto yy637;
 		default: goto yy31;
 	}
-yy566:
+yy575:
 	yych = *++YYCURSOR;
 	switch (yych) {
 		case 'S':
-		case 's': goto yy628;
-		default: goto yy567;
+		case 's': goto yy639;
+		default: goto yy576;
 	}
-yy567:
-#line 417 "scanner.re"
+yy576:
+#line 435 "scanner.re"
 	{ return TOKEN_TWENTIETH; }
-#line 5323 "scanner.c"
-yy568:
+#line 5392 "scanner.c"
+yy577:
 	yych = *++YYCURSOR;
 	switch (yych) {
 		case 'G':
-		case 'g': goto yy629;
+		case 'g': goto yy640;
 		default: goto yy31;
 	}
-yy569:
+yy578:
 	yych = *++YYCURSOR;
 	switch (yych) {
 		case 'V':
-		case 'v': goto yy571;
+		case 'v': goto yy580;
 		default: goto yy31;
 	}
-yy570:
+yy579:
 	yych = *++YYCURSOR;
 	switch (yych) {
 		case 'U':
-		case 'u': goto yy630;
+		case 'u': goto yy641;
 		default: goto yy31;
 	}
-yy571:
+yy580:
 	yych = *++YYCURSOR;
 	switch (yych) {
 		case 'E':
-		case 'e': goto yy631;
+		case 'e': goto yy642;
 		default: goto yy31;
 	}
-yy572:
+yy581:
 	yych = *++YYCURSOR;
 	switch (yych) {
 		case 'V':
-		case 'v': goto yy633;
+		case 'v': goto yy644;
 		default: goto yy31;
 	}
-yy573:
+yy582:
 	yych = *++YYCURSOR;
 	switch (yych) {
 		case 'X':
-		case 'x': goto yy631;
+		case 'x': goto yy642;
 		default: goto yy31;
 	}
-yy574:
+yy583:
 	yych = *++YYCURSOR;
 	switch (yych) {
 		case 'R':
-		case 'r': goto yy634;
+		case 'r': goto yy645;
 		default: goto yy31;
 	}
-yy575:
+yy584:
 	yych = *++YYCURSOR;
 	switch (yych) {
 		case 'O':
-		case 'o': goto yy631;
+		case 'o': goto yy642;
 		default: goto yy31;
 	}
-yy576:
+yy585:
 	yych = *++YYCURSOR;
 	switch (yych) {
 		case 'R':
-		case 'r': goto yy575;
+		case 'r': goto yy584;
 		default: goto yy31;
 	}
-yy577:
+yy586:
+	yych = *++YYCURSOR;
+	switch (yych) {
+		case 'A':
+		case 'a': goto yy31;
+		default: goto yy647;
+	}
+yy587:
 	yyaccept = 42;
 	yych = *(YYMARKER = ++YYCURSOR);
 	switch (yych) {
-		case '.': goto yy504;
+		case '.': goto yy512;
 		case '0':
 		case '1':
 		case '2':
@@ -5397,11 +5473,11 @@ yy577:
 		case '6':
 		case '7':
 		case '8':
-		case '9': goto yy577;
-		default: goto yy578;
+		case '9': goto yy587;
+		default: goto yy588;
 	}
-yy578:
-#line 639 "scanner.re"
+yy588:
+#line 657 "scanner.re"
 	{
             // create duplicate of string (to be modified inplace)
             size_t token_len = ss->cursor - ss->token;
@@ -5420,131 +5496,131 @@ yy578:
 
             return TOKEN_DECIMAL;
         }
-#line 5424 "scanner.c"
-yy579:
+#line 5500 "scanner.c"
+yy589:
 	++YYCURSOR;
-	goto yy434;
-yy580:
+	goto yy440;
+yy590:
 	yych = *++YYCURSOR;
 	switch (yych) {
 		case 'H':
-		case 'h': goto yy635;
+		case 'h': goto yy648;
 		default: goto yy31;
 	}
-yy581:
+yy591:
 	yych = *++YYCURSOR;
 	switch (yych) {
 		case 'H':
-		case 'h': goto yy636;
+		case 'h': goto yy649;
 		default: goto yy31;
 	}
-yy582:
+yy592:
 	yych = *++YYCURSOR;
 	switch (yych) {
 		case 'H':
-		case 'h': goto yy637;
+		case 'h': goto yy650;
 		default: goto yy31;
 	}
-yy583:
+yy593:
 	yych = *++YYCURSOR;
 	switch (yych) {
 		case 'I':
-		case 'i': goto yy638;
+		case 'i': goto yy651;
 		default: goto yy31;
 	}
-yy584:
+yy594:
 	yyaccept = 43;
 	yych = *(YYMARKER = ++YYCURSOR);
 	switch (yych) {
 		case 'T':
-		case 't': goto yy639;
-		default: goto yy585;
+		case 't': goto yy652;
+		default: goto yy595;
 	}
-yy585:
-#line 363 "scanner.re"
+yy595:
+#line 381 "scanner.re"
 	{ return TOKEN_THOUSAND; }
-#line 5467 "scanner.c"
-yy586:
+#line 5543 "scanner.c"
+yy596:
 	yyaccept = 44;
 	yych = *(YYMARKER = ++YYCURSOR);
 	switch (yych) {
 		case 'T':
-		case 't': goto yy640;
-		default: goto yy587;
+		case 't': goto yy653;
+		default: goto yy597;
 	}
-yy587:
-#line 369 "scanner.re"
+yy597:
+#line 387 "scanner.re"
 	{ return TOKEN_TRILLION; }
-#line 5479 "scanner.c"
-yy588:
+#line 5555 "scanner.c"
+yy598:
 	++YYCURSOR;
-#line 498 "scanner.re"
+#line 516 "scanner.re"
 	{ return TOKEN_BILLIONTHS; }
-#line 5484 "scanner.c"
-yy589:
+#line 5560 "scanner.c"
+yy599:
 	yych = *++YYCURSOR;
 	switch (yych) {
 		case 'S':
-		case 's': goto yy641;
-		default: goto yy590;
+		case 's': goto yy654;
+		default: goto yy600;
 	}
-yy590:
-#line 414 "scanner.re"
+yy600:
+#line 432 "scanner.re"
 	{ return TOKEN_EIGHTEENTH; }
-#line 5495 "scanner.c"
-yy591:
+#line 5571 "scanner.c"
+yy601:
 	++YYCURSOR;
-#line 492 "scanner.re"
+#line 510 "scanner.re"
 	{ return TOKEN_EIGHTIETHS; }
-#line 5500 "scanner.c"
-yy592:
+#line 5576 "scanner.c"
+yy602:
 	++YYCURSOR;
-#line 480 "scanner.re"
+#line 498 "scanner.re"
 	{ return TOKEN_FIFTEENTHS; }
-#line 5505 "scanner.c"
-yy593:
+#line 5581 "scanner.c"
+yy603:
 	yych = *++YYCURSOR;
 	switch (yych) {
 		case 'S':
-		case 's': goto yy642;
-		default: goto yy594;
+		case 's': goto yy655;
+		default: goto yy604;
 	}
-yy594:
-#line 410 "scanner.re"
+yy604:
+#line 428 "scanner.re"
 	{ return TOKEN_FOURTEENTH; }
-#line 5516 "scanner.c"
-yy595:
+#line 5592 "scanner.c"
+yy605:
 	++YYCURSOR;
-#line 488 "scanner.re"
+#line 506 "scanner.re"
 	{ return TOKEN_FOURTIETHS; }
-#line 5521 "scanner.c"
-yy596:
+#line 5597 "scanner.c"
+yy606:
 	++YYCURSOR;
-#line 495 "scanner.re"
+#line 513 "scanner.re"
 	{ return TOKEN_HUNDREDTHS; }
-#line 5526 "scanner.c"
-yy597:
+#line 5602 "scanner.c"
+yy607:
 	++YYCURSOR;
-#line 497 "scanner.re"
+#line 515 "scanner.re"
 	{ return TOKEN_MILLIONTHS; }
-#line 5531 "scanner.c"
-yy598:
+#line 5607 "scanner.c"
+yy608:
 	yych = *++YYCURSOR;
 	switch (yych) {
 		case 'S':
-		case 's': goto yy643;
-		default: goto yy599;
+		case 's': goto yy656;
+		default: goto yy609;
 	}
-yy599:
-#line 415 "scanner.re"
+yy609:
+#line 433 "scanner.re"
 	{ return TOKEN_NINETEENTH; }
-#line 5542 "scanner.c"
-yy600:
+#line 5618 "scanner.c"
+yy610:
 	++YYCURSOR;
-#line 493 "scanner.re"
+#line 511 "scanner.re"
 	{ return TOKEN_NINETIETHS; }
-#line 5547 "scanner.c"
-yy601:
+#line 5623 "scanner.c"
+yy611:
 	yych = *++YYCURSOR;
 	switch (yych) {
 		case '\t':
@@ -5552,87 +5628,87 @@ yy601:
 		case '\f':
 		case '\r':
 		case ' ':
-		case '-': goto yy601;
+		case '-': goto yy611;
 		case 'E':
-		case 'e': goto yy644;
+		case 'e': goto yy657;
 		case 'F':
-		case 'f': goto yy645;
+		case 'f': goto yy658;
 		case 'H':
-		case 'h': goto yy646;
+		case 'h': goto yy659;
 		case 'N':
-		case 'n': goto yy647;
+		case 'n': goto yy660;
 		case 'Q':
-		case 'q': goto yy648;
+		case 'q': goto yy661;
 		case 'S':
-		case 's': goto yy649;
+		case 's': goto yy662;
 		case 'T':
-		case 't': goto yy650;
+		case 't': goto yy663;
 		default: goto yy31;
 	}
-yy602:
+yy612:
 	yych = *++YYCURSOR;
 	switch (yych) {
 		case 'G':
-		case 'g': goto yy651;
+		case 'g': goto yy664;
 		default: goto yy31;
 	}
-yy603:
+yy613:
 	yych = *++YYCURSOR;
 	switch (yych) {
 		case 'V':
-		case 'v': goto yy605;
+		case 'v': goto yy615;
 		default: goto yy31;
 	}
-yy604:
+yy614:
 	yych = *++YYCURSOR;
 	switch (yych) {
 		case 'U':
-		case 'u': goto yy652;
+		case 'u': goto yy665;
 		default: goto yy31;
 	}
-yy605:
+yy615:
 	yych = *++YYCURSOR;
 	switch (yych) {
 		case 'E':
-		case 'e': goto yy653;
+		case 'e': goto yy666;
 		default: goto yy31;
 	}
-yy606:
+yy616:
 	yych = *++YYCURSOR;
 	switch (yych) {
 		case 'V':
-		case 'v': goto yy654;
+		case 'v': goto yy667;
 		default: goto yy31;
 	}
-yy607:
+yy617:
 	yych = *++YYCURSOR;
 	switch (yych) {
 		case 'X':
-		case 'x': goto yy653;
+		case 'x': goto yy666;
 		default: goto yy31;
 	}
-yy608:
+yy618:
 	yych = *++YYCURSOR;
 	switch (yych) {
 		case 'R':
-		case 'r': goto yy655;
+		case 'r': goto yy668;
 		default: goto yy31;
 	}
-yy609:
+yy619:
 	yych = *++YYCURSOR;
 	switch (yych) {
 		case 'O':
-		case 'o': goto yy653;
+		case 'o': goto yy666;
 		default: goto yy31;
 	}
-yy610:
+yy620:
 	yych = *++YYCURSOR;
 	switch (yych) {
 		case 'D':
-		case 'd': goto yy656;
+		case 'd': goto yy669;
 		default: goto yy31;
 	}
-yy611:
+yy621:
 	yych = *++YYCURSOR;
 	switch (yych) {
 		case '\t':
@@ -5640,70 +5716,77 @@ yy611:
 		case '\f':
 		case '\r':
 		case ' ':
-		case '-': goto yy611;
+		case '-': goto yy621;
 		case 'E':
-		case 'e': goto yy657;
+		case 'e': goto yy670;
 		case 'F':
-		case 'f': goto yy658;
+		case 'f': goto yy671;
 		case 'N':
-		case 'n': goto yy659;
+		case 'n': goto yy672;
 		case 'O':
-		case 'o': goto yy660;
+		case 'o': goto yy673;
 		case 'S':
-		case 's': goto yy661;
+		case 's': goto yy674;
 		case 'T':
-		case 't': goto yy662;
+		case 't': goto yy675;
 		case 'Z':
-		case 'z': goto yy663;
+		case 'z': goto yy676;
 		default: goto yy31;
 	}
-yy612:
+yy622:
+	yych = *++YYCURSOR;
+	switch (yych) {
+		case 'L':
+		case 'l': goto yy677;
+		default: goto yy31;
+	}
+yy623:
 	yych = *++YYCURSOR;
 	switch (yych) {
 		case 'R':
-		case 'r': goto yy542;
+		case 'r': goto yy550;
 		default: goto yy31;
 	}
-yy613:
+yy624:
 	yych = *++YYCURSOR;
 	switch (yych) {
 		case 'T':
-		case 't': goto yy549;
+		case 't': goto yy558;
 		default: goto yy31;
 	}
-yy614:
+yy625:
 	yych = *++YYCURSOR;
 	switch (yych) {
 		case 'N':
-		case 'n': goto yy549;
+		case 'n': goto yy558;
 		default: goto yy31;
 	}
-yy615:
+yy626:
 	yych = *++YYCURSOR;
 	switch (yych) {
 		case 'N':
-		case 'n': goto yy664;
+		case 'n': goto yy678;
 		default: goto yy31;
 	}
-yy616:
+yy627:
 	yych = *++YYCURSOR;
 	switch (yych) {
 		case 'H':
-		case 'h': goto yy666;
+		case 'h': goto yy680;
 		default: goto yy31;
 	}
-yy617:
+yy628:
 	yych = *++YYCURSOR;
 	switch (yych) {
 		case 'S':
-		case 's': goto yy668;
-		default: goto yy618;
+		case 's': goto yy682;
+		default: goto yy629;
 	}
-yy618:
-#line 423 "scanner.re"
+yy629:
+#line 441 "scanner.re"
 	{ return TOKEN_SEVENTIETH; }
-#line 5706 "scanner.c"
-yy619:
+#line 5789 "scanner.c"
+yy630:
 	yych = *++YYCURSOR;
 	switch (yych) {
 		case '\t':
@@ -5711,86 +5794,86 @@ yy619:
 		case '\f':
 		case '\r':
 		case ' ':
-		case '-': goto yy619;
+		case '-': goto yy630;
 		case 'E':
-		case 'e': goto yy644;
+		case 'e': goto yy657;
 		case 'F':
-		case 'f': goto yy645;
+		case 'f': goto yy658;
 		case 'H':
-		case 'h': goto yy646;
+		case 'h': goto yy659;
 		case 'N':
-		case 'n': goto yy647;
+		case 'n': goto yy660;
 		case 'Q':
-		case 'q': goto yy669;
+		case 'q': goto yy683;
 		case 'S':
-		case 's': goto yy649;
+		case 's': goto yy662;
 		case 'T':
-		case 't': goto yy650;
+		case 't': goto yy663;
 		default: goto yy31;
 	}
-yy620:
+yy631:
 	++YYCURSOR;
-#line 481 "scanner.re"
+#line 499 "scanner.re"
 	{ return TOKEN_SIXTEENTHS; }
-#line 5736 "scanner.c"
-yy621:
+#line 5819 "scanner.c"
+yy632:
 	yych = *++YYCURSOR;
 	switch (yych) {
 		case 'S':
-		case 's': goto yy670;
-		default: goto yy622;
+		case 's': goto yy684;
+		default: goto yy633;
 	}
-yy622:
-#line 409 "scanner.re"
+yy633:
+#line 427 "scanner.re"
 	{ return TOKEN_THIRTEENTH; }
-#line 5747 "scanner.c"
-yy623:
+#line 5830 "scanner.c"
+yy634:
 	++YYCURSOR;
-#line 487 "scanner.re"
+#line 505 "scanner.re"
 	{ return TOKEN_THIRTIETHS; }
-#line 5752 "scanner.c"
-yy624:
+#line 5835 "scanner.c"
+yy635:
 	yych = *++YYCURSOR;
 	switch (yych) {
 		case 'S':
-		case 's': goto yy671;
-		default: goto yy625;
+		case 's': goto yy685;
+		default: goto yy636;
 	}
-yy625:
-#line 430 "scanner.re"
+yy636:
+#line 448 "scanner.re"
 	{ return TOKEN_THOUSANDTH; }
-#line 5763 "scanner.c"
-yy626:
+#line 5846 "scanner.c"
+yy637:
 	yych = *++YYCURSOR;
 	switch (yych) {
 		case 'S':
-		case 's': goto yy672;
-		default: goto yy627;
+		case 's': goto yy686;
+		default: goto yy638;
 	}
-yy627:
-#line 436 "scanner.re"
+yy638:
+#line 454 "scanner.re"
 	{ return TOKEN_TRILLIONTH; }
-#line 5774 "scanner.c"
-yy628:
+#line 5857 "scanner.c"
+yy639:
 	++YYCURSOR;
-#line 486 "scanner.re"
+#line 504 "scanner.re"
 	{ return TOKEN_TWENTIETHS; }
-#line 5779 "scanner.c"
-yy629:
+#line 5862 "scanner.c"
+yy640:
 	yych = *++YYCURSOR;
 	switch (yych) {
 		case 'H':
-		case 'h': goto yy673;
+		case 'h': goto yy687;
 		default: goto yy31;
 	}
-yy630:
+yy641:
 	yych = *++YYCURSOR;
 	switch (yych) {
 		case 'R':
-		case 'r': goto yy631;
+		case 'r': goto yy642;
 		default: goto yy31;
 	}
-yy631:
+yy642:
 	yyaccept = 45;
 	yych = *(YYMARKER = ++YYCURSOR);
 	switch (yych) {
@@ -5799,11 +5882,11 @@ yy631:
 		case '\f':
 		case '\r':
 		case ' ':
-		case '-': goto yy426;
-		default: goto yy632;
+		case '-': goto yy431;
+		default: goto yy643;
 	}
-yy632:
-#line 207 "scanner.re"
+yy643:
+#line 224 "scanner.re"
 	{
             const char* s = ss->token; const char* e = ss->cursor;
             // integer part: scan digits until space before 'point'
@@ -5820,140 +5903,154 @@ yy632:
             }
             (*yylval).dbl = intpart + frac; (*yylval).is_dbl = true; return TOKEN_DECIMAL;
         }
-#line 5824 "scanner.c"
-yy633:
+#line 5907 "scanner.c"
+yy644:
 	yych = *++YYCURSOR;
 	switch (yych) {
 		case 'E':
-		case 'e': goto yy674;
+		case 'e': goto yy688;
 		default: goto yy31;
 	}
-yy634:
+yy645:
 	yych = *++YYCURSOR;
 	switch (yych) {
 		case 'E':
-		case 'e': goto yy571;
+		case 'e': goto yy580;
 		default: goto yy31;
 	}
-yy635:
+yy646:
+	yych = *++YYCURSOR;
+yy647:
+	switch (yych) {
+		case '\t':
+		case '\n':
+		case '\f':
+		case '\r':
+		case ' ':
+		case '-': goto yy646;
+		case 'A':
+		case 'a': goto yy689;
+		default: goto yy31;
+	}
+yy648:
 	++YYCURSOR;
-#line 433 "scanner.re"
+#line 451 "scanner.re"
 	{ return TOKEN_BILLIONTH; }
-#line 5843 "scanner.c"
-yy636:
+#line 5940 "scanner.c"
+yy649:
 	++YYCURSOR;
-#line 427 "scanner.re"
+#line 445 "scanner.re"
 	{ return TOKEN_HUNDREDTH; }
-#line 5848 "scanner.c"
-yy637:
+#line 5945 "scanner.c"
+yy650:
 	++YYCURSOR;
-#line 431 "scanner.re"
+#line 449 "scanner.re"
 	{ return TOKEN_MILLIONTH; }
-#line 5853 "scanner.c"
-yy638:
+#line 5950 "scanner.c"
+yy651:
 	yych = *++YYCURSOR;
 	switch (yych) {
 		case 'O':
-		case 'o': goto yy675;
+		case 'o': goto yy690;
 		default: goto yy31;
 	}
-yy639:
+yy652:
 	yych = *++YYCURSOR;
 	switch (yych) {
 		case 'H':
-		case 'h': goto yy676;
+		case 'h': goto yy691;
 		default: goto yy31;
 	}
-yy640:
+yy653:
 	yych = *++YYCURSOR;
 	switch (yych) {
 		case 'H':
-		case 'h': goto yy677;
+		case 'h': goto yy692;
 		default: goto yy31;
 	}
-yy641:
+yy654:
 	++YYCURSOR;
-#line 483 "scanner.re"
+#line 501 "scanner.re"
 	{ return TOKEN_EIGHTEENTHS; }
-#line 5879 "scanner.c"
-yy642:
+#line 5976 "scanner.c"
+yy655:
 	++YYCURSOR;
-#line 479 "scanner.re"
+#line 497 "scanner.re"
 	{ return TOKEN_FOURTEENTHS; }
-#line 5884 "scanner.c"
-yy643:
+#line 5981 "scanner.c"
+yy656:
 	++YYCURSOR;
-#line 484 "scanner.re"
+#line 502 "scanner.re"
 	{ return TOKEN_NINETEENTHS; }
-#line 5889 "scanner.c"
-yy644:
+#line 5986 "scanner.c"
+yy657:
 	yych = *++YYCURSOR;
 	switch (yych) {
 		case 'I':
-		case 'i': goto yy678;
+		case 'i': goto yy693;
 		default: goto yy31;
 	}
-yy645:
+yy658:
 	yych = *++YYCURSOR;
 	switch (yych) {
 		case 'I':
-		case 'i': goto yy679;
+		case 'i': goto yy694;
 		case 'O':
-		case 'o': goto yy680;
+		case 'o': goto yy695;
 		default: goto yy31;
 	}
-yy646:
+yy659:
 	yych = *++YYCURSOR;
 	switch (yych) {
 		case 'A':
-		case 'a': goto yy681;
+		case 'a': goto yy696;
 		default: goto yy31;
 	}
-yy647:
+yy660:
 	yych = *++YYCURSOR;
 	switch (yych) {
 		case 'I':
-		case 'i': goto yy682;
+		case 'i': goto yy697;
 		default: goto yy31;
 	}
-yy648:
+yy661:
 	yych = *++YYCURSOR;
 	switch (yych) {
 		case 'U':
-		case 'u': goto yy683;
+		case 'u': goto yy698;
 		default: goto yy31;
 	}
-yy649:
+yy662:
 	yych = *++YYCURSOR;
 	switch (yych) {
 		case 'E':
-		case 'e': goto yy684;
+		case 'e': goto yy699;
 		case 'I':
-		case 'i': goto yy685;
+		case 'i': goto yy700;
 		default: goto yy31;
 	}
-yy650:
+yy663:
 	yych = *++YYCURSOR;
 	switch (yych) {
 		case 'H':
-		case 'h': goto yy686;
+		case 'h': goto yy701;
 		default: goto yy31;
 	}
-yy651:
+yy664:
 	yych = *++YYCURSOR;
 	switch (yych) {
 		case 'H':
-		case 'h': goto yy687;
+		case 'h': goto yy702;
 		default: goto yy31;
 	}
-yy652:
+yy665:
 	yych = *++YYCURSOR;
 	switch (yych) {
 		case 'R':
-		case 'r': goto yy653;
+		case 'r': goto yy666;
 		default: goto yy31;
 	}
-yy653:
+yy666:
 	yych = *++YYCURSOR;
 	switch (yych) {
 		case '\t':
@@ -5961,237 +6058,251 @@ yy653:
 		case '\f':
 		case '\r':
 		case ' ':
-		case '-': goto yy688;
+		case '-': goto yy703;
 		default: goto yy31;
 	}
-yy654:
+yy667:
 	yych = *++YYCURSOR;
 	switch (yych) {
 		case 'E':
-		case 'e': goto yy689;
+		case 'e': goto yy704;
 		default: goto yy31;
 	}
-yy655:
+yy668:
 	yych = *++YYCURSOR;
 	switch (yych) {
 		case 'E':
-		case 'e': goto yy605;
+		case 'e': goto yy615;
 		default: goto yy31;
 	}
-yy656:
+yy669:
 	yych = *++YYCURSOR;
 	switch (yych) {
 		case 'T':
-		case 't': goto yy690;
+		case 't': goto yy705;
 		default: goto yy31;
 	}
-yy657:
+yy670:
 	yych = *++YYCURSOR;
 	switch (yych) {
 		case 'I':
-		case 'i': goto yy691;
+		case 'i': goto yy706;
 		default: goto yy31;
 	}
-yy658:
+yy671:
 	yych = *++YYCURSOR;
 	switch (yych) {
 		case 'I':
-		case 'i': goto yy692;
+		case 'i': goto yy707;
 		case 'O':
-		case 'o': goto yy693;
+		case 'o': goto yy708;
 		default: goto yy31;
 	}
-yy659:
+yy672:
 	yych = *++YYCURSOR;
 	switch (yych) {
 		case 'I':
-		case 'i': goto yy660;
+		case 'i': goto yy673;
 		default: goto yy31;
 	}
-yy660:
+yy673:
 	yych = *++YYCURSOR;
 	switch (yych) {
 		case 'N':
-		case 'n': goto yy694;
+		case 'n': goto yy709;
 		default: goto yy31;
 	}
-yy661:
+yy674:
 	yych = *++YYCURSOR;
 	switch (yych) {
 		case 'E':
-		case 'e': goto yy695;
+		case 'e': goto yy710;
 		case 'I':
-		case 'i': goto yy696;
+		case 'i': goto yy711;
 		default: goto yy31;
 	}
-yy662:
+yy675:
 	yych = *++YYCURSOR;
 	switch (yych) {
 		case 'H':
-		case 'h': goto yy697;
+		case 'h': goto yy712;
 		case 'W':
-		case 'w': goto yy698;
+		case 'w': goto yy713;
 		default: goto yy31;
 	}
-yy663:
+yy676:
 	yych = *++YYCURSOR;
 	switch (yych) {
 		case 'E':
-		case 'e': goto yy699;
+		case 'e': goto yy714;
 		default: goto yy31;
 	}
-yy664:
+yy677:
+	yych = *++YYCURSOR;
+	switch (yych) {
+		case 'L':
+		case 'l': goto yy715;
+		default: goto yy31;
+	}
+yy678:
 	yyaccept = 46;
 	yych = *(YYMARKER = ++YYCURSOR);
 	switch (yych) {
 		case 'T':
-		case 't': goto yy700;
-		default: goto yy665;
+		case 't': goto yy716;
+		default: goto yy679;
 	}
-yy665:
-#line 372 "scanner.re"
+yy679:
+#line 390 "scanner.re"
 	{ return TOKEN_QUADRILLION; }
-#line 6055 "scanner.c"
-yy666:
+#line 6159 "scanner.c"
+yy680:
 	yych = *++YYCURSOR;
 	switch (yych) {
 		case 'S':
-		case 's': goto yy701;
-		default: goto yy667;
+		case 's': goto yy717;
+		default: goto yy681;
 	}
-yy667:
-#line 413 "scanner.re"
+yy681:
+#line 431 "scanner.re"
 	{ return TOKEN_SEVENTEENTH; }
-#line 6066 "scanner.c"
-yy668:
+#line 6170 "scanner.c"
+yy682:
 	++YYCURSOR;
-#line 491 "scanner.re"
+#line 509 "scanner.re"
 	{ return TOKEN_SEVENTIETHS; }
-#line 6071 "scanner.c"
-yy669:
+#line 6175 "scanner.c"
+yy683:
 	yych = *++YYCURSOR;
 	switch (yych) {
 		case 'U':
-		case 'u': goto yy702;
+		case 'u': goto yy718;
 		default: goto yy31;
 	}
-yy670:
+yy684:
 	++YYCURSOR;
-#line 478 "scanner.re"
+#line 496 "scanner.re"
 	{ return TOKEN_THIRTEENTHS; }
-#line 6083 "scanner.c"
-yy671:
+#line 6187 "scanner.c"
+yy685:
 	++YYCURSOR;
-#line 496 "scanner.re"
+#line 514 "scanner.re"
 	{ return TOKEN_THOUSANDTHS; }
-#line 6088 "scanner.c"
-yy672:
+#line 6192 "scanner.c"
+yy686:
 	++YYCURSOR;
-#line 499 "scanner.re"
+#line 517 "scanner.re"
 	{ return TOKEN_TRILLIONTHS; }
-#line 6093 "scanner.c"
-yy673:
+#line 6197 "scanner.c"
+yy687:
 	yych = *++YYCURSOR;
 	switch (yych) {
 		case 'T':
-		case 't': goto yy631;
+		case 't': goto yy642;
 		default: goto yy31;
 	}
-yy674:
+yy688:
 	yych = *++YYCURSOR;
 	switch (yych) {
 		case 'N':
-		case 'n': goto yy631;
+		case 'n': goto yy642;
 		default: goto yy31;
 	}
-yy675:
+yy689:
 	yych = *++YYCURSOR;
 	switch (yych) {
 		case 'N':
-		case 'n': goto yy703;
+		case 'n': goto yy719;
 		default: goto yy31;
 	}
-yy676:
+yy690:
+	yych = *++YYCURSOR;
+	switch (yych) {
+		case 'N':
+		case 'n': goto yy720;
+		default: goto yy31;
+	}
+yy691:
 	++YYCURSOR;
-#line 429 "scanner.re"
+#line 447 "scanner.re"
 	{ return TOKEN_THOUSANDTH; }
-#line 6119 "scanner.c"
-yy677:
+#line 6230 "scanner.c"
+yy692:
 	++YYCURSOR;
-#line 435 "scanner.re"
+#line 453 "scanner.re"
 	{ return TOKEN_TRILLIONTH; }
-#line 6124 "scanner.c"
-yy678:
+#line 6235 "scanner.c"
+yy693:
 	yych = *++YYCURSOR;
 	switch (yych) {
 		case 'G':
-		case 'g': goto yy705;
+		case 'g': goto yy722;
 		default: goto yy31;
 	}
-yy679:
+yy694:
 	yych = *++YYCURSOR;
 	switch (yych) {
 		case 'F':
-		case 'f': goto yy706;
+		case 'f': goto yy723;
 		default: goto yy31;
 	}
-yy680:
+yy695:
 	yych = *++YYCURSOR;
 	switch (yych) {
 		case 'U':
-		case 'u': goto yy707;
+		case 'u': goto yy724;
 		default: goto yy31;
 	}
-yy681:
+yy696:
 	yych = *++YYCURSOR;
 	switch (yych) {
 		case 'L':
-		case 'l': goto yy708;
+		case 'l': goto yy725;
 		default: goto yy31;
 	}
-yy682:
+yy697:
 	yych = *++YYCURSOR;
 	switch (yych) {
 		case 'N':
-		case 'n': goto yy706;
+		case 'n': goto yy723;
 		default: goto yy31;
 	}
-yy683:
+yy698:
 	yych = *++YYCURSOR;
 	switch (yych) {
 		case 'A':
-		case 'a': goto yy709;
+		case 'a': goto yy726;
 		default: goto yy31;
 	}
-yy684:
+yy699:
 	yych = *++YYCURSOR;
 	switch (yych) {
 		case 'V':
-		case 'v': goto yy710;
+		case 'v': goto yy727;
 		default: goto yy31;
 	}
-yy685:
+yy700:
 	yych = *++YYCURSOR;
 	switch (yych) {
 		case 'X':
-		case 'x': goto yy706;
+		case 'x': goto yy723;
 		default: goto yy31;
 	}
-yy686:
+yy701:
 	yych = *++YYCURSOR;
 	switch (yych) {
 		case 'I':
-		case 'i': goto yy711;
+		case 'i': goto yy728;
 		default: goto yy31;
 	}
-yy687:
+yy702:
 	yych = *++YYCURSOR;
 	switch (yych) {
 		case 'T':
-		case 't': goto yy653;
+		case 't': goto yy666;
 		default: goto yy31;
 	}
-yy688:
+yy703:
 	yych = *++YYCURSOR;
 	switch (yych) {
 		case '\t':
@@ -6199,242 +6310,256 @@ yy688:
 		case '\f':
 		case '\r':
 		case ' ':
-		case '-': goto yy688;
+		case '-': goto yy703;
 		case 'E':
-		case 'e': goto yy712;
+		case 'e': goto yy729;
 		case 'F':
-		case 'f': goto yy713;
+		case 'f': goto yy730;
 		case 'H':
-		case 'h': goto yy714;
+		case 'h': goto yy731;
 		case 'N':
-		case 'n': goto yy715;
+		case 'n': goto yy732;
 		case 'Q':
-		case 'q': goto yy716;
+		case 'q': goto yy733;
 		case 'S':
-		case 's': goto yy717;
+		case 's': goto yy734;
 		case 'T':
-		case 't': goto yy718;
+		case 't': goto yy735;
 		default: goto yy31;
 	}
-yy689:
+yy704:
 	yych = *++YYCURSOR;
 	switch (yych) {
 		case 'N':
-		case 'n': goto yy653;
+		case 'n': goto yy666;
 		default: goto yy31;
 	}
-yy690:
+yy705:
 	yych = *++YYCURSOR;
 	switch (yych) {
 		case 'H':
-		case 'h': goto yy719;
+		case 'h': goto yy736;
 		default: goto yy31;
 	}
-yy691:
+yy706:
 	yych = *++YYCURSOR;
 	switch (yych) {
 		case 'G':
-		case 'g': goto yy721;
+		case 'g': goto yy738;
 		default: goto yy31;
 	}
-yy692:
+yy707:
 	yych = *++YYCURSOR;
 	switch (yych) {
 		case 'V':
-		case 'v': goto yy694;
+		case 'v': goto yy709;
 		default: goto yy31;
 	}
-yy693:
+yy708:
 	yych = *++YYCURSOR;
 	switch (yych) {
 		case 'U':
-		case 'u': goto yy722;
+		case 'u': goto yy739;
 		default: goto yy31;
 	}
-yy694:
+yy709:
 	yych = *++YYCURSOR;
 	switch (yych) {
 		case 'E':
-		case 'e': goto yy723;
+		case 'e': goto yy740;
 		default: goto yy31;
 	}
-yy695:
+yy710:
 	yych = *++YYCURSOR;
 	switch (yych) {
 		case 'V':
-		case 'v': goto yy725;
+		case 'v': goto yy742;
 		default: goto yy31;
 	}
-yy696:
+yy711:
 	yych = *++YYCURSOR;
 	switch (yych) {
 		case 'X':
-		case 'x': goto yy723;
+		case 'x': goto yy740;
 		default: goto yy31;
 	}
-yy697:
+yy712:
 	yych = *++YYCURSOR;
 	switch (yych) {
 		case 'R':
-		case 'r': goto yy726;
+		case 'r': goto yy743;
 		default: goto yy31;
 	}
-yy698:
+yy713:
 	yych = *++YYCURSOR;
 	switch (yych) {
 		case 'O':
-		case 'o': goto yy723;
+		case 'o': goto yy740;
 		default: goto yy31;
 	}
-yy699:
+yy714:
 	yych = *++YYCURSOR;
 	switch (yych) {
 		case 'R':
-		case 'r': goto yy698;
+		case 'r': goto yy713;
 		default: goto yy31;
 	}
-yy700:
+yy715:
+	yych = *++YYCURSOR;
+	switch (yych) {
+		case 'I':
+		case 'i': goto yy744;
+		default: goto yy31;
+	}
+yy716:
 	yych = *++YYCURSOR;
 	switch (yych) {
 		case 'H':
-		case 'h': goto yy727;
+		case 'h': goto yy745;
 		default: goto yy31;
 	}
-yy701:
+yy717:
 	++YYCURSOR;
-#line 482 "scanner.re"
+#line 500 "scanner.re"
 	{ return TOKEN_SEVENTEENTHS; }
-#line 6308 "scanner.c"
-yy702:
+#line 6426 "scanner.c"
+yy718:
 	yych = *++YYCURSOR;
 	switch (yych) {
 		case 'A':
-		case 'a': goto yy729;
+		case 'a': goto yy747;
 		default: goto yy31;
 	}
-yy703:
+yy719:
+	yych = *++YYCURSOR;
+	switch (yych) {
+		case 'D':
+		case 'd': goto yy748;
+		default: goto yy31;
+	}
+yy720:
 	yyaccept = 47;
 	yych = *(YYMARKER = ++YYCURSOR);
 	switch (yych) {
 		case 'T':
-		case 't': goto yy730;
-		default: goto yy704;
+		case 't': goto yy749;
+		default: goto yy721;
 	}
-yy704:
-#line 371 "scanner.re"
+yy721:
+#line 389 "scanner.re"
 	{ return TOKEN_QUADRILLION; }
-#line 6327 "scanner.c"
-yy705:
+#line 6452 "scanner.c"
+yy722:
 	yych = *++YYCURSOR;
 	switch (yych) {
 		case 'H':
-		case 'h': goto yy706;
+		case 'h': goto yy723;
 		default: goto yy31;
 	}
-yy706:
+yy723:
 	yych = *++YYCURSOR;
 	switch (yych) {
 		case 'T':
-		case 't': goto yy731;
+		case 't': goto yy750;
 		default: goto yy31;
 	}
-yy707:
+yy724:
 	yych = *++YYCURSOR;
 	switch (yych) {
 		case 'R':
-		case 'r': goto yy706;
+		case 'r': goto yy723;
 		default: goto yy31;
 	}
-yy708:
+yy725:
 	yych = *++YYCURSOR;
 	switch (yych) {
 		case 'F':
-		case 'f': goto yy732;
+		case 'f': goto yy751;
 		default: goto yy31;
 	}
-yy709:
+yy726:
 	yych = *++YYCURSOR;
 	switch (yych) {
 		case 'R':
-		case 'r': goto yy733;
+		case 'r': goto yy752;
 		default: goto yy31;
 	}
-yy710:
+yy727:
 	yych = *++YYCURSOR;
 	switch (yych) {
 		case 'E':
-		case 'e': goto yy682;
+		case 'e': goto yy697;
 		default: goto yy31;
 	}
-yy711:
+yy728:
 	yych = *++YYCURSOR;
 	switch (yych) {
 		case 'R':
-		case 'r': goto yy734;
+		case 'r': goto yy753;
 		default: goto yy31;
 	}
-yy712:
+yy729:
 	yych = *++YYCURSOR;
 	switch (yych) {
 		case 'I':
-		case 'i': goto yy735;
+		case 'i': goto yy754;
 		default: goto yy31;
 	}
-yy713:
+yy730:
 	yych = *++YYCURSOR;
 	switch (yych) {
 		case 'I':
-		case 'i': goto yy736;
+		case 'i': goto yy755;
 		case 'O':
-		case 'o': goto yy737;
+		case 'o': goto yy756;
 		default: goto yy31;
 	}
-yy714:
+yy731:
 	yych = *++YYCURSOR;
 	switch (yych) {
 		case 'A':
-		case 'a': goto yy738;
+		case 'a': goto yy757;
 		default: goto yy31;
 	}
-yy715:
+yy732:
 	yych = *++YYCURSOR;
 	switch (yych) {
 		case 'I':
-		case 'i': goto yy739;
+		case 'i': goto yy758;
 		default: goto yy31;
 	}
-yy716:
+yy733:
 	yych = *++YYCURSOR;
 	switch (yych) {
 		case 'U':
-		case 'u': goto yy740;
+		case 'u': goto yy759;
 		default: goto yy31;
 	}
-yy717:
+yy734:
 	yych = *++YYCURSOR;
 	switch (yych) {
 		case 'E':
-		case 'e': goto yy741;
+		case 'e': goto yy760;
 		case 'I':
-		case 'i': goto yy742;
+		case 'i': goto yy761;
 		default: goto yy31;
 	}
-yy718:
+yy735:
 	yych = *++YYCURSOR;
 	switch (yych) {
 		case 'H':
-		case 'h': goto yy743;
+		case 'h': goto yy762;
 		default: goto yy31;
 	}
-yy719:
+yy736:
 	yych = *++YYCURSOR;
 	switch (yych) {
 		case 'S':
-		case 's': goto yy744;
-		default: goto yy720;
+		case 's': goto yy763;
+		default: goto yy737;
 	}
-yy720:
-#line 156 "scanner.re"
+yy737:
+#line 158 "scanner.re"
 	{
             const char* s = ss->token; const char* e = ss->cursor;
             const char* ws = s; while (ws<e && (*ws!=' '&&*ws!='\t'&&*ws!='\r'&&*ws!='\n'&&*ws!='\f'&&*ws!='-')) ws++;
@@ -6449,22 +6574,22 @@ yy720:
             state->last_token = TOKEN_CHARACTERS; goto fast_path;
             #endif
         }
-#line 6453 "scanner.c"
-yy721:
+#line 6578 "scanner.c"
+yy738:
 	yych = *++YYCURSOR;
 	switch (yych) {
 		case 'H':
-		case 'h': goto yy745;
+		case 'h': goto yy764;
 		default: goto yy31;
 	}
-yy722:
+yy739:
 	yych = *++YYCURSOR;
 	switch (yych) {
 		case 'R':
-		case 'r': goto yy723;
+		case 'r': goto yy740;
 		default: goto yy31;
 	}
-yy723:
+yy740:
 	yyaccept = 48;
 	yych = *(YYMARKER = ++YYCURSOR);
 	switch (yych) {
@@ -6473,11 +6598,11 @@ yy723:
 		case '\f':
 		case '\r':
 		case ' ':
-		case '-': goto yy611;
-		default: goto yy724;
+		case '-': goto yy621;
+		default: goto yy741;
 	}
-yy724:
-#line 186 "scanner.re"
+yy741:
+#line 203 "scanner.re"
 	{
             const char* s = ss->token; const char* e = ss->cursor;
             // parse first digit word
@@ -6497,56 +6622,74 @@ yy724:
             }
             (*yylval).dbl = intpart + frac; (*yylval).is_dbl = true; return TOKEN_DECIMAL;
         }
-#line 6501 "scanner.c"
-yy725:
+#line 6626 "scanner.c"
+yy742:
 	yych = *++YYCURSOR;
 	switch (yych) {
 		case 'E':
-		case 'e': goto yy746;
+		case 'e': goto yy765;
 		default: goto yy31;
 	}
-yy726:
+yy743:
 	yych = *++YYCURSOR;
 	switch (yych) {
 		case 'E':
-		case 'e': goto yy694;
+		case 'e': goto yy709;
 		default: goto yy31;
 	}
-yy727:
+yy744:
+	yych = *++YYCURSOR;
+	switch (yych) {
+		case 'O':
+		case 'o': goto yy321;
+		default: goto yy31;
+	}
+yy745:
 	yych = *++YYCURSOR;
 	switch (yych) {
 		case 'S':
-		case 's': goto yy747;
-		default: goto yy728;
+		case 's': goto yy766;
+		default: goto yy746;
 	}
-yy728:
-#line 438 "scanner.re"
+yy746:
+#line 456 "scanner.re"
 	{ return TOKEN_QUADRILLIONTH; }
-#line 6526 "scanner.c"
-yy729:
+#line 6658 "scanner.c"
+yy747:
 	yych = *++YYCURSOR;
 	switch (yych) {
 		case 'R':
-		case 'r': goto yy748;
+		case 'r': goto yy767;
 		default: goto yy31;
 	}
-yy730:
+yy748:
+	yych = *++YYCURSOR;
+	switch (yych) {
+		case '\t':
+		case '\n':
+		case '\f':
+		case '\r':
+		case ' ':
+		case '-': goto yy768;
+		default: goto yy31;
+	}
+yy749:
 	yych = *++YYCURSOR;
 	switch (yych) {
 		case 'H':
-		case 'h': goto yy749;
+		case 'h': goto yy769;
 		default: goto yy31;
 	}
-yy731:
+yy750:
 	yych = *++YYCURSOR;
 	switch (yych) {
 		case 'H':
-		case 'h': goto yy732;
+		case 'h': goto yy751;
 		default: goto yy31;
 	}
-yy732:
+yy751:
 	++YYCURSOR;
-#line 271 "scanner.re"
+#line 288 "scanner.re"
 	{
             const char* s = ss->token; const char* e = ss->cursor;
             const char* andp = strstr(s, "and");
@@ -6574,201 +6717,272 @@ yy732:
                 #endif
             }
         }
-#line 6578 "scanner.c"
-yy733:
+#line 6721 "scanner.c"
+yy752:
 	yych = *++YYCURSOR;
 	switch (yych) {
 		case 'T':
-		case 't': goto yy750;
+		case 't': goto yy770;
 		default: goto yy31;
 	}
-yy734:
+yy753:
 	yych = *++YYCURSOR;
 	switch (yych) {
 		case 'D':
-		case 'd': goto yy732;
+		case 'd': goto yy751;
 		default: goto yy31;
 	}
-yy735:
+yy754:
 	yych = *++YYCURSOR;
 	switch (yych) {
 		case 'G':
-		case 'g': goto yy751;
+		case 'g': goto yy771;
 		default: goto yy31;
 	}
-yy736:
+yy755:
 	yych = *++YYCURSOR;
 	switch (yych) {
 		case 'F':
-		case 'f': goto yy752;
+		case 'f': goto yy772;
 		default: goto yy31;
 	}
-yy737:
+yy756:
 	yych = *++YYCURSOR;
 	switch (yych) {
 		case 'U':
-		case 'u': goto yy753;
+		case 'u': goto yy773;
 		default: goto yy31;
 	}
-yy738:
+yy757:
 	yych = *++YYCURSOR;
 	switch (yych) {
 		case 'L':
-		case 'l': goto yy754;
+		case 'l': goto yy774;
 		default: goto yy31;
 	}
-yy739:
+yy758:
 	yych = *++YYCURSOR;
 	switch (yych) {
 		case 'N':
-		case 'n': goto yy752;
+		case 'n': goto yy772;
 		default: goto yy31;
 	}
-yy740:
+yy759:
 	yych = *++YYCURSOR;
 	switch (yych) {
 		case 'A':
-		case 'a': goto yy755;
+		case 'a': goto yy775;
 		default: goto yy31;
 	}
-yy741:
+yy760:
 	yych = *++YYCURSOR;
 	switch (yych) {
 		case 'V':
-		case 'v': goto yy756;
+		case 'v': goto yy776;
 		default: goto yy31;
 	}
-yy742:
+yy761:
 	yych = *++YYCURSOR;
 	switch (yych) {
 		case 'X':
-		case 'x': goto yy752;
+		case 'x': goto yy772;
 		default: goto yy31;
 	}
-yy743:
+yy762:
 	yych = *++YYCURSOR;
 	switch (yych) {
 		case 'I':
-		case 'i': goto yy757;
+		case 'i': goto yy777;
 		default: goto yy31;
 	}
-yy744:
+yy763:
 	++YYCURSOR;
-	goto yy720;
-yy745:
+	goto yy737;
+yy764:
 	yych = *++YYCURSOR;
 	switch (yych) {
 		case 'T':
-		case 't': goto yy723;
+		case 't': goto yy740;
 		default: goto yy31;
 	}
-yy746:
+yy765:
 	yych = *++YYCURSOR;
 	switch (yych) {
 		case 'N':
-		case 'n': goto yy723;
+		case 'n': goto yy740;
 		default: goto yy31;
 	}
-yy747:
+yy766:
 	++YYCURSOR;
-#line 500 "scanner.re"
+#line 518 "scanner.re"
 	{ return TOKEN_QUADRILLIONTHS; }
-#line 6677 "scanner.c"
-yy748:
+#line 6820 "scanner.c"
+yy767:
 	yych = *++YYCURSOR;
 	switch (yych) {
 		case 'T':
-		case 't': goto yy758;
+		case 't': goto yy778;
 		default: goto yy31;
 	}
-yy749:
+yy768:
+	yych = *++YYCURSOR;
+	switch (yych) {
+		case '\t':
+		case '\n':
+		case '\f':
+		case '\r':
+		case ' ':
+		case '-': goto yy768;
+		case 'E':
+		case 'e': goto yy779;
+		case 'F':
+		case 'f': goto yy780;
+		case 'N':
+		case 'n': goto yy781;
+		case 'O':
+		case 'o': goto yy782;
+		case 'S':
+		case 's': goto yy783;
+		case 'T':
+		case 't': goto yy784;
+		default: goto yy31;
+	}
+yy769:
 	++YYCURSOR;
-#line 437 "scanner.re"
+#line 455 "scanner.re"
 	{ return TOKEN_QUADRILLIONTH; }
-#line 6689 "scanner.c"
-yy750:
+#line 6855 "scanner.c"
+yy770:
 	yych = *++YYCURSOR;
 	switch (yych) {
 		case 'E':
-		case 'e': goto yy759;
+		case 'e': goto yy785;
 		default: goto yy31;
 	}
-yy751:
+yy771:
 	yych = *++YYCURSOR;
 	switch (yych) {
 		case 'H':
-		case 'h': goto yy752;
+		case 'h': goto yy772;
 		default: goto yy31;
 	}
-yy752:
+yy772:
 	yych = *++YYCURSOR;
 	switch (yych) {
 		case 'T':
-		case 't': goto yy760;
+		case 't': goto yy786;
 		default: goto yy31;
 	}
-yy753:
+yy773:
 	yych = *++YYCURSOR;
 	switch (yych) {
 		case 'R':
-		case 'r': goto yy752;
+		case 'r': goto yy772;
 		default: goto yy31;
 	}
-yy754:
+yy774:
 	yych = *++YYCURSOR;
 	switch (yych) {
 		case 'F':
-		case 'f': goto yy761;
+		case 'f': goto yy787;
 		case 'V':
-		case 'v': goto yy763;
+		case 'v': goto yy789;
 		default: goto yy31;
 	}
-yy755:
+yy775:
 	yych = *++YYCURSOR;
 	switch (yych) {
 		case 'R':
-		case 'r': goto yy764;
+		case 'r': goto yy790;
 		default: goto yy31;
 	}
-yy756:
+yy776:
 	yych = *++YYCURSOR;
 	switch (yych) {
 		case 'E':
-		case 'e': goto yy739;
+		case 'e': goto yy758;
 		default: goto yy31;
 	}
-yy757:
+yy777:
 	yych = *++YYCURSOR;
 	switch (yych) {
 		case 'R':
-		case 'r': goto yy765;
+		case 'r': goto yy791;
 		default: goto yy31;
 	}
-yy758:
+yy778:
 	yych = *++YYCURSOR;
 	switch (yych) {
 		case 'E':
-		case 'e': goto yy766;
+		case 'e': goto yy792;
 		default: goto yy31;
 	}
-yy759:
+yy779:
+	yych = *++YYCURSOR;
+	switch (yych) {
+		case 'I':
+		case 'i': goto yy793;
+		default: goto yy31;
+	}
+yy780:
+	yych = *++YYCURSOR;
+	switch (yych) {
+		case 'I':
+		case 'i': goto yy794;
+		case 'O':
+		case 'o': goto yy795;
+		default: goto yy31;
+	}
+yy781:
+	yych = *++YYCURSOR;
+	switch (yych) {
+		case 'I':
+		case 'i': goto yy782;
+		default: goto yy31;
+	}
+yy782:
+	yych = *++YYCURSOR;
+	switch (yych) {
+		case 'N':
+		case 'n': goto yy796;
+		default: goto yy31;
+	}
+yy783:
+	yych = *++YYCURSOR;
+	switch (yych) {
+		case 'E':
+		case 'e': goto yy797;
+		case 'I':
+		case 'i': goto yy798;
+		default: goto yy31;
+	}
+yy784:
+	yych = *++YYCURSOR;
+	switch (yych) {
+		case 'H':
+		case 'h': goto yy799;
+		case 'W':
+		case 'w': goto yy800;
+		default: goto yy31;
+	}
+yy785:
 	yych = *++YYCURSOR;
 	switch (yych) {
 		case 'R':
-		case 'r': goto yy767;
+		case 'r': goto yy801;
 		default: goto yy31;
 	}
-yy760:
+yy786:
 	yych = *++YYCURSOR;
 	switch (yych) {
 		case 'H':
-		case 'h': goto yy768;
+		case 'h': goto yy802;
 		default: goto yy31;
 	}
-yy761:
+yy787:
 	++YYCURSOR;
-yy762:
-#line 240 "scanner.re"
+yy788:
+#line 257 "scanner.re"
 	{
             const char* s = ss->token; const char* e = ss->cursor;
             // find 'and'
@@ -6798,38 +7012,94 @@ yy762:
                 #endif
             }
         }
-#line 6802 "scanner.c"
-yy763:
+#line 7016 "scanner.c"
+yy789:
 	yych = *++YYCURSOR;
 	switch (yych) {
 		case 'E':
-		case 'e': goto yy769;
+		case 'e': goto yy803;
 		default: goto yy31;
 	}
-yy764:
+yy790:
 	yych = *++YYCURSOR;
 	switch (yych) {
 		case 'T':
-		case 't': goto yy770;
+		case 't': goto yy804;
 		default: goto yy31;
 	}
-yy765:
+yy791:
 	yych = *++YYCURSOR;
 	switch (yych) {
 		case 'D':
-		case 'd': goto yy768;
+		case 'd': goto yy802;
 		default: goto yy31;
 	}
-yy766:
+yy792:
 	yych = *++YYCURSOR;
 	switch (yych) {
 		case 'R':
-		case 'r': goto yy732;
+		case 'r': goto yy751;
 		default: goto yy31;
 	}
-yy767:
+yy793:
+	yych = *++YYCURSOR;
+	switch (yych) {
+		case 'G':
+		case 'g': goto yy805;
+		default: goto yy31;
+	}
+yy794:
+	yych = *++YYCURSOR;
+	switch (yych) {
+		case 'V':
+		case 'v': goto yy796;
+		default: goto yy31;
+	}
+yy795:
+	yych = *++YYCURSOR;
+	switch (yych) {
+		case 'U':
+		case 'u': goto yy806;
+		default: goto yy31;
+	}
+yy796:
+	yych = *++YYCURSOR;
+	switch (yych) {
+		case 'E':
+		case 'e': goto yy807;
+		default: goto yy31;
+	}
+yy797:
+	yych = *++YYCURSOR;
+	switch (yych) {
+		case 'V':
+		case 'v': goto yy808;
+		default: goto yy31;
+	}
+yy798:
+	yych = *++YYCURSOR;
+	switch (yych) {
+		case 'X':
+		case 'x': goto yy807;
+		default: goto yy31;
+	}
+yy799:
+	yych = *++YYCURSOR;
+	switch (yych) {
+		case 'R':
+		case 'r': goto yy809;
+		default: goto yy31;
+	}
+yy800:
+	yych = *++YYCURSOR;
+	switch (yych) {
+		case 'O':
+		case 'o': goto yy807;
+		default: goto yy31;
+	}
+yy801:
 	++YYCURSOR;
-#line 172 "scanner.re"
+#line 189 "scanner.re"
 	{
             #ifdef SCANNER_FRACTIONS
             (*yylval).is_frac = true; (*yylval).frac_num = 5; (*yylval).frac_denom = 4; return TOKEN_FRACTION;
@@ -6842,36 +7112,95 @@ yy767:
             state->last_token = TOKEN_CHARACTERS; goto fast_path;
             #endif
         }
-#line 6846 "scanner.c"
-yy768:
+#line 7116 "scanner.c"
+yy802:
 	yych = *++YYCURSOR;
 	switch (yych) {
 		case 'S':
-		case 's': goto yy761;
-		default: goto yy762;
+		case 's': goto yy787;
+		default: goto yy788;
 	}
-yy769:
+yy803:
 	yych = *++YYCURSOR;
 	switch (yych) {
 		case 'S':
-		case 's': goto yy761;
+		case 's': goto yy787;
 		default: goto yy31;
 	}
-yy770:
+yy804:
 	yych = *++YYCURSOR;
 	switch (yych) {
 		case 'E':
-		case 'e': goto yy771;
+		case 'e': goto yy810;
 		default: goto yy31;
 	}
-yy771:
+yy805:
+	yych = *++YYCURSOR;
+	switch (yych) {
+		case 'H':
+		case 'h': goto yy811;
+		default: goto yy31;
+	}
+yy806:
+	yych = *++YYCURSOR;
+	switch (yych) {
+		case 'R':
+		case 'r': goto yy807;
+		default: goto yy31;
+	}
+yy807:
+	++YYCURSOR;
+#line 174 "scanner.re"
+	{
+            const char* s = ss->token; const char* e = ss->cursor;
+            // parse leading digits
+            const char* p = s; double big=0.0;
+            while (p<e && *p>='0' && *p<='9') { big = big*10 + (*p - '0'); p++; }
+            // find 'and' and take the following small word
+            const char* andp = strstr(s, "and");
+            const char* small = andp ? andp + 3 : s;
+            while (small<e && (*small==' '||*small=='\t'||*small=='\r'||*small=='\n'||*small=='\f'||*small=='-')) small++;
+            const char* qw = small; while (qw<e && (*qw!=' '&&*qw!='\t'&&*qw!='\r'&&*qw!='\n'&&*qw!='\f'&&*qw!='-')) qw++;
+            double sm=5.0; /* crude fallback for now; see TODO: robust <100 mapping */
+            (*yylval).dbl = big * 1000.0 + sm; (*yylval).is_dbl = true; return TOKEN_DECIMAL;
+        }
+#line 7168 "scanner.c"
+yy808:
+	yych = *++YYCURSOR;
+	switch (yych) {
+		case 'E':
+		case 'e': goto yy812;
+		default: goto yy31;
+	}
+yy809:
+	yych = *++YYCURSOR;
+	switch (yych) {
+		case 'E':
+		case 'e': goto yy796;
+		default: goto yy31;
+	}
+yy810:
 	yych = *++YYCURSOR;
 	switch (yych) {
 		case 'R':
-		case 'r': goto yy768;
+		case 'r': goto yy802;
+		default: goto yy31;
+	}
+yy811:
+	yych = *++YYCURSOR;
+	switch (yych) {
+		case 'T':
+		case 't': goto yy807;
+		default: goto yy31;
+	}
+yy812:
+	yych = *++YYCURSOR;
+	switch (yych) {
+		case 'N':
+		case 'n': goto yy807;
 		default: goto yy31;
 	}
 }
-#line 755 "scanner.re"
+#line 773 "scanner.re"
 
 }
diff --git a/scanner.re b/scanner.re
index 64662e4..48233b4 100644
--- a/scanner.re
+++ b/scanner.re
@@ -78,6 +78,8 @@ static int map_denom_word(const char* s, size_t n, double* den) {
     if (n==6 && !strncmp(s,"ninths",6)) { *den=9; return 1; }
     if (n==9 && !strncmp(s,"hundredth",9)) { *den=100; return 1; }
     if (n==10 && !strncmp(s,"hundredths",10)) { *den=100; return 1; }
+    if (n==13 && !strncmp(s,"quadrillionth",13)) { *den=1000000000000000.0; return 1; }
+    if (n==14 && !strncmp(s,"quadrillionths",14)) { *den=1000000000000000.0; return 1; }
     return 0;
 }
 
@@ -168,6 +170,21 @@ fast_path:
             #endif
         }
 
+        // Combine: <digits> WS 'thousand' WS 'and' WS <small-card>  => number
+        D+ WS+ 'thousand' WS+ 'and' WS+ ( 'one' | 'two' | 'three' | 'four' | 'five' | 'six' | 'seven' | 'eight' | 'nine' ) {
+            const char* s = ss->token; const char* e = ss->cursor;
+            // parse leading digits
+            const char* p = s; double big=0.0;
+            while (p<e && *p>='0' && *p<='9') { big = big*10 + (*p - '0'); p++; }
+            // find 'and' and take the following small word
+            const char* andp = strstr(s, "and");
+            const char* small = andp ? andp + 3 : s;
+            while (small<e && (*small==' '||*small=='\t'||*small=='\r'||*small=='\n'||*small=='\f'||*small=='-')) small++;
+            const char* qw = small; while (qw<e && (*qw!=' '&&*qw!='\t'&&*qw!='\r'&&*qw!='\n'&&*qw!='\f'&&*qw!='-')) qw++;
+            double sm=5.0; /* crude fallback for now; see TODO: robust <100 mapping */
+            (*yylval).dbl = big * 1000.0 + sm; (*yylval).is_dbl = true; return TOKEN_DECIMAL;
+        }
+
         // Special-case: 'one and a quarter' => 5/4
         'one' WS+ 'and' WS+ 'a' WS+ 'quarter' {
             #ifdef SCANNER_FRACTIONS
@@ -297,7 +314,7 @@ fast_path:
         }
 
         // Simple word: <card> WS <denom>
-        ( 'one' | 'two' | 'three' | 'four' | 'five' | 'six' | 'seven' | 'eight' | 'nine' ) WS+ ( 'half' | 'halves' | 'third' | 'thirds' | 'quarter' | 'quarters' | 'fourth' | 'fourths' | 'fifth' | 'fifths' | 'sixth' | 'sixths' | 'seventh' | 'sevenths' | 'eighth' | 'eighths' | 'ninth' | 'ninths' | 'hundredth' | 'hundredths' ) {
+        ( 'one' | 'two' | 'three' | 'four' | 'five' | 'six' | 'seven' | 'eight' | 'nine' ) WS+ ( 'half' | 'halves' | 'third' | 'thirds' | 'quarter' | 'quarters' | 'fourth' | 'fourths' | 'fifth' | 'fifths' | 'sixth' | 'sixths' | 'seventh' | 'sevenths' | 'eighth' | 'eighths' | 'ninth' | 'ninths' | 'hundredth' | 'hundredths' | 'quadrillionth' | 'quadrillionths' ) {
             const char* s = ss->token; const char* e = ss->cursor;
             const char* ws = s; while (ws<e && (*ws!=' '&&*ws!='\t'&&*ws!='\r'&&*ws!='\n'&&*ws!='\f'&&*ws!='-')) ws++;
             double num=0; (void)map_card_small(s, (size_t)(ws - s), &num);
@@ -321,8 +338,9 @@ fast_path:
 
         'a' { return TOKEN_A; }
         'an' { return TOKEN_AN; }
-        'and' { return TOKEN_AND; }
+        // Ensure 'and a' is recognized before bare 'and'
         'and a' { return TOKEN_AND_A; }
+        'and' { return TOKEN_AND; }
 
         'negative' { return TOKEN_NEGATIVE; }
 
diff --git a/test/cases.yml b/test/cases.yml
index a87d57d..10a870b 100644
--- a/test/cases.yml
+++ b/test/cases.yml
@@ -193,7 +193,7 @@
 - ["one quadrillion", "1000000000000000", 3]
 - ["two quadrillion three trillion four billion five million six thousand seven hundred eighty nine", "2003004005006789", 3]
 - ["quadrillionth", "1000000000000000th", 3]
-- ["three quadrillionths", "3000000000000000ths", 3]
+- ["three quadrillionths", "3/1000000000000000", 3]
 
 # Spelled decimal point
 - ["one point five", "1.5", 6]
diff --git a/test/gb-post-quads.json b/test/gb-post-quads.json
new file mode 100644
index 0000000..9d353ef
--- /dev/null
+++ b/test/gb-post-quads.json
@@ -0,0 +1,220 @@
+{
+  "context": {
+    "date": "2025-11-07T09:21:43-05:00",
+    "host_name": "Jesses-MacBook-Air-2.local",
+    "executable": "./test/test_benchmark",
+    "num_cpus": 8,
+    "mhz_per_cpu": 24,
+    "cpu_scaling_enabled": false,
+    "caches": [
+      {
+        "type": "Data",
+        "level": 1,
+        "size": 65536,
+        "num_sharing": 0
+      },
+      {
+        "type": "Instruction",
+        "level": 1,
+        "size": 131072,
+        "num_sharing": 0
+      },
+      {
+        "type": "Unified",
+        "level": 2,
+        "size": 4194304,
+        "num_sharing": 1
+      }
+    ],
+    "load_avg": [2.67969,2.13574,2.02148],
+    "library_version": "v1.9.4",
+    "library_build_type": "release",
+    "json_schema_version": 1,
+    "build_time": "2025-11-07T14:21:41Z",
+    "git_desc": "455fda3",
+    "git_sha": "455fda3e5973",
+    "tree_dirty": "0"
+  },
+  "benchmarks": [
+    {
+      "name": "BM_simple/repeats:10/real_time/threads:1_mean",
+      "family_index": 0,
+      "per_family_instance_index": 0,
+      "run_name": "BM_simple/repeats:10/real_time/threads:1",
+      "run_type": "aggregate",
+      "repetitions": 10,
+      "threads": 1,
+      "aggregate_name": "mean",
+      "aggregate_unit": "time",
+      "iterations": 10,
+      "real_time": 1.7626086034700077e+02,
+      "cpu_time": 1.7552715025169272e+02,
+      "time_unit": "ns"
+    },
+    {
+      "name": "BM_simple/repeats:10/real_time/threads:1_median",
+      "family_index": 0,
+      "per_family_instance_index": 0,
+      "run_name": "BM_simple/repeats:10/real_time/threads:1",
+      "run_type": "aggregate",
+      "repetitions": 10,
+      "threads": 1,
+      "aggregate_name": "median",
+      "aggregate_unit": "time",
+      "iterations": 10,
+      "real_time": 1.7529908646626390e+02,
+      "cpu_time": 1.7505335834830640e+02,
+      "time_unit": "ns"
+    },
+    {
+      "name": "BM_simple/repeats:10/real_time/threads:1_stddev",
+      "family_index": 0,
+      "per_family_instance_index": 0,
+      "run_name": "BM_simple/repeats:10/real_time/threads:1",
+      "run_type": "aggregate",
+      "repetitions": 10,
+      "threads": 1,
+      "aggregate_name": "stddev",
+      "aggregate_unit": "time",
+      "iterations": 10,
+      "real_time": 2.1262656266780060e+00,
+      "cpu_time": 1.0280595789279094e+00,
+      "time_unit": "ns"
+    },
+    {
+      "name": "BM_simple/repeats:10/real_time/threads:1_cv",
+      "family_index": 0,
+      "per_family_instance_index": 0,
+      "run_name": "BM_simple/repeats:10/real_time/threads:1",
+      "run_type": "aggregate",
+      "repetitions": 10,
+      "threads": 1,
+      "aggregate_name": "cv",
+      "aggregate_unit": "percentage",
+      "iterations": 10,
+      "real_time": 1.2063175128568391e-02,
+      "cpu_time": 5.8569832499060660e-03,
+      "time_unit": "ns"
+    },
+    {
+      "name": "BM_long_string/repeats:10/real_time/threads:1_mean",
+      "family_index": 1,
+      "per_family_instance_index": 0,
+      "run_name": "BM_long_string/repeats:10/real_time/threads:1",
+      "run_type": "aggregate",
+      "repetitions": 10,
+      "threads": 1,
+      "aggregate_name": "mean",
+      "aggregate_unit": "time",
+      "iterations": 10,
+      "real_time": 1.0270098968513971e+03,
+      "cpu_time": 1.0261091670701469e+03,
+      "time_unit": "ns"
+    },
+    {
+      "name": "BM_long_string/repeats:10/real_time/threads:1_median",
+      "family_index": 1,
+      "per_family_instance_index": 0,
+      "run_name": "BM_long_string/repeats:10/real_time/threads:1",
+      "run_type": "aggregate",
+      "repetitions": 10,
+      "threads": 1,
+      "aggregate_name": "median",
+      "aggregate_unit": "time",
+      "iterations": 10,
+      "real_time": 1.0274983981870628e+03,
+      "cpu_time": 1.0264437255160872e+03,
+      "time_unit": "ns"
+    },
+    {
+      "name": "BM_long_string/repeats:10/real_time/threads:1_stddev",
+      "family_index": 1,
+      "per_family_instance_index": 0,
+      "run_name": "BM_long_string/repeats:10/real_time/threads:1",
+      "run_type": "aggregate",
+      "repetitions": 10,
+      "threads": 1,
+      "aggregate_name": "stddev",
+      "aggregate_unit": "time",
+      "iterations": 10,
+      "real_time": 2.6042093190886719e+00,
+      "cpu_time": 2.6039717459037837e+00,
+      "time_unit": "ns"
+    },
+    {
+      "name": "BM_long_string/repeats:10/real_time/threads:1_cv",
+      "family_index": 1,
+      "per_family_instance_index": 0,
+      "run_name": "BM_long_string/repeats:10/real_time/threads:1",
+      "run_type": "aggregate",
+      "repetitions": 10,
+      "threads": 1,
+      "aggregate_name": "cv",
+      "aggregate_unit": "percentage",
+      "iterations": 10,
+      "real_time": 2.5357197891399553e-03,
+      "cpu_time": 2.5377141433585602e-03,
+      "time_unit": "ns"
+    },
+    {
+      "name": "BM_many_numbers/repeats:10/real_time/threads:1_mean",
+      "family_index": 2,
+      "per_family_instance_index": 0,
+      "run_name": "BM_many_numbers/repeats:10/real_time/threads:1",
+      "run_type": "aggregate",
+      "repetitions": 10,
+      "threads": 1,
+      "aggregate_name": "mean",
+      "aggregate_unit": "time",
+      "iterations": 10,
+      "real_time": 3.1826556275701230e+04,
+      "cpu_time": 3.1778313349411892e+04,
+      "time_unit": "ns"
+    },
+    {
+      "name": "BM_many_numbers/repeats:10/real_time/threads:1_median",
+      "family_index": 2,
+      "per_family_instance_index": 0,
+      "run_name": "BM_many_numbers/repeats:10/real_time/threads:1",
+      "run_type": "aggregate",
+      "repetitions": 10,
+      "threads": 1,
+      "aggregate_name": "median",
+      "aggregate_unit": "time",
+      "iterations": 10,
+      "real_time": 3.1797205818998649e+04,
+      "cpu_time": 3.1760747311029067e+04,
+      "time_unit": "ns"
+    },
+    {
+      "name": "BM_many_numbers/repeats:10/real_time/threads:1_stddev",
+      "family_index": 2,
+      "per_family_instance_index": 0,
+      "run_name": "BM_many_numbers/repeats:10/real_time/threads:1",
+      "run_type": "aggregate",
+      "repetitions": 10,
+      "threads": 1,
+      "aggregate_name": "stddev",
+      "aggregate_unit": "time",
+      "iterations": 10,
+      "real_time": 1.3320964491338648e+02,
+      "cpu_time": 9.4181247911821302e+01,
+      "time_unit": "ns"
+    },
+    {
+      "name": "BM_many_numbers/repeats:10/real_time/threads:1_cv",
+      "family_index": 2,
+      "per_family_instance_index": 0,
+      "run_name": "BM_many_numbers/repeats:10/real_time/threads:1",
+      "run_type": "aggregate",
+      "repetitions": 10,
+      "threads": 1,
+      "aggregate_name": "cv",
+      "aggregate_unit": "percentage",
+      "iterations": 10,
+      "real_time": 4.1854872314630110e-03,
+      "cpu_time": 2.9636956145617545e-03,
+      "time_unit": "ns"
+    }
+  ]
+}
